Date,Temp_Mean,Temp_Min,Temp_Max,Apparent_Temp,Humidity,Wind_Speed,Pressure,Visibility,Year,Month,Season
2005-12-31,0.5777777777777773,0.5777777777777773,0.5777777777777773,-4.05,0.89,17.114300000000004,1016.66,9.982,2005,12,Winter
2006-01-01,4.075,1.161111111111113,7.438888888888889,-0.17453703703703724,0.8170833333333333,21.22919166666667,1011.985,11.3484875,2006,1,Winter
2006-01-02,5.263194444444444,1.6944444444444429,7.505555555555554,1.8087962962962967,0.8470833333333334,17.8247125,1010.3841666666667,8.492079166666668,2006,1,Winter
2006-01-03,2.34050925925926,1.6666666666666667,2.8999999999999995,0.4453703703703702,0.8970833333333333,7.726658333333333,1021.1708333333332,9.223958333333334,2006,1,Winter
2006-01-04,2.2518518518518524,1.6666666666666667,2.811111111111112,-0.6631944444444442,0.9066666666666667,12.152816666666666,1022.7845833333334,8.352545833333334,2006,1,Winter
2006-01-05,2.703935185185186,1.161111111111113,3.938888888888891,0.4458333333333336,0.95125,8.991179166666667,1017.90125,4.308091666666667,2006,1,Winter
2006-01-06,2.5504629629629636,2.2222222222222223,2.82777777777778,1.2312500000000004,0.9458333333333333,5.7295875,1023.6458333333334,4.635458333333333,2006,1,Winter
2006-01-07,0.8770833333333333,-1.0166666666666655,2.2666666666666657,-0.7497685185185182,0.9358333333333334,6.589595833333334,1030.2237499999999,4.585816666666667,2006,1,Winter
2006-01-08,-1.2317129629629633,-4.933333333333333,2.683333333333332,-2.8050925925925925,0.86875,5.397525000000001,1035.48125,8.694670833333333,2006,1,Winter
2006-01-09,-1.693287037037037,-6.205555555555557,2.294444444444446,-2.8400462962962965,0.7925,5.1137625,1034.5425,8.891225,2006,1,Winter
2006-01-10,-0.5326388888888888,-2.8888888888888884,2.92777777777778,-0.7606481481481482,0.8145833333333333,3.779475,1028.8320833333335,7.562304166666667,2006,1,Winter
2006-01-11,-1.392361111111111,-4.761111111111111,1.2055555555555566,-2.270601851851852,0.89875,5.115775,1032.3708333333334,3.745933333333334,2006,1,Winter
2006-01-12,-0.34189814814814795,-1.5722222222222213,1.183333333333335,-1.140509259259259,0.8841666666666667,4.613991666666667,1035.07625,4.045125,2006,1,Winter
2006-01-13,-0.3571759259259253,-1.1055555555555547,0.2500000000000015,-2.362731481481481,0.9237500000000001,6.6110625,1037.4929166666666,2.6061875000000003,2006,1,Winter
2006-01-14,-1.1347222222222222,-4.3277777777777775,-0.0888888888888889,-3.4120370370370368,0.8937499999999999,6.8284125,1037.0654166666666,5.526995833333334,2006,1,Winter
2006-01-15,-3.135648148148148,-5.322222222222221,-2.0111111111111115,-5.774074074074075,0.8575,7.3382458333333345,1036.4783333333332,7.837345833333334,2006,1,Winter
2006-01-16,-3.639814814814814,-4.3277777777777775,-2.755555555555556,-3.639814814814814,0.8183333333333334,2.543129166666667,1031.5133333333333,9.799533333333335,2006,1,Winter
2006-01-17,-3.7761574074074074,-4.905555555555555,-2.144444444444444,-8.27037037037037,0.8954166666666667,12.578125,1024.19,5.362641666666668,2006,1,Winter
2006-01-18,1.9729166666666667,-0.5999999999999991,3.888888888888889,-1.3240740740740742,0.9275000000000001,12.553975000000001,1007.4770833333333,6.258204166666666,2006,1,Winter
2006-01-19,-1.2391203703703706,-5.444444444444445,2.2666666666666657,-6.084722222222222,0.7941666666666666,17.628829166666666,1019.7545833333334,11.276708333333334,2006,1,Winter
2006-01-20,-2.145601851851852,-5.488888888888888,0.1555555555555562,-4.600925925925925,0.8312499999999999,7.944679166666667,1026.86375,10.983554166666666,2006,1,Winter
2006-01-21,0.7363425925925923,-2.727777777777778,6.199999999999998,-1.4888888888888887,0.8604166666666666,7.846737500000001,1020.5500000000001,9.97395,2006,1,Winter
2006-01-22,-2.965509259259259,-11.533333333333331,2.205555555555555,-8.841435185185185,0.8020833333333334,20.473833333333335,1024.99125,11.066066666666666,2006,1,Winter
2006-01-23,-11.469444444444443,-12.733333333333334,-10.0,-18.281944444444445,0.6816666666666666,15.694145833333335,1038.81375,12.421149999999999,2006,1,Winter
2006-01-24,-10.83472222222222,-14.033333333333331,-7.127777777777776,-12.575925925925924,0.7816666666666667,4.704554166666667,1043.5145833333333,11.112354166666668,2006,1,Winter
2006-01-25,-9.775462962962964,-14.088888888888889,-4.949999999999999,-11.40486111111111,0.7845833333333333,4.5985625,1033.6266666666668,8.248566666666667,2006,1,Winter
2006-01-26,-7.934722222222223,-12.377777777777778,-2.783333333333334,-12.077083333333334,0.7075,9.180354166666667,1028.1845833333334,10.9218375,2006,1,Winter
2006-01-27,-6.629166666666666,-13.544444444444444,-0.1611111111111106,-8.997685185185185,0.6887500000000001,6.3823083333333335,1031.5804166666667,9.570779166666666,2006,1,Winter
2006-01-28,-3.4930555555555554,-10.072222222222225,0.1111111111111126,-4.881481481481481,0.7158333333333333,5.2714083333333335,1031.7954166666666,8.2432,2006,1,Winter
2006-01-29,0.48402777777777795,-2.6333333333333324,5.166666666666665,-2.18425925925926,0.6808333333333333,8.847620833333334,1031.14375,7.895708333333334,2006,1,Winter
2006-01-30,-0.11712962962962947,-1.722222222222223,1.15,-1.5138888888888886,0.78375,5.685983333333334,1029.2675,6.829083333333334,2006,1,Winter
2006-01-31,-1.432175925925926,-2.4000000000000004,-0.0055555555555564,-4.195601851851852,0.8845833333333334,8.744312500000001,1023.7208333333333,4.8964125,2006,1,Winter
2006-02-01,-1.9511574074074074,-2.7444444444444454,-0.0333333333333326,-3.985648148148148,0.8641666666666666,6.619783333333334,1024.91375,5.037958333333333,2006,2,Winter
2006-02-02,-3.4657407407407406,-4.861111111111111,-2.7999999999999994,-5.094212962962962,0.9141666666666667,5.485404166666666,1020.4925,2.797375,2006,2,Winter
2006-02-03,-3.4025462962962956,-4.883333333333333,-2.244444444444444,-4.517592592592592,0.7912500000000001,3.9210208333333334,1019.5541666666667,5.284154166666667,2006,2,Winter
2006-02-04,-3.7203703703703703,-4.855555555555554,-2.7999999999999994,-6.902314814814814,0.8095833333333333,7.9258958333333345,1022.59125,4.495925000000001,2006,2,Winter
2006-02-05,-5.609953703703703,-8.77222222222222,-2.116666666666666,-10.66111111111111,0.6979166666666666,14.9951375,1027.5525,8.887870833333332,2006,2,Winter
2006-02-06,-7.019907407407408,-11.083333333333334,-2.2222222222222223,-12.766435185185186,0.6679166666666667,15.305733333333334,1026.9424999999999,11.863016666666667,2006,2,Winter
2006-02-07,-5.681712962962963,-13.927777777777775,-1.0888888888888897,-9.753935185185187,0.6454166666666666,12.839079166666666,1022.2595833333334,10.632037500000001,2006,2,Winter
2006-02-08,-1.7069444444444442,-4.355555555555556,0.0944444444444453,-5.58287037037037,0.9029166666666667,11.182791666666667,1011.0233333333334,6.056283333333334,2006,2,Winter
2006-02-09,-1.2187500000000002,-2.9611111111111104,2.2666666666666657,-4.547916666666667,0.9316666666666666,9.786116666666667,1007.1333333333333,2.4941583333333335,2006,2,Winter
2006-02-10,-1.3437500000000002,-2.805555555555556,0.4833333333333319,-2.593055555555556,0.9716666666666667,5.1781625,1012.2904166666667,0.6621125,2006,2,Winter
2006-02-11,-1.3381944444444445,-4.261111111111112,1.1388888888888873,-3.820138888888889,0.9254166666666667,8.172091666666667,1019.0004166666666,4.4415875,2006,2,Winter
2006-02-12,-1.2958333333333336,-4.661111111111111,2.2666666666666657,-5.406481481481482,0.8145833333333333,13.165104166666667,1023.0308333333334,10.4328,2006,2,Winter
2006-02-13,-2.424537037037037,-4.966666666666667,1.1388888888888873,-5.0502314814814815,0.7991666666666667,8.093604166666667,1023.25375,10.007491666666667,2006,2,Winter
2006-02-14,-1.0837962962962966,-3.75,1.9722222222222203,-2.432175925925926,0.8595833333333333,5.3834375,1023.7712500000001,6.453416666666667,2006,2,Winter
2006-02-15,-1.7689814814814815,-4.888888888888889,0.5111111111111121,-5.259027777777778,0.92125,11.876433333333333,1019.5629166666666,3.2911083333333333,2006,2,Winter
2006-02-16,1.9944444444444447,-0.4888888888888883,3.405555555555557,-2.5453703703703705,0.9512499999999999,19.274383333333336,1002.6304166666667,2.728279166666667,2006,2,Winter
2006-02-17,3.7356481481481487,0.6666666666666683,7.611111111111112,0.9331018518518516,0.9408333333333334,12.562025,1001.8825,8.419629166666667,2006,2,Winter
2006-02-18,5.8939814814814815,0.5999999999999991,12.261111111111113,3.5543981481481484,0.8170833333333333,14.577879166666667,1010.8429166666666,11.822095833333334,2006,2,Winter
2006-02-19,7.663425925925925,1.761111111111112,14.02777777777778,5.844212962962963,0.7370833333333334,11.577241666666666,1012.1066666666667,12.223925000000001,2006,2,Winter
2006-02-20,8.063657407407408,2.361111111111111,14.083333333333334,6.05162037037037,0.7729166666666667,15.804833333333335,1010.90625,11.689941666666668,2006,2,Winter
2006-02-21,7.004166666666666,3.838888888888887,11.25,5.686342592592593,0.8908333333333333,9.006608333333334,1011.2179166666666,8.6779,2006,2,Winter
2006-02-22,4.846990740740741,0.6444444444444426,7.711111111111112,2.6814814814814816,0.8562500000000001,9.818316666666666,1018.2941666666667,9.502354166666667,2006,2,Winter
2006-02-23,1.9636574074074076,-0.0999999999999998,4.366666666666666,-0.47407407407407387,0.8566666666666666,10.479758333333335,1020.7108333333334,8.742970833333333,2006,2,Winter
2006-02-24,3.3557870370370364,1.1333333333333329,5.972222222222222,-0.6622685185185185,0.8808333333333334,18.148054166666668,1014.7454166666666,10.058475,2006,2,Winter
2006-02-25,1.7509259259259256,0.5777777777777773,2.7333333333333343,0.859722222222222,0.9345833333333333,5.1540125,1012.4333333333334,6.549345833333334,2006,2,Winter
2006-02-26,0.588425925925926,-1.7388888888888885,2.6722222222222234,-2.890509259259259,0.9075000000000001,12.054875000000001,1009.6595833333334,6.394383333333334,2006,2,Winter
2006-02-27,-2.0777777777777775,-4.038888888888888,0.1111111111111126,-5.993981481481481,0.7591666666666667,14.2464875,1004.3433333333332,10.391879166666667,2006,2,Winter
2006-02-28,-3.582175925925926,-4.905555555555555,-2.2277777777777787,-8.411574074074073,0.7954166666666667,14.161962500000001,1006.19625,7.68775,2006,2,Winter
2006-03-01,-2.5400462962962957,-7.566666666666667,2.433333333333335,-6.679166666666666,0.8420833333333334,12.371508333333333,1008.6883333333334,8.739616666666667,2006,3,Spring
2006-03-02,-1.770138888888889,-5.072222222222221,2.2000000000000006,-4.858564814814815,0.8766666666666666,9.719704166666668,1008.0779166666666,6.5587375,2006,3,Spring
2006-03-03,-0.6562500000000001,-10.1,5.022222222222222,-4.815509259259259,0.8020833333333334,15.353362500000001,1009.7800000000001,10.204045833333334,2006,3,Spring
2006-03-04,7.493981481481481,3.4999999999999982,11.02777777777778,4.509722222222223,0.75875,22.906275000000004,999.3445833333334,12.372179166666667,2006,3,Spring
2006-03-05,2.7493055555555554,-0.5333333333333338,8.88888888888889,-1.2432870370370368,0.9079166666666666,17.3075,996.8929166666667,8.1083625,2006,3,Spring
2006-03-06,-1.0752314814814814,-2.994444444444445,0.1999999999999996,-5.250925925925926,0.8583333333333334,12.843104166666668,1010.28375,6.577520833333334,2006,3,Spring
2006-03-07,-0.9900462962962964,-3.111111111111112,2.1722222222222203,-6.129166666666666,0.6741666666666667,18.336558333333333,1012.9491666666667,11.244508333333334,2006,3,Spring
2006-03-08,-1.2423611111111112,-4.238888888888888,2.7999999999999994,-4.697222222222222,0.68125,12.281616666666666,1017.0233333333334,10.932570833333335,2006,3,Spring
2006-03-09,0.5631944444444442,-4.383333333333334,2.6500000000000017,-4.314120370370371,0.7529166666666667,19.521250000000002,1010.6433333333333,10.069208333333334,2006,3,Spring
2006-03-10,4.463425925925926,2.2666666666666657,6.333333333333332,2.1097222222222225,0.8745833333333333,10.656858333333334,1005.2154166666666,9.105220833333334,2006,3,Spring
2006-03-11,4.631944444444445,1.594444444444443,7.872222222222224,2.4717592592592594,0.8541666666666666,10.195995833333333,1002.85125,8.044633333333334,2006,3,Spring
2006-03-12,2.685185185185185,-0.3055555555555559,7.022222222222222,-2.2354166666666666,0.7925,26.07126666666667,1009.5391666666666,9.232008333333333,2006,3,Spring
2006-03-13,-1.4967592592592593,-2.2000000000000006,-0.0444444444444434,-8.533564814814815,0.9049999999999999,31.3285875,1015.63625,4.278575,2006,3,Spring
2006-03-14,-0.17361111111111083,-2.105555555555555,1.1166666666666656,-4.509722222222222,0.8591666666666667,14.795900000000001,1019.1441666666666,6.264241666666667,2006,3,Spring
2006-03-15,1.210185185185185,-1.1111111111111112,3.733333333333333,0.04236111111111124,0.7970833333333333,5.3029375,1020.9083333333333,8.459879166666667,2006,3,Spring
2006-03-16,2.777083333333334,-0.0222222222222217,7.083333333333333,2.423842592592593,0.8116666666666666,3.7298333333333336,1021.225,4.858175,2006,3,Spring
2006-03-17,3.309259259259259,1.161111111111113,6.122222222222224,1.5203703703703704,0.8570833333333333,8.141904166666666,1019.8299999999999,7.765566666666667,2006,3,Spring
2006-03-18,3.272916666666667,1.1333333333333329,5.172222222222223,2.8328703703703706,0.8345833333333333,4.3865791666666665,1019.3762499999999,9.547970833333334,2006,3,Spring
2006-03-19,3.775,0.0944444444444453,7.872222222222224,2.2509259259259258,0.7879166666666667,7.3892291666666665,1015.8820833333333,8.6135,2006,3,Spring
2006-03-20,5.810185185185186,-1.1777777777777785,12.916666666666666,4.137731481481482,0.74375,11.301529166666667,1011.1770833333334,8.316320833333334,2006,3,Spring
2006-03-21,9.02962962962963,1.25,16.083333333333332,7.932407407407408,0.7133333333333334,12.965866666666665,1009.295,10.8936625,2006,3,Spring
2006-03-22,11.01898148148148,7.805555555555554,13.916666666666664,10.41412037037037,0.8520833333333333,9.501683333333334,1006.1666666666666,12.211179166666668,2006,3,Spring
2006-03-23,5.435185185185184,1.0611111111111091,8.794444444444444,1.1414351851851852,0.7291666666666666,25.215283333333332,1005.7800000000001,10.015541666666667,2006,3,Spring
2006-03-24,3.046990740740741,-2.294444444444444,7.938888888888887,-0.49259259259259297,0.6783333333333333,14.555070833333334,1016.4216666666666,12.166904166666667,2006,3,Spring
2006-03-25,7.516666666666667,0.5333333333333338,13.91111111111111,5.502546296296296,0.6741666666666667,14.032491666666667,1012.3091666666666,11.8516125,2006,3,Spring
2006-03-26,12.522916666666667,5.1,18.88888888888889,12.099768518518518,0.7020833333333334,11.772454166666668,996.8737499999999,11.080154166666667,2006,3,Spring
2006-03-27,14.115277777777777,6.161111111111113,21.18333333333333,13.77361111111111,0.6925,11.724154166666667,1010.3383333333333,11.43905,2006,3,Spring
2006-03-28,13.744444444444445,7.9944444444444445,18.966666666666665,13.431944444444445,0.7070833333333333,15.802820833333334,1007.8070833333333,12.203129166666669,2006,3,Spring
2006-03-29,10.436574074074075,7.883333333333332,12.572222222222225,8.74976851851852,0.7216666666666667,25.553383333333333,1007.4029166666666,12.242708333333333,2006,3,Spring
2006-03-30,11.236574074074076,6.111111111111111,17.23888888888889,9.859722222222222,0.5879166666666666,18.417729166666668,1015.3979166666667,12.069633333333334,2006,3,Spring
2006-03-31,10.437037037037037,6.322222222222224,13.816666666666666,9.617824074074074,0.8108333333333334,12.194408333333334,1013.6208333333334,12.2138625,2006,3,Spring
2006-04-01,12.683101851851852,7.733333333333334,18.911111111111115,12.208333333333334,0.7200000000000001,11.844904166666668,1016.46375,12.415783333333332,2006,4,Spring
2006-04-02,12.396296296296297,8.683333333333334,17.72222222222222,12.157175925925927,0.7570833333333334,6.555383333333334,1014.3558333333334,12.207825,2006,4,Spring
2006-04-03,12.326157407407408,5.855555555555555,17.84444444444445,12.010416666666666,0.7266666666666667,6.442012500000001,1013.6804166666667,11.1069875,2006,4,Spring
2006-04-04,8.624305555555555,4.355555555555558,12.916666666666666,7.1685185185185185,0.8354166666666667,10.719245833333334,1014.8495833333333,10.774254166666667,2006,4,Spring
2006-04-05,10.767824074074076,2.7111111111111126,15.088888888888889,10.270833333333334,0.73375,13.727933333333334,1009.8137499999999,10.131595833333334,2006,4,Spring
2006-04-06,6.427546296296296,4.444444444444445,10.050000000000002,3.659490740740741,0.915,15.197058333333333,1010.8066666666667,8.915375000000001,2006,4,Spring
2006-04-07,6.779629629629629,2.688888888888891,11.06111111111111,4.974537037037037,0.6858333333333334,12.2199,1015.5833333333334,11.306225,2006,4,Spring
2006-04-08,8.107870370370371,0.9555555555555548,13.88888888888889,7.523611111111111,0.6491666666666667,7.2470125,1018.0245833333333,11.333729166666666,2006,4,Spring
2006-04-09,10.68773148148148,2.0222222222222226,17.38888888888889,10.008564814814815,0.6170833333333333,13.100704166666667,1016.3904166666666,11.517537500000001,2006,4,Spring
2006-04-10,14.461574074074074,6.111111111111111,21.18333333333333,13.95162037037037,0.5979166666666667,18.239958333333334,1011.13125,11.665120833333333,2006,4,Spring
2006-04-11,11.92962962962963,7.688888888888891,17.516666666666666,10.785185185185185,0.8595833333333333,15.647858333333334,1005.3858333333334,7.966816666666667,2006,4,Spring
2006-04-12,8.294907407407408,6.066666666666667,11.066666666666668,5.869212962962963,0.78875,20.766987500000003,1004.8241666666667,11.039904166666666,2006,4,Spring
2006-04-13,7.440277777777777,5.438888888888888,9.183333333333334,5.468981481481482,0.7458333333333332,11.593341666666667,1009.9491666666667,11.446429166666666,2006,4,Spring
2006-04-14,11.166203703703703,3.722222222222224,16.29444444444444,10.870833333333332,0.72125,11.2921375,1013.9870833333333,11.113025,2006,4,Spring
2006-04-15,12.755092592592591,7.044444444444444,17.805555555555557,12.379629629629628,0.6620833333333334,10.356325,1018.2995833333333,12.0770125,2006,4,Spring
2006-04-16,14.27962962962963,10.82777777777778,18.86111111111111,14.27962962962963,0.7062499999999999,15.852462500000001,1012.25,12.444629166666667,2006,4,Spring
2006-04-17,13.44675925925926,8.405555555555557,18.40555555555555,13.261805555555554,0.7287499999999999,11.917354166666668,1012.4575,11.956933333333334,2006,4,Spring
2006-04-18,14.228703703703703,6.138888888888888,19.038888888888884,14.228703703703703,0.7291666666666666,6.803591666666667,1012.3466666666667,10.375108333333333,2006,4,Spring
2006-04-19,13.880324074074075,10.405555555555551,17.82777777777778,13.880324074074075,0.8233333333333334,12.507687500000001,1010.5725000000001,10.666920833333334,2006,4,Spring
2006-04-20,12.495370370370372,8.15,16.016666666666666,12.433564814814815,0.92875,5.304279166666666,1014.6974999999999,4.261804166666667,2006,4,Spring
2006-04-21,13.240046296296297,9.355555555555558,17.45555555555556,13.185416666666667,0.8887499999999999,6.835120833333334,1016.9658333333333,5.896625,2006,4,Spring
2006-04-22,13.874305555555557,7.155555555555556,20.083333333333336,13.874305555555557,0.8154166666666667,4.291991666666667,1016.3858333333333,8.660458333333333,2006,4,Spring
2006-04-23,15.851851851851853,8.311111111111112,22.77777777777778,15.818518518518518,0.7183333333333333,4.4093875,1016.0504166666666,8.799991666666667,2006,4,Spring
2006-04-24,17.066203703703703,7.688888888888891,23.93333333333333,17.066203703703703,0.6591666666666667,2.989904166666667,1019.0620833333334,9.714337500000001,2006,4,Spring
2006-04-25,17.343287037037037,9.911111111111111,23.96111111111111,17.29236111111111,0.6695833333333333,8.0681125,1019.3241666666667,11.744279166666667,2006,4,Spring
2006-04-26,18.037731481481483,9.972222222222223,25.04444444444444,18.037731481481483,0.6454166666666666,6.696929166666667,1015.5854166666667,11.797274999999999,2006,4,Spring
2006-04-27,16.292592592592595,11.416666666666664,21.25555555555556,16.292592592592595,0.7766666666666667,7.691775000000001,1012.5245833333333,11.132479166666668,2006,4,Spring
2006-04-28,16.5912037037037,11.588888888888889,21.22777777777777,16.5912037037037,0.6445833333333334,13.447525,1010.2370833333333,11.915341666666668,2006,4,Spring
2006-04-29,13.822685185185186,10.072222222222225,18.855555555555554,13.822685185185186,0.5716666666666667,20.818641666666668,1009.68375,11.911316666666666,2006,4,Spring
2006-04-30,13.752083333333333,9.483333333333333,17.800000000000004,13.592824074074073,0.5375,15.334579166666666,1013.1220833333333,12.507687500000001,2006,4,Spring
2006-05-01,12.210185185185184,10.555555555555555,15.72222222222222,12.210185185185184,0.8075,10.5434875,1015.7295833333334,10.687045833333334,2006,5,Spring
2006-05-02,13.711574074074074,10.27777777777778,17.200000000000003,13.711574074074074,0.755,10.249662500000001,1021.4591666666666,11.316958333333334,2006,5,Spring
2006-05-03,13.524305555555555,8.805555555555555,17.872222222222224,13.496296296296295,0.7304166666666667,7.9996875,1025.2858333333334,12.172941666666667,2006,5,Spring
2006-05-04,12.930324074074074,8.06666666666667,17.84444444444445,12.526388888888889,0.6404166666666666,9.763308333333333,1026.6795833333333,12.268870833333333,2006,5,Spring
2006-05-05,13.694907407407406,6.666666666666667,21.17777777777778,13.308564814814815,0.6025,8.877808333333334,1023.5995833333333,11.797274999999999,2006,5,Spring
2006-05-06,10.655324074074075,5.855555555555555,16.116666666666664,10.169212962962963,0.7533333333333333,11.679208333333333,1018.9608333333334,12.215204166666666,2006,5,Spring
2006-05-07,12.609027777777778,4.816666666666667,18.666666666666664,12.280787037037037,0.7645833333333334,8.021825,1017.8391666666666,11.506133333333333,2006,5,Spring
2006-05-08,13.565972222222221,8.599999999999998,18.688888888888886,13.565972222222221,0.7670833333333333,4.852808333333334,1016.4074999999999,12.228620833333332,2006,5,Spring
2006-05-09,14.939351851851853,6.400000000000002,22.17777777777778,14.88935185185185,0.6995833333333333,5.5256541666666665,1013.4991666666666,10.222829166666667,2006,5,Spring
2006-05-10,15.049768518518519,7.805555555555554,21.22777777777777,14.965972222222222,0.6466666666666666,12.170258333333335,1009.8612499999999,11.914000000000001,2006,5,Spring
2006-05-11,11.96851851851852,7.916666666666667,17.672222222222224,11.540277777777776,0.8125,10.3341875,1014.9383333333334,10.74675,2006,5,Spring
2006-05-12,14.942592592592591,6.7444444444444445,22.872222222222224,14.905092592592593,0.6841666666666667,5.3143416666666665,1020.34125,10.077258333333333,2006,5,Spring
2006-05-13,17.013194444444444,9.5,24.00555555555555,16.88773148148148,0.5958333333333333,11.454479166666667,1019.9366666666666,11.8838125,2006,5,Spring
2006-05-14,17.121296296296297,11.688888888888888,23.86111111111111,17.121296296296297,0.6658333333333334,10.2074,1016.5145833333332,12.417125,2006,5,Spring
2006-05-15,15.795138888888891,10.65,21.22777777777777,15.795138888888891,0.7704166666666667,9.714337500000001,1020.3104166666667,11.795933333333332,2006,5,Spring
2006-05-16,18.40648148148148,9.955555555555556,24.116666666666664,18.38310185185185,0.6329166666666667,9.706958333333334,1019.3329166666667,11.753,2006,5,Spring
2006-05-17,16.46990740740741,11.988888888888887,19.97222222222222,16.46990740740741,0.7891666666666667,13.473016666666666,1016.38,12.564708333333334,2006,5,Spring
2006-05-18,17.971527777777776,9.983333333333333,23.911111111111115,17.971527777777776,0.66625,8.408895833333334,1018.6479166666667,11.565166666666668,2006,5,Spring
2006-05-19,18.241203703703704,13.855555555555554,22.87777777777778,18.241203703703704,0.7324999999999999,14.082133333333333,1012.8345833333333,12.274908333333334,2006,5,Spring
2006-05-20,18.49328703703704,12.85,23.994444444444444,18.49328703703704,0.735,4.485191666666666,1009.7145833333334,12.176295833333334,2006,5,Spring
2006-05-21,17.675462962962964,13.355555555555554,22.30555555555556,17.675462962962964,0.7108333333333333,8.6919875,1011.7516666666667,12.582820833333335,2006,5,Spring
2006-05-22,20.782638888888886,12.133333333333336,27.82222222222222,20.75810185185185,0.6366666666666666,7.552241666666667,1013.4804166666667,12.4131,2006,5,Spring
2006-05-23,23.3412037037037,15.511111111111113,30.944444444444443,23.246990740740742,0.6095833333333334,8.6356375,1014.7391666666667,11.883141666666667,2006,5,Spring
2006-05-24,17.89513888888889,12.68888888888889,23.09444444444444,17.89513888888889,0.7687499999999999,17.915945833333335,1017.6025,11.716104166666668,2006,5,Spring
2006-05-25,15.51296296296296,10.75,21.11111111111111,15.51296296296296,0.7025,9.160229166666667,1021.1695833333333,12.187029166666667,2006,5,Spring
2006-05-26,17.269675925925927,10.633333333333333,22.29444444444444,17.269675925925927,0.6974999999999999,8.407554166666666,1020.4266666666667,12.278933333333333,2006,5,Spring
2006-05-27,18.58564814814815,14.883333333333333,22.73333333333333,18.58564814814815,0.685,18.50695,1018.1291666666666,12.547266666666667,2006,5,Spring
2006-05-28,18.31203703703704,13.961111111111112,25.91666666666667,18.31203703703704,0.7695833333333333,11.64835,1014.305,11.233775000000001,2006,5,Spring
2006-05-29,14.004861111111111,10.783333333333331,17.17777777777778,14.004861111111111,0.8591666666666667,9.652620833333334,1012.1091666666666,11.345133333333335,2006,5,Spring
2006-05-30,11.269907407407407,9.97777777777778,14.561111111111112,11.121296296296295,0.9229166666666666,11.388066666666667,1003.18375,9.936383333333334,2006,5,Spring
2006-05-31,11.20925925925926,7.277777777777778,16.133333333333333,10.408796296296297,0.7616666666666667,16.94525,1010.3533333333334,12.481525,2006,5,Spring
2006-06-01,13.07314814814815,5.699999999999999,17.805555555555557,12.852083333333333,0.6670833333333334,8.548429166666667,1016.09125,12.021333333333333,2006,6,Summer
2006-06-02,11.383333333333333,9.97777777777778,14.538888888888891,11.171527777777778,0.92875,17.102225,1011.0575,10.721258333333333,2006,6,Summer
2006-06-03,12.22037037037037,9.97777777777778,15.094444444444449,12.144212962962962,0.8766666666666666,8.529645833333333,1013.94875,12.4593875,2006,6,Summer
2006-06-04,12.162962962962963,10.272222222222224,13.788888888888888,12.162962962962963,0.9354166666666667,10.005479166666667,1013.2358333333333,8.741629166666668,2006,6,Summer
2006-06-05,12.426851851851852,7.777777777777778,17.36111111111111,11.823148148148148,0.7191666666666667,15.336591666666669,1019.0420833333333,12.003220833333332,2006,6,Summer
2006-06-06,13.886342592592591,5.677777777777777,19.86111111111111,13.886342592592591,0.71625,7.765566666666667,1020.7954166666667,11.3686125,2006,6,Summer
2006-06-07,13.28888888888889,10.555555555555555,16.022222222222226,13.28888888888889,0.8458333333333333,12.347358333333334,1021.7312499999999,12.725708333333335,2006,6,Summer
2006-06-08,13.387268518518518,12.022222222222222,16.36111111111111,13.387268518518518,0.7620833333333333,13.100704166666667,1023.77375,12.307108333333334,2006,6,Summer
2006-06-09,15.483333333333333,10.705555555555556,20.98333333333333,15.483333333333333,0.6729166666666666,7.899733333333334,1022.235,12.270883333333332,2006,6,Summer
2006-06-10,11.251157407407407,7.899999999999999,13.711111111111112,11.114583333333334,0.9041666666666667,8.041279166666667,1019.8491666666667,11.865029166666666,2006,6,Summer
2006-06-11,14.418750000000001,5.5777777777777775,22.17777777777778,14.379398148148148,0.8245833333333333,5.0896125,1026.36625,9.7223875,2006,6,Summer
2006-06-12,18.579398148148147,9.927777777777775,25.0,18.579398148148147,0.7095833333333333,6.911595833333333,1025.21125,10.279179166666667,2006,6,Summer
2006-06-13,18.391435185185184,11.594444444444443,23.83888888888889,18.391435185185184,0.6604166666666667,10.621975,1021.215,11.916683333333333,2006,6,Summer
2006-06-14,17.457175925925927,9.86111111111111,22.84444444444445,17.457175925925927,0.6833333333333332,7.5126625,1017.2345833333334,12.306437500000001,2006,6,Summer
2006-06-15,18.942592592592593,10.172222222222224,25.161111111111115,18.942592592592593,0.6795833333333333,8.343154166666666,1017.88375,12.1816625,2006,6,Summer
2006-06-16,21.848842592592593,13.15,28.911111111111115,21.671064814814812,0.6291666666666667,4.166545833333333,1017.9195833333333,12.0589,2006,6,Summer
2006-06-17,23.775000000000002,14.716666666666669,30.07222222222222,23.81226851851852,0.6629166666666667,6.774075,1017.1029166666667,11.693966666666666,2006,6,Summer
2006-06-18,24.166666666666668,17.733333333333334,29.95,24.607407407407408,0.7329166666666667,4.394629166666667,1017.6925,11.949554166666667,2006,6,Summer
2006-06-19,25.27060185185185,18.33333333333333,31.161111111111115,25.795370370370367,0.6954166666666667,6.9069,1015.6504166666667,10.439508333333334,2006,6,Summer
2006-06-20,24.78865740740741,18.200000000000003,31.172222222222224,25.493055555555557,0.7158333333333333,10.839995833333333,1015.3945833333333,11.930100000000001,2006,6,Summer
2006-06-21,24.63564814814815,16.71111111111111,31.105555555555554,24.997916666666665,0.7000000000000001,6.0998875,1015.7929166666667,11.956933333333334,2006,6,Summer
2006-06-22,25.3625,19.55555555555556,31.244444444444444,25.803703703703704,0.6545833333333334,9.007279166666667,1013.3112500000001,11.748975,2006,6,Summer
2006-06-23,22.240972222222222,17.800000000000004,27.938888888888894,22.449305555555554,0.7908333333333334,8.349191666666666,1014.5091666666667,12.0971375,2006,6,Summer
2006-06-24,23.122685185185187,17.755555555555556,27.84444444444445,23.42962962962963,0.8041666666666667,10.2255125,1016.2941666666667,11.4571625,2006,6,Summer
2006-06-25,25.204398148148147,18.42777777777778,31.105555555555554,26.05185185185185,0.7466666666666667,4.662291666666667,1016.8195833333333,11.2116375,2006,6,Summer
2006-06-26,26.743518518518524,20.533333333333328,32.294444444444444,27.46041666666667,0.6766666666666666,9.560045833333334,1016.53125,11.309579166666666,2006,6,Summer
2006-06-27,27.45,21.03888888888889,34.00555555555555,28.388657407407408,0.6729166666666666,6.793529166666667,1016.2195833333334,11.401483333333333,2006,6,Summer
2006-06-28,26.16157407407407,20.65,32.19444444444444,27.104166666666668,0.6995833333333333,8.381391666666667,1015.7583333333333,12.013283333333334,2006,6,Summer
2006-06-29,23.51736111111111,19.850000000000005,31.08333333333333,23.952546296296294,0.7791666666666667,8.894579166666666,1016.83875,11.638958333333333,2006,6,Summer
2006-06-30,19.99722222222222,16.688888888888886,25.738888888888887,19.99722222222222,0.8670833333333333,12.808220833333335,1017.6683333333334,12.142083333333334,2006,6,Summer
2006-07-01,19.15509259259259,15.627777777777778,22.20555555555556,19.15509259259259,0.8820833333333334,7.601883333333333,1018.0483333333333,12.034079166666666,2006,7,Summer
2006-07-02,19.56388888888889,17.155555555555555,23.53333333333333,19.56388888888889,0.8958333333333334,8.932145833333333,1018.5091666666667,11.739583333333334,2006,7,Summer
2006-07-03,19.140046296296294,15.650000000000002,22.68888888888889,19.140046296296294,0.86625,6.018716666666666,1020.9820833333333,9.810266666666667,2006,7,Summer
2006-07-04,20.396296296296295,14.694444444444445,26.088888888888885,20.396296296296295,0.6791666666666667,5.680616666666666,1022.2204166666667,9.991391666666667,2006,7,Summer
2006-07-05,21.75601851851852,13.405555555555557,27.77777777777778,21.566435185185185,0.6266666666666666,6.2488125000000005,1021.5008333333334,10.579041666666667,2006,7,Summer
2006-07-06,23.204166666666666,13.333333333333334,29.866666666666667,22.993750000000002,0.60875,6.908241666666666,1021.4620833333333,11.8556375,2006,7,Summer
2006-07-07,24.761342592592595,17.17777777777778,31.11111111111111,24.412499999999998,0.5525,10.980870833333334,1016.5195833333333,12.119275,2006,7,Summer
2006-07-08,23.08888888888889,15.833333333333334,31.11111111111111,22.983101851851853,0.66375,7.479791666666667,1014.8304166666667,11.671158333333333,2006,7,Summer
2006-07-09,22.07847222222222,15.744444444444447,30.07222222222222,22.04467592592593,0.71875,5.880525,1018.30625,11.858320833333332,2006,7,Summer
2006-07-10,23.993518518518517,14.005555555555556,32.03333333333333,23.834027777777777,0.6429166666666667,6.442012500000001,1021.2983333333333,11.3444625,2006,7,Summer
2006-07-11,24.454398148148147,16.61111111111111,31.08333333333333,24.40578703703704,0.6420833333333333,5.410941666666667,1021.4254166666666,11.6865875,2006,7,Summer
2006-07-12,24.169444444444448,15.977777777777776,31.933333333333337,24.095138888888886,0.6329166666666667,8.791270833333334,1017.72125,12.080366666666668,2006,7,Summer
2006-07-13,23.652314814814815,17.166666666666668,30.97222222222222,23.541203703703705,0.68,9.069666666666667,1017.3008333333333,12.070304166666666,2006,7,Summer
2006-07-14,24.2474537037037,16.483333333333334,31.016666666666666,24.259259259259256,0.6675,7.803804166666667,1016.9770833333333,11.828133333333334,2006,7,Summer
2006-07-15,23.002314814814813,18.16111111111111,27.71111111111111,22.950000000000003,0.5345833333333333,12.696862500000002,1020.6054166666667,11.9200375,2006,7,Summer
2006-07-16,20.344675925925923,16.06666666666667,24.90555555555555,20.344675925925923,0.48208333333333336,11.447770833333331,1022.4283333333333,12.411758333333333,2006,7,Summer
2006-07-17,19.986574074074074,12.82777777777778,27.08333333333333,19.956481481481482,0.5225,11.200233333333335,1022.6037500000001,12.180991666666666,2006,7,Summer
2006-07-18,21.506944444444443,12.155555555555557,27.872222222222224,21.24189814814815,0.54,7.469058333333334,1020.8908333333334,11.6262125,2006,7,Summer
2006-07-19,24.233101851851853,14.6,32.17222222222222,23.80787037037037,0.5433333333333333,7.151083333333333,1006.2133333333333,11.152604166666665,2006,7,Summer
2006-07-20,25.90625,15.1,32.82777777777778,25.548379629629633,0.56625,3.7680708333333333,1013.265,11.396116666666666,2006,7,Summer
2006-07-21,26.662268518518516,16.766666666666666,33.86666666666666,26.70648148148148,0.60125,4.611308333333334,1019.5683333333333,11.997183333333334,2006,7,Summer
2006-07-22,26.391666666666666,19.4,33.888888888888886,26.525462962962962,0.6183333333333333,8.4907375,1017.0949999999999,11.920708333333332,2006,7,Summer
2006-07-23,24.799305555555552,19.899999999999995,32.266666666666666,25.321296296296296,0.7425,4.773650000000001,1016.5949999999999,10.198008333333332,2006,7,Summer
2006-07-24,24.775694444444444,18.87222222222222,32.88333333333333,25.365046296296295,0.7383333333333333,5.167429166666667,1017.21125,10.487137500000001,2006,7,Summer
2006-07-25,25.69189814814815,18.172222222222217,32.70555555555556,25.82199074074074,0.6629166666666667,5.6370125,1016.8770833333333,11.227737500000002,2006,7,Summer
2006-07-26,26.221064814814813,18.96111111111111,32.733333333333334,26.77615740740741,0.6820833333333334,6.4353041666666675,1016.15625,11.019108333333334,2006,7,Summer
2006-07-27,26.69861111111111,19.205555555555552,32.80555555555556,26.854166666666668,0.6470833333333333,5.217741666666667,1014.9420833333334,11.151933333333334,2006,7,Summer
2006-07-28,27.131481481481483,19.53888888888889,32.87777777777778,27.14814814814815,0.5975,3.902908333333334,1011.00875,11.082166666666666,2006,7,Summer
2006-07-29,26.12222222222222,19.327777777777783,33.83888888888888,26.329166666666666,0.6429166666666667,7.990966666666668,1008.0129166666667,11.627554166666668,2006,7,Summer
2006-07-30,22.987499999999997,17.38888888888889,28.811111111111117,23.23726851851852,0.7875,8.626916666666668,1010.0308333333332,11.510829166666667,2006,7,Summer
2006-07-31,25.125694444444445,17.783333333333335,31.794444444444448,25.130092592592593,0.6770833333333334,4.8883625,1012.6866666666666,10.695095833333333,2006,7,Summer
2006-08-01,25.817592592592593,17.605555555555554,32.538888888888884,25.950925925925926,0.6295833333333333,7.837345833333334,1009.49625,11.8636875,2006,8,Summer
2006-08-02,20.787499999999998,16.622222222222224,25.92222222222222,20.787499999999998,0.7920833333333334,10.575016666666668,1009.0225,12.480854166666667,2006,8,Summer
2006-08-03,20.045601851851853,16.016666666666666,24.88333333333334,20.045601851851853,0.8341666666666666,8.4424375,1005.4645833333334,11.233775000000001,2006,8,Summer
2006-08-04,18.319675925925925,15.444444444444445,20.89444444444445,18.319675925925925,0.9237500000000001,7.1846250000000005,1004.71875,10.339554166666668,2006,8,Summer
2006-08-05,16.921296296296294,13.438888888888888,22.5,16.921296296296294,0.8341666666666666,8.029204166666668,1005.82125,10.305341666666667,2006,8,Summer
2006-08-06,18.56712962962963,12.17777777777778,24.59444444444444,18.56712962962963,0.75875,8.044633333333334,1010.6904166666667,11.2196875,2006,8,Summer
2006-08-07,18.776157407407407,15.699999999999998,23.66111111111111,18.776157407407407,0.8195833333333334,8.274058333333334,1005.5745833333334,11.067408333333333,2006,8,Summer
2006-08-08,18.3875,14.933333333333334,22.75555555555555,18.3875,0.835,13.226820833333335,1005.8504166666667,11.223041666666667,2006,8,Summer
2006-08-09,19.659027777777776,13.638888888888888,25.95,19.659027777777776,0.7495833333333333,8.783891666666667,1009.4833333333332,12.0045625,2006,8,Summer
2006-08-10,18.863194444444446,12.327777777777776,24.97777777777777,18.863194444444446,0.78625,8.95965,1009.4170833333333,11.889850000000001,2006,8,Summer
2006-08-11,19.829398148148147,14.983333333333333,25.92777777777778,19.829398148148147,0.67625,11.908633333333334,1008.2950000000001,12.232645833333335,2006,8,Summer
2006-08-12,18.475694444444446,15.050000000000002,23.81666666666667,18.475694444444446,0.7795833333333334,9.0461875,1007.7820833333334,11.776479166666666,2006,8,Summer
2006-08-13,18.25949074074074,14.516666666666667,22.016666666666666,18.25949074074074,0.8937499999999999,6.971970833333334,1009.3279166666666,9.892108333333333,2006,8,Summer
2006-08-14,18.774537037037035,14.005555555555556,23.88888888888889,18.774537037037035,0.8158333333333333,7.1785875,1011.3249999999999,10.329491666666668,2006,8,Summer
2006-08-15,19.475231481481483,14.516666666666667,24.95,19.475231481481483,0.7533333333333334,6.919645833333334,1013.5812500000001,12.463412499999999,2006,8,Summer
2006-08-16,21.613657407407405,13.88888888888889,27.872222222222224,21.550462962962964,0.6437499999999999,10.854083333333334,1013.9891666666667,12.018650000000001,2006,8,Summer
2006-08-17,23.958564814814817,16.094444444444445,31.21111111111112,24.116435185185185,0.6695833333333333,10.5756875,1011.1075000000001,12.248075,2006,8,Summer
2006-08-18,24.934027777777775,18.75,32.544444444444444,25.33842592592593,0.6958333333333333,11.223041666666667,1012.1970833333334,11.764404166666667,2006,8,Summer
2006-08-19,25.12824074074074,17.27777777777778,32.12777777777777,25.401851851851855,0.6866666666666666,9.236033333333333,1017.32125,11.818741666666668,2006,8,Summer
2006-08-20,25.985185185185184,18.78333333333333,32.638888888888886,26.614120370370372,0.6625,8.946904166666668,1016.0616666666666,12.158183333333334,2006,8,Summer
2006-08-21,19.04074074074074,14.988888888888887,22.82777777777778,19.04074074074074,0.78875,9.761295833333334,1017.2233333333334,12.1937375,2006,8,Summer
2006-08-22,19.039120370370373,12.744444444444444,25.016666666666666,19.039120370370373,0.69,10.494516666666668,1013.0908333333333,11.612125,2006,8,Summer
2006-08-23,17.49074074074074,12.205555555555556,23.73333333333333,17.49074074074074,0.7658333333333333,9.9840125,1016.1945833333334,11.564495833333334,2006,8,Summer
2006-08-24,19.250694444444445,10.78888888888889,26.13333333333334,19.250694444444445,0.66,7.1812708333333335,1011.0945833333334,10.675641666666666,2006,8,Summer
2006-08-25,19.236805555555556,14.761111111111113,23.81666666666667,19.236805555555556,0.74625,8.672533333333334,1004.3691666666667,11.6342625,2006,8,Summer
2006-08-26,18.607407407407408,13.355555555555554,24.92777777777778,18.607407407407408,0.7158333333333333,6.900191666666667,1003.8895833333332,11.751658333333333,2006,8,Summer
2006-08-27,19.65324074074074,12.672222222222224,26.11111111111111,19.65324074074074,0.6641666666666667,5.392829166666666,1004.3320833333332,11.673841666666666,2006,8,Summer
2006-08-28,16.69560185185185,12.755555555555556,21.21111111111112,16.69560185185185,0.8383333333333334,10.619962500000002,1004.64875,11.098266666666667,2006,8,Summer
2006-08-29,15.048379629629629,11.083333333333336,19.95,15.048379629629629,0.79625,13.043012500000001,1001.8020833333334,11.585291666666668,2006,8,Summer
2006-08-30,12.855555555555556,11.322222222222225,15.072222222222225,12.855555555555556,0.8954166666666667,11.557116666666667,1002.6591666666667,11.410204166666666,2006,8,Summer
2006-08-31,14.34351851851852,11.11111111111111,17.22222222222222,14.34351851851852,0.7825000000000001,22.831141666666667,1007.7299999999999,11.578583333333334,2006,8,Summer
2006-09-01,15.544212962962964,10.644444444444442,21.15555555555555,15.544212962962964,0.7029166666666667,11.072775,1014.38375,11.735558333333332,2006,9,Fall
2006-09-02,17.44560185185185,8.894444444444442,25.00555555555556,17.44560185185185,0.7683333333333334,4.2530833333333335,1014.5779166666666,9.989379166666668,2006,9,Fall
2006-09-03,19.865046296296295,12.066666666666666,26.105555555555554,19.865046296296295,0.7370833333333334,8.151295833333334,1017.8741666666666,10.2013625,2006,9,Fall
2006-09-04,23.385185185185183,17.25,29.88333333333334,23.56064814814815,0.6929166666666666,13.738666666666667,1015.0170833333333,11.922720833333335,2006,9,Fall
2006-09-05,21.69236111111111,16.455555555555556,26.977777777777774,21.69560185185185,0.6337499999999999,17.642916666666668,1011.3562499999999,11.946870833333334,2006,9,Fall
2006-09-06,18.31226851851852,12.249999999999998,25.06666666666667,18.31226851851852,0.6537499999999999,9.727754166666667,1014.5604166666667,11.00435,2006,9,Fall
2006-09-07,19.65833333333333,11.161111111111111,27.22222222222222,19.664583333333333,0.7062499999999999,6.985387500000001,1018.3466666666667,10.52135,2006,9,Fall
2006-09-08,17.445138888888888,12.677777777777775,24.694444444444443,17.445138888888888,0.7158333333333333,17.029104166666666,1018.8645833333334,12.058900000000001,2006,9,Fall
2006-09-09,15.063194444444443,8.55,22.15555555555555,15.020833333333334,0.6679166666666667,4.623383333333334,1027.8062499999999,12.339979166666666,2006,9,Fall
2006-09-10,15.977546296296296,6.0888888888888895,23.86111111111111,15.934953703703705,0.6433333333333333,8.54105,1025.6254166666665,11.416241666666666,2006,9,Fall
2006-09-11,16.37013888888889,8.372222222222222,24.97222222222222,16.288657407407406,0.6491666666666667,4.542883333333333,1027.59125,11.929429166666667,2006,9,Fall
2006-09-12,16.39837962962963,7.733333333333334,24.938888888888886,16.357407407407408,0.6520833333333333,5.8986375,1020.5270833333334,9.358795833333334,2006,9,Fall
2006-09-13,18.450462962962963,8.88888888888889,26.06111111111111,18.450462962962963,0.5725,12.326562500000001,1015.0029166666667,11.3988,2006,9,Fall
2006-09-14,19.350694444444443,12.022222222222222,27.194444444444443,19.331018518518515,0.5579166666666667,15.851120833333335,1011.7345833333333,11.6242,2006,9,Fall
2006-09-15,20.37291666666667,15.133333333333336,25.083333333333336,20.37291666666667,0.5179166666666667,14.594650000000001,1008.9470833333334,11.934125,2006,9,Fall
2006-09-16,20.847453703703703,16.34444444444445,26.08333333333333,20.847453703703703,0.5458333333333333,14.494025,1007.3854166666666,11.365258333333331,2006,9,Fall
2006-09-17,19.823842592592595,17.12222222222222,23.88888888888889,19.823842592592595,0.6266666666666666,17.946133333333332,1003.03875,11.247191666666666,2006,9,Fall
2006-09-18,19.863657407407405,16.622222222222224,24.73333333333333,19.863657407407405,0.68,12.348700000000001,1006.3141666666667,11.528941666666666,2006,9,Fall
2006-09-19,17.318287037037038,16.077777777777776,19.850000000000005,17.318287037037038,0.9083333333333333,6.678145833333333,1003.3191666666667,8.622891666666666,2006,9,Fall
2006-09-20,17.797916666666666,14.738888888888887,22.2,17.797916666666666,0.9054166666666666,9.105891666666666,1006.9808333333332,5.377400000000001,2006,9,Fall
2006-09-21,17.861342592592592,12.82777777777778,23.88888888888889,17.861342592592592,0.7529166666666667,10.801087500000001,1016.6887499999999,9.981329166666667,2006,9,Fall
2006-09-22,16.644907407407405,11.35,22.75555555555555,16.644907407407405,0.6008333333333333,15.370804166666668,1018.0991666666667,11.555774999999999,2006,9,Fall
2006-09-23,16.36689814814815,8.861111111111112,22.80555555555556,16.075,0.6862499999999999,11.337083333333334,1018.7829166666667,11.997854166666668,2006,9,Fall
2006-09-24,16.525694444444444,9.005555555555556,23.916666666666668,16.525694444444444,0.73875,5.369350000000001,1018.3320833333333,10.917812499999998,2006,9,Fall
2006-09-25,18.46759259259259,10.072222222222225,26.088888888888885,18.46759259259259,0.6670833333333334,10.059816666666666,1015.0141666666667,10.768216666666667,2006,9,Fall
2006-09-26,19.10787037037037,11.761111111111113,27.10555555555556,19.077083333333334,0.5933333333333334,10.428775,1012.3254166666667,11.826791666666667,2006,9,Fall
2006-09-27,17.524305555555557,12.761111111111113,23.772222222222226,17.524305555555557,0.7745833333333333,4.737425,1012.5675,11.55175,2006,9,Fall
2006-09-28,16.897453703703704,12.083333333333334,22.38333333333334,16.897453703703704,0.7845833333333334,6.750595833333333,1011.6720833333334,10.864145833333334,2006,9,Fall
2006-09-29,16.875462962962963,9.86111111111111,24.022222222222226,16.875462962962963,0.7833333333333333,4.520075,1014.2458333333334,8.803345833333333,2006,9,Fall
2006-09-30,17.77777777777778,10.95,26.11111111111111,17.77777777777778,0.76375,2.7504166666666667,1016.4929166666666,7.7836791666666665,2006,9,Fall
2006-10-01,18.15162037037037,10.97222222222222,26.06111111111111,18.15162037037037,0.7370833333333334,6.695587500000001,1017.3629166666666,9.8049,2006,10,Fall
2006-10-02,18.71087962962963,12.66111111111111,24.92777777777778,18.71087962962963,0.77375,9.802216666666668,1016.5583333333334,11.168704166666666,2006,10,Fall
2006-10-03,20.869907407407407,14.933333333333334,27.73333333333333,20.828240740740743,0.6583333333333333,17.114970833333334,1010.5375,9.749220833333332,2006,10,Fall
2006-10-04,17.921296296296298,14.305555555555555,24.65555555555555,17.921296296296298,0.7729166666666667,9.884729166666666,1010.7325000000001,11.4209375,2006,10,Fall
2006-10-05,14.069444444444445,11.161111111111111,17.849999999999998,14.069444444444445,0.8633333333333333,6.4057875,1018.7616666666667,10.31205,2006,10,Fall
2006-10-06,12.812962962962963,7.127777777777776,18.96111111111111,12.626388888888888,0.75375,7.590479166666667,1021.1133333333333,10.13495,2006,10,Fall
2006-10-07,12.066666666666665,3.9611111111111126,20.11666666666666,11.949074074074074,0.7920833333333334,5.430395833333333,1017.6462499999999,9.287016666666666,2006,10,Fall
2006-10-08,13.04189814814815,7.477777777777779,18.972222222222225,12.77361111111111,0.8033333333333333,9.611029166666667,1019.9274999999999,11.869054166666666,2006,10,Fall
2006-10-09,12.844907407407407,6.81111111111111,21.11111111111111,12.564583333333333,0.7545833333333333,6.323945833333333,1024.5758333333333,9.9960875,2006,10,Fall
2006-10-10,12.762500000000001,5.211111111111112,22.22222222222222,12.684953703703703,0.7658333333333333,5.38545,1024.4954166666666,10.245637499999999,2006,10,Fall
2006-10-11,13.823379629629628,4.977777777777778,21.15555555555555,13.663657407407406,0.7366666666666667,7.697141666666667,1022.43375,10.5193375,2006,10,Fall
2006-10-12,13.940972222222221,9.305555555555555,20.51666666666667,13.726157407407408,0.6670833333333334,9.994075,1022.3879166666667,12.141412500000001,2006,10,Fall
2006-10-13,11.856481481481481,5.022222222222222,19.89444444444445,11.832407407407409,0.7533333333333334,2.7953625,1027.9554166666667,10.6038625,2006,10,Fall
2006-10-14,11.83449074074074,6.033333333333333,19.74444444444445,11.528703703703705,0.7691666666666667,4.402679166666666,1029.7179166666667,8.884516666666666,2006,10,Fall
2006-10-15,11.745833333333332,5.466666666666669,18.98333333333333,11.625925925925925,0.7779166666666666,6.902204166666667,1025.4375,8.9294625,2006,10,Fall
2006-10-16,10.122453703703703,5.322222222222221,14.86111111111111,8.752083333333333,0.63,17.97095416666667,1023.8708333333334,11.176754166666667,2006,10,Fall
2006-10-17,5.788888888888889,-0.5333333333333338,13.32777777777778,4.643055555555556,0.6708333333333334,6.8847625,1025.4391666666668,11.794591666666667,2006,10,Fall
2006-10-18,7.337268518518518,-2.244444444444444,16.133333333333333,6.1499999999999995,0.6858333333333334,9.839783333333335,1021.5679166666667,11.178095833333332,2006,10,Fall
2006-10-19,8.335185185185184,1.772222222222221,17.17222222222222,6.655787037037037,0.60125,15.3251875,1016.06,11.174741666666668,2006,10,Fall
2006-10-20,9.370833333333334,2.6444444444444435,17.194444444444443,8.053935185185185,0.69375,10.451583333333334,1012.2062500000001,11.7992875,2006,10,Fall
2006-10-21,14.18726851851852,7.772222222222224,22.15,13.776157407407409,0.5945833333333334,8.5309875,1011.355,12.028041666666667,2006,10,Fall
2006-10-22,13.647916666666667,11.666666666666666,18.005555555555553,13.647916666666667,0.8633333333333333,7.505954166666666,1014.1779166666666,11.695979166666667,2006,10,Fall
2006-10-23,16.77337962962963,9.055555555555554,23.79444444444444,16.724999999999998,0.7445833333333334,11.877104166666667,1012.735,10.782304166666668,2006,10,Fall
2006-10-24,18.09837962962963,12.455555555555556,23.688888888888886,18.09837962962963,0.7183333333333333,12.8095625,1010.0120833333334,10.982883333333334,2006,10,Fall
2006-10-25,13.85138888888889,8.038888888888888,19.98333333333333,13.829629629629629,0.7891666666666667,6.984045833333334,1018.2933333333334,11.303541666666666,2006,10,Fall
2006-10-26,14.430092592592594,7.894444444444446,22.25555555555556,14.362731481481482,0.6791666666666667,7.111504166666666,1020.91125,11.6906125,2006,10,Fall
2006-10-27,14.710185185185184,9.81111111111111,22.68333333333333,14.443518518518518,0.71875,7.769591666666667,1022.4274999999999,10.667591666666667,2006,10,Fall
2006-10-28,14.284490740740742,8.916666666666664,22.10555555555556,14.163425925925926,0.80875,10.7065,1023.6687499999999,8.6678375,2006,10,Fall
2006-10-29,13.003703703703705,9.05,16.216666666666665,13.003703703703705,0.8858333333333334,14.940129166666667,1012.9033333333333,9.077716666666667,2006,10,Fall
2006-10-30,5.683796296296296,-2.244444444444444,11.644444444444446,3.059259259259259,0.6254166666666666,19.447458333333334,1018.8874999999999,12.117933333333333,2006,10,Fall
2006-10-31,2.109027777777778,-5.994444444444444,8.933333333333332,0.3374999999999999,0.6541666666666667,7.048445833333333,1021.9508333333333,11.147908333333334,2006,10,Fall
2006-11-01,4.400462962962963,-0.1166666666666671,7.016666666666668,2.1796296296296296,0.8325,9.7223875,1011.875,8.3498625,2006,11,Fall
2006-11-02,2.6282407407407407,-2.2222222222222223,6.061111111111109,-2.3759259259259258,0.60375,25.7579875,1017.7800000000001,11.439720833333332,2006,11,Fall
2006-11-03,-1.2590277777777779,-6.044444444444443,3.611111111111111,-5.499305555555555,0.745,13.473687499999999,1023.2341666666666,12.036091666666666,2006,11,Fall
2006-11-04,0.14699074074074062,-5.416666666666667,3.888888888888889,-4.594212962962962,0.7454166666666667,17.94814583333333,1026.9116666666666,9.902170833333333,2006,11,Fall
2006-11-05,6.753703703703704,2.983333333333332,8.816666666666666,2.7458333333333336,0.8104166666666667,26.122920833333335,1020.3475,10.560929166666666,2006,11,Fall
2006-11-06,9.579166666666667,8.861111111111112,11.155555555555557,7.086111111111111,0.7949999999999999,25.1824125,1020.3825,12.468108333333333,2006,11,Fall
2006-11-07,8.188194444444443,2.105555555555555,13.933333333333332,6.677083333333333,0.7445833333333334,15.461366666666668,1024.71875,10.168491666666666,2006,11,Fall
2006-11-08,6.881944444444444,1.0166666666666655,16.12777777777778,6.227314814814815,0.8170833333333333,6.627162500000001,1025.6045833333335,4.6871125000000005,2006,11,Fall
2006-11-09,10.52962962962963,2.5277777777777763,17.650000000000002,9.742129629629629,0.7729166666666667,12.448654166666666,1022.5775,9.223958333333334,2006,11,Fall
2006-11-10,5.859027777777778,-0.4777777777777774,10.050000000000002,3.007870370370371,0.6979166666666666,18.16817916666667,1029.0358333333334,12.285641666666665,2006,11,Fall
2006-11-11,4.282407407407407,-1.1444444444444437,8.91111111111111,1.4361111111111111,0.7408333333333333,12.903479166666669,1025.4745833333334,12.183004166666668,2006,11,Fall
2006-11-12,5.647916666666667,3.18888888888889,7.777777777777778,3.3768518518518515,0.8541666666666666,10.727966666666667,1008.5745833333334,11.359891666666668,2006,11,Fall
2006-11-13,5.737962962962963,2.5,8.988888888888889,2.3175925925925926,0.7379166666666667,19.557475,1013.92375,12.446641666666666,2006,11,Fall
2006-11-14,9.364583333333334,6.700000000000001,13.861111111111112,8.261111111111111,0.77625,11.8918625,1016.4466666666667,11.84155,2006,11,Fall
2006-11-15,10.188888888888888,5.1,17.77777777777778,9.491898148148147,0.7920833333333334,8.735591666666666,1021.8933333333333,9.009291666666668,2006,11,Fall
2006-11-16,11.021064814814814,5.533333333333334,18.883333333333333,10.087037037037037,0.7541666666666668,11.568520833333332,1020.7329166666667,8.9455625,2006,11,Fall
2006-11-17,11.694907407407406,5.86111111111111,17.866666666666664,11.043518518518518,0.7125,10.951354166666667,1019.75,9.703604166666667,2006,11,Fall
2006-11-18,10.955787037037036,5.016666666666668,18.666666666666664,10.04375,0.7220833333333334,11.642312500000001,1022.34125,9.937054166666668,2006,11,Fall
2006-11-19,10.346990740740742,7.15,16.15555555555555,9.364351851851852,0.7866666666666666,11.827462500000001,1023.9808333333334,8.366633333333334,2006,11,Fall
2006-11-20,8.82337962962963,5.783333333333331,12.750000000000002,7.5226851851851855,0.8458333333333333,10.174529166666668,1013.5408333333334,6.476225,2006,11,Fall
2006-11-21,8.557407407407407,6.694444444444443,11.011111111111113,6.875231481481482,0.9179166666666667,11.840208333333335,1008.4308333333333,5.09565,2006,11,Fall
2006-11-22,9.541203703703703,6.044444444444446,13.81111111111111,8.059953703703703,0.8254166666666666,15.5063125,1000.1333333333333,10.7849875,2006,11,Fall
2006-11-23,8.759722222222223,7.200000000000001,10.533333333333337,7.308101851851852,0.9275000000000001,11.277379166666668,1007.3891666666667,5.753066666666666,2006,11,Fall
2006-11-24,6.575462962962963,2.950000000000001,8.77222222222222,5.319907407407407,0.9445833333333334,7.765566666666667,1018.6170833333334,3.0455833333333335,2006,11,Fall
2006-11-25,9.153935185185185,3.4722222222222223,15.0,7.619212962962963,0.83875,16.139579166666667,1021.5683333333333,8.063416666666667,2006,11,Fall
2006-11-26,9.17986111111111,5.68888888888889,15.066666666666666,7.785416666666667,0.8495833333333334,11.854966666666668,1025.9737499999999,9.309154166666668,2006,11,Fall
2006-11-27,6.269212962962963,1.3944444444444433,12.838888888888889,5.6685185185185185,0.8958333333333334,4.130991666666667,1028.2395833333333,3.3749625,2006,11,Fall
2006-11-28,3.8488425925925926,1.0888888888888897,7.266666666666666,3.568055555555556,0.9795833333333334,3.969320833333333,1028.41,0.503125,2006,11,Fall
2006-11-29,4.012731481481481,2.7999999999999994,5.394444444444445,3.6502314814814816,0.9845833333333333,3.7546541666666666,1018.8445833333334,1.6153666666666666,2006,11,Fall
2006-11-30,6.460416666666667,4.977777777777778,7.266666666666666,5.853240740740741,0.9308333333333333,4.8440875,1037.27875,3.2683,2006,11,Fall
2006-12-01,6.805555555555556,6.061111111111109,7.788888888888891,6.211342592592593,0.9395833333333333,5.35325,1036.4866666666667,3.8116750000000006,2006,12,Winter
2006-12-02,4.939120370370371,-2.1333333333333333,8.81111111111111,3.787962962962963,0.8695833333333334,6.588925,1030.5670833333334,6.377612500000001,2006,12,Winter
2006-12-03,1.624768518518519,-2.2000000000000006,5.016666666666668,-0.3627314814814812,0.9445833333333334,8.8006625,1023.8208333333333,3.2683,2006,12,Winter
2006-12-04,8.089583333333334,5.0666666666666655,12.17222222222222,6.712268518518518,0.8295833333333333,10.276495833333334,1015.4991666666666,9.132725,2006,12,Winter
2006-12-05,7.340277777777778,4.883333333333333,10.02222222222222,6.041666666666667,0.9512499999999999,8.357241666666667,1018.3420833333333,3.3092208333333333,2006,12,Winter
2006-12-06,8.243287037037037,4.822222222222222,13.933333333333332,6.272916666666666,0.8733333333333334,14.363883333333334,1016.5916666666667,7.115529166666668,2006,12,Winter
2006-12-07,7.4875,4.588888888888888,12.97222222222222,6.128935185185185,0.8633333333333333,7.8400291666666675,1017.525,8.918729166666667,2006,12,Winter
2006-12-08,8.862037037037037,2.9111111111111123,15.211111111111112,7.468981481481482,0.8191666666666667,13.580350000000001,1015.9158333333334,8.031216666666667,2006,12,Winter
2006-12-09,9.613194444444444,6.0555555555555545,14.194444444444445,7.972222222222221,0.7504166666666666,20.3987,1014.6166666666667,10.209412500000001,2006,12,Winter
2006-12-10,6.066666666666666,1.833333333333332,9.000000000000002,4.163888888888889,0.9116666666666666,9.905524999999999,1026.0533333333333,10.236916666666668,2006,12,Winter
2006-12-11,2.7847222222222228,0.0277777777777761,7.300000000000001,1.9530092592592594,0.9166666666666666,4.5663625,1031.23875,6.211245833333333,2006,12,Winter
2006-12-12,1.398842592592593,0.0999999999999998,2.233333333333335,-1.3620370370370372,0.9704166666666666,9.816975000000001,1029.6458333333333,1.2142083333333333,2006,12,Winter
2006-12-13,-0.3462962962962961,-1.0888888888888897,0.3777777777777776,-3.9972222222222222,0.9841666666666667,11.271341666666666,1033.8266666666666,0.30120416666666666,2006,12,Winter
2006-12-14,-0.3263888888888887,-1.1111111111111112,1.0666666666666675,-4.011805555555555,0.9766666666666667,11.902595833333335,1036.6920833333334,0.8714125,2006,12,Winter
2006-12-15,-1.0870370370370368,-2.2000000000000006,-0.0222222222222217,-1.7081018518518516,0.9754166666666667,3.8821125000000003,1031.5516666666665,0.21399583333333336,2006,12,Winter
2006-12-16,-1.302314814814815,-2.244444444444444,-0.0944444444444453,-1.9680555555555557,0.975,4.171241666666667,1031.22625,0.2562583333333333,2006,12,Winter
2006-12-17,-0.4391203703703703,-2.2000000000000006,1.1111111111111112,-1.318287037037037,0.9816666666666666,4.713945833333333,1027.6208333333334,1.0532083333333333,2006,12,Winter
2006-12-18,2.020601851851852,1.1277777777777784,3.2888888888888896,-1.8469907407407407,0.9241666666666667,16.353575000000003,1023.98375,5.1312041666666675,2006,12,Winter
2006-12-19,2.2372685185185186,1.288888888888889,2.7777777777777777,-2.2414351851851855,0.8916666666666666,19.049654166666667,1025.45625,7.3563583333333336,2006,12,Winter
2006-12-20,0.711574074074074,-1.900000000000001,3.888888888888889,-2.252314814814815,0.8108333333333334,11.18145,1031.55,9.397033333333333,2006,12,Winter
2006-12-21,0.8761574074074074,-2.000000000000001,3.883333333333335,-0.8201388888888889,0.8791666666666668,6.817679166666667,1037.1516666666666,7.020270833333334,2006,12,Winter
2006-12-22,1.3370370370370377,-1.2722222222222217,5.050000000000002,-0.46898148148148167,0.9029166666666667,6.579533333333334,1041.43875,6.598316666666666,2006,12,Winter
2006-12-23,0.3576388888888886,-3.3222222222222224,2.7777777777777777,-2.349537037037037,0.9249999999999999,8.7080875,1041.425,3.5238875000000003,2006,12,Winter
2006-12-24,2.112731481481481,1.1333333333333329,3.094444444444445,0.14120370370370355,0.9029166666666666,7.461679166666666,1036.7825,3.3709375,2006,12,Winter
2006-12-25,2.384027777777778,0.7444444444444464,3.938888888888891,0.1990740740740742,0.9241666666666667,8.661129166666667,1032.1533333333334,5.291533333333334,2006,12,Winter
2006-12-26,-1.1395833333333336,-5.844444444444444,3.0166666666666666,-2.663425925925926,0.8216666666666667,6.5855708333333345,1037.33625,9.0864375,2006,12,Winter
2006-12-27,-1.998611111111111,-7.000000000000001,3.888888888888889,-4.450925925925926,0.8279166666666667,7.256404166666667,1036.6179166666666,10.116166666666667,2006,12,Winter
2006-12-28,-4.655555555555556,-8.594444444444443,-2.7333333333333343,-7.563425925925927,0.9658333333333333,7.316108333333333,1030.8716666666667,0.8164041666666666,2006,12,Winter
2006-12-29,-1.5138888888888886,-4.305555555555555,2.2666666666666657,-3.975462962962963,0.9354166666666667,7.6937875,1031.4041666666667,4.0310375,2006,12,Winter
2006-12-30,-1.741666666666667,-4.177777777777777,2.2777777777777786,-5.171527777777778,0.8975,9.926320833333333,1035.59125,4.3148,2006,12,Winter
2006-12-31,-1.9773148148148147,-5.477777777777778,2.1722222222222203,-5.194444444444445,0.9249999999999999,9.119979166666667,1035.5941666666665,4.2504,2006,12,Winter
2007-01-01,3.8067129629629632,-2.177777777777779,7.755555555555556,0.45555555555555544,0.8920833333333333,14.587941666666667,1025.1204166666666,7.440883333333335,2007,1,Winter
2007-01-02,2.9467592592592595,1.1333333333333329,6.716666666666669,0.42777777777777765,0.9275000000000001,11.316958333333332,1017.3129166666666,10.648808333333333,2007,1,Winter
2007-01-03,2.9409722222222228,0.4500000000000013,7.244444444444444,-0.6789351851851851,0.8224999999999999,17.230354166666668,1022.0429166666667,12.168916666666666,2007,1,Winter
2007-01-04,2.483333333333334,-0.8111111111111116,5.161111111111111,0.3469907407407408,0.8591666666666667,9.142116666666666,1020.3933333333333,11.691954166666667,2007,1,Winter
2007-01-05,5.626157407407407,2.316666666666668,9.97777777777778,2.931944444444445,0.8220833333333334,13.784283333333335,1020.0883333333333,9.788129166666666,2007,1,Winter
2007-01-06,6.919444444444444,2.2499999999999982,10.61111111111111,4.950925925925926,0.8175,11.508145833333336,1022.9370833333332,10.119520833333334,2007,1,Winter
2007-01-07,4.714583333333334,1.3055555555555562,10.116666666666667,2.327083333333333,0.8816666666666667,11.022462500000001,1022.5458333333332,6.3112,2007,1,Winter
2007-01-08,5.546296296296297,-0.4833333333333339,10.933333333333334,3.9013888888888886,0.8966666666666666,9.375566666666666,1018.8254166666667,8.606120833333334,2007,1,Winter
2007-01-09,7.309490740740741,3.872222222222222,12.894444444444446,5.983101851851852,0.8716666666666667,8.4021875,1022.0341666666667,10.385170833333333,2007,1,Winter
2007-01-10,8.970601851851852,4.061111111111113,15.738888888888887,7.788888888888889,0.83875,11.021120833333335,1025.8145833333333,10.570991666666666,2007,1,Winter
2007-01-11,7.285648148148148,3.1944444444444446,12.894444444444446,5.368287037037038,0.8937499999999999,12.465425000000002,1021.7016666666667,8.955625,2007,1,Winter
2007-01-12,7.157870370370371,2.6055555555555543,12.17222222222222,4.440509259259259,0.7379166666666667,21.376775,1019.0158333333334,11.345133333333335,2007,1,Winter
2007-01-13,7.226157407407407,2.4833333333333325,13.411111111111111,5.147916666666666,0.71625,13.913754166666665,1024.2508333333333,11.714091666666667,2007,1,Winter
2007-01-14,7.189583333333332,1.3055555555555562,14.97777777777778,5.721064814814814,0.7458333333333332,12.692166666666667,1026.1958333333334,11.7389125,2007,1,Winter
2007-01-15,4.3875,-0.8944444444444442,11.155555555555557,2.5909722222222222,0.7608333333333334,9.970595833333332,1032.7208333333333,10.42475,2007,1,Winter
2007-01-16,1.8567129629629628,-2.511111111111111,8.072222222222223,-0.702777777777778,0.8491666666666666,9.260183333333334,1027.6716666666666,7.925225,2007,1,Winter
2007-01-17,3.22199074074074,-0.6500000000000009,9.000000000000002,0.7925925925925931,0.8562500000000001,9.503025000000001,1026.0029166666666,6.577520833333334,2007,1,Winter
2007-01-18,7.897453703703704,0.5999999999999991,13.88888888888889,5.959722222222222,0.7883333333333334,20.804554166666666,1011.0754166666666,9.405083333333334,2007,1,Winter
2007-01-19,9.381712962962963,6.733333333333332,13.699999999999998,7.320833333333333,0.7783333333333333,29.853425,1008.5816666666666,12.9504375,2007,1,Winter
2007-01-20,7.411574074074075,1.8444444444444448,10.066666666666666,5.425462962962963,0.7870833333333334,13.682987500000001,1019.5483333333333,10.071891666666668,2007,1,Winter
2007-01-21,7.961805555555556,2.994444444444445,13.794444444444444,6.751620370370371,0.8491666666666666,8.4746375,1016.2941666666667,8.133854166666667,2007,1,Winter
2007-01-22,6.341666666666666,4.400000000000001,8.81111111111111,4.783101851851852,0.7533333333333333,8.414933333333334,1018.21,11.834841666666668,2007,1,Winter
2007-01-23,6.293981481481481,2.8500000000000014,10.044444444444444,4.006018518518518,0.8845833333333334,12.759920833333334,1008.7075,10.1248875,2007,1,Winter
2007-01-24,6.60925925925926,0.4888888888888903,11.022222222222224,3.7881944444444446,0.85875,18.908779166666665,997.8083333333334,10.601179166666666,2007,1,Winter
2007-01-25,-0.6837962962962965,-2.244444444444444,1.0888888888888897,-4.972453703703704,0.8091666666666667,14.941470833333334,1012.8504166666667,11.583279166666665,2007,1,Winter
2007-01-26,-2.493287037037037,-5.616666666666666,1.1388888888888873,-3.3252314814814814,0.7933333333333333,4.542212500000001,1022.3870833333334,10.461645833333334,2007,1,Winter
2007-01-27,-1.5719907407407405,-5.977777777777779,1.1333333333333329,-6.007638888888889,0.7975,17.222975,1018.6170833333334,9.654633333333335,2007,1,Winter
2007-01-28,1.0618055555555557,-2.6888888888888887,4.905555555555555,-4.006018518518519,0.735,21.0749,1022.8458333333333,11.836854166666667,2007,1,Winter
2007-01-29,5.430324074074075,1.4388888888888909,8.944444444444445,1.1662037037037039,0.6645833333333333,25.969970833333335,1012.67875,12.191054166666667,2007,1,Winter
2007-01-30,4.596527777777778,0.7611111111111097,7.344444444444444,0.9724537037037035,0.7479166666666667,19.977416666666667,1019.0720833333334,12.419808333333334,2007,1,Winter
2007-01-31,3.2581018518518516,-1.655555555555556,8.977777777777776,0.3418981481481482,0.7816666666666667,12.166904166666667,1020.86375,12.101162500000001,2007,1,Winter
2007-02-01,5.913657407407407,0.7388888888888879,10.050000000000002,2.011574074074074,0.7083333333333334,29.37445,1016.85,12.102504166666668,2007,2,Winter
2007-02-02,2.23287037037037,-3.2222222222222228,7.822222222222221,0.041203703703703486,0.7470833333333333,8.8570125,1027.4270833333333,11.657741666666666,2007,2,Winter
2007-02-03,4.10138888888889,-2.383333333333333,8.866666666666667,0.48240740740740734,0.77375,21.361345833333335,1021.7800000000001,10.771570833333334,2007,2,Winter
2007-02-04,1.9729166666666664,-2.244444444444444,7.244444444444444,-1.2368055555555557,0.7466666666666667,13.191266666666666,1024.4575,12.005904166666667,2007,2,Winter
2007-02-05,2.104398148148148,-4.183333333333334,8.983333333333334,-0.4942129629629628,0.7625000000000001,11.885154166666666,1017.3716666666666,12.087745833333335,2007,2,Winter
2007-02-06,5.303472222222222,-0.777777777777777,11.083333333333336,3.4636574074074074,0.72375,9.389654166666666,1006.4545833333333,11.861004166666667,2007,2,Winter
2007-02-07,6.0710648148148145,2.411111111111113,9.244444444444444,4.424305555555556,0.8229166666666666,8.482016666666667,1006.0916666666667,10.912445833333335,2007,2,Winter
2007-02-08,8.234027777777778,2.805555555555554,14.97222222222222,6.6685185185185185,0.7637499999999999,15.534487500000003,1005.9529166666666,10.109458333333334,2007,2,Winter
2007-02-09,6.9618055555555545,0.0611111111111108,10.111111111111112,6.030092592592593,0.8775,7.0819875,1009.53625,9.250120833333334,2007,2,Winter
2007-02-10,7.1053240740740735,0.6611111111111099,12.611111111111112,6.521296296296296,0.9070833333333334,6.831766666666667,1010.7804166666666,7.2912875,2007,2,Winter
2007-02-11,7.613194444444445,6.061111111111109,9.083333333333334,7.443287037037037,0.9679166666666666,3.0616833333333333,1010.9083333333333,1.388625,2007,2,Winter
2007-02-12,7.301157407407408,5.355555555555556,9.31666666666667,5.166203703703704,0.94875,12.245391666666668,1007.515,4.6529,2007,2,Winter
2007-02-13,6.8858796296296285,5.966666666666668,7.777777777777778,4.734953703703703,0.9366666666666666,12.132020833333334,1002.0716666666667,9.839783333333335,2007,2,Winter
2007-02-14,6.999537037037037,2.2888888888888874,12.266666666666666,5.422916666666667,0.7891666666666667,13.212733333333333,1013.0295833333333,12.213191666666667,2007,2,Winter
2007-02-15,6.148611111111111,1.183333333333335,10.955555555555556,4.172685185185185,0.8783333333333334,10.5616,1016.1308333333333,9.791483333333334,2007,2,Winter
2007-02-16,5.061111111111111,1.338888888888887,7.733333333333334,3.408101851851852,0.8483333333333333,7.871558333333334,1022.67125,11.870395833333333,2007,2,Winter
2007-02-17,2.6979166666666665,1.0888888888888897,4.061111111111113,0.05787037037037026,0.9033333333333333,10.639416666666667,1028.1654166666667,9.367516666666667,2007,2,Winter
2007-02-18,2.4701388888888887,-0.5999999999999991,7.044444444444444,-1.500462962962963,0.785,16.6735625,1026.1429166666667,11.3666,2007,2,Winter
2007-02-19,2.489351851851852,-1.6888888888888884,8.81111111111111,0.774537037037037,0.8658333333333333,6.688208333333333,1016.8820833333334,8.137879166666666,2007,2,Winter
2007-02-20,4.01875,-2.0500000000000007,11.08888888888889,3.553703703703704,0.8179166666666666,4.9427,1015.6662499999999,6.229358333333334,2007,2,Winter
2007-02-21,6.934490740740741,-0.9333333333333332,12.111111111111107,6.484722222222222,0.8341666666666666,6.372245833333333,1017.9391666666667,8.444450000000002,2007,2,Winter
2007-02-22,8.380092592592591,4.444444444444445,14.733333333333336,7.4006944444444445,0.8620833333333334,10.466341666666667,1013.8508333333333,8.622220833333333,2007,2,Winter
2007-02-23,3.5215277777777776,-1.161111111111111,8.900000000000002,1.4337962962962962,0.8675,8.882504166666667,1016.9375,5.869791666666667,2007,2,Winter
2007-02-24,1.6643518518518519,-1.6388888888888884,5.116666666666667,-3.2594907407407407,0.6275000000000001,22.9364625,1020.2220833333334,11.29415,2007,2,Winter
2007-02-25,1.0780092592592594,-2.616666666666667,4.977777777777778,-4.342824074074074,0.6070833333333333,24.476695833333334,1016.05375,11.992487500000001,2007,2,Winter
2007-02-26,2.3997685185185187,0.6277777777777792,4.816666666666667,-1.6842592592592593,0.8404166666666666,19.902283333333333,1010.0579166666666,8.107020833333333,2007,2,Winter
2007-02-27,4.453703703703703,0.7888888888888899,10.02222222222222,2.665509259259259,0.8370833333333333,9.969254166666667,1013.4854166666668,8.507508333333334,2007,2,Winter
2007-02-28,6.419444444444444,0.166666666666665,10.038888888888888,4.0717592592592595,0.77,14.199529166666666,1008.9404166666667,11.329033333333333,2007,2,Winter
2007-03-01,10.848611111111111,5.183333333333333,16.016666666666666,9.900231481481482,0.7533333333333333,15.149429166666666,1006.37875,12.2521,2007,3,Spring
2007-03-02,7.833333333333333,4.516666666666668,10.994444444444444,5.939351851851852,0.8670833333333333,11.628895833333333,1006.75875,12.104516666666667,2007,3,Spring
2007-03-03,7.056712962962963,0.1222222222222216,12.2,5.029861111111111,0.8408333333333333,15.0917375,1011.1966666666667,9.064970833333334,2007,3,Spring
2007-03-04,7.055092592592593,0.9722222222222222,10.072222222222225,4.035648148148148,0.7425,23.05452916666667,1019.5483333333333,11.335070833333333,2007,3,Spring
2007-03-05,5.064351851851852,-2.244444444444444,11.205555555555556,3.7231481481481485,0.72125,9.1749875,1024.6104166666667,10.597825,2007,3,Spring
2007-03-06,8.120601851851852,-0.9000000000000006,15.02222222222222,7.038888888888889,0.6416666666666667,10.729308333333334,1019.7208333333333,11.658412499999999,2007,3,Spring
2007-03-07,10.703935185185186,3.866666666666667,17.77777777777778,9.507407407407408,0.6320833333333333,18.56866666666667,1012.1954166666666,11.903266666666667,2007,3,Spring
2007-03-08,10.311342592592592,6.227777777777778,15.994444444444444,9.323148148148148,0.655,14.5966625,1014.9045833333333,11.566508333333333,2007,3,Spring
2007-03-09,8.74976851851852,4.188888888888888,12.750000000000002,7.8358796296296305,0.8070833333333334,7.7192791666666665,1021.8045833333334,9.6942125,2007,3,Spring
2007-03-10,8.169212962962963,7.15,9.866666666666664,6.791666666666667,0.84375,8.8389,1026.7104166666666,10.151720833333334,2007,3,Spring
2007-03-11,8.162037037037036,3.1944444444444446,12.783333333333331,6.662268518518519,0.7095833333333333,13.532720833333334,1031.2158333333334,11.394775000000001,2007,3,Spring
2007-03-12,8.23564814814815,-1.0500000000000005,16.11111111111111,7.822685185185185,0.6675,6.5822166666666675,1029.57875,9.558033333333332,2007,3,Spring
2007-03-13,10.521527777777777,4.861111111111111,16.227777777777778,10.21574074074074,0.6983333333333334,8.806700000000001,1026.27125,12.003220833333332,2007,3,Spring
2007-03-14,10.064814814814815,1.25,17.972222222222218,9.833796296296297,0.6974999999999999,4.402679166666667,1026.1158333333333,9.433258333333333,2007,3,Spring
2007-03-15,9.037037037037038,2.82777777777778,14.994444444444447,7.939120370370371,0.625,12.732416666666667,1024.67125,11.200233333333335,2007,3,Spring
2007-03-16,7.335648148148148,-0.1166666666666671,14.97777777777778,7.189583333333332,0.6545833333333334,3.63055,1024.0370833333334,10.832616666666667,2007,3,Spring
2007-03-17,10.534490740740742,1.1444444444444457,17.82222222222222,10.247916666666667,0.58625,14.563120833333334,1018.3120833333334,9.339341666666668,2007,3,Spring
2007-03-18,11.692824074074075,3.066666666666668,17.288888888888888,10.88125,0.5754166666666667,18.7907125,1010.2395833333334,11.496741666666667,2007,3,Spring
2007-03-19,11.24375,5.416666666666667,18.49444444444445,10.531712962962962,0.6304166666666666,12.080366666666668,994.5025,10.579041666666667,2007,3,Spring
2007-03-20,9.07337962962963,3.888888888888889,14.955555555555556,7.831712962962963,0.7304166666666667,18.4968875,990.07125,11.0989375,2007,3,Spring
2007-03-21,4.428472222222222,-0.4777777777777774,7.755555555555556,2.1939814814814813,0.8170833333333333,10.186604166666667,999.7233333333334,11.956933333333334,2007,3,Spring
2007-03-22,5.000925925925926,-2.144444444444444,10.999999999999998,3.0828703703703706,0.8191666666666667,10.369741666666668,1007.44875,11.618162500000002,2007,3,Spring
2007-03-23,6.504166666666666,4.161111111111112,9.47777777777778,2.9627314814814816,0.9170833333333334,20.5134125,996.0495833333333,7.127604166666667,2007,3,Spring
2007-03-24,6.084027777777777,2.805555555555554,9.788888888888888,3.1414351851851854,0.8441666666666667,14.881095833333333,1007.8866666666667,10.663566666666666,2007,3,Spring
2007-03-25,8.468981481481482,1.1999999999999982,15.016666666666667,7.227083333333333,0.72375,12.3104625,1019.7120833333333,11.853625,2007,3,Spring
2007-03-26,7.609722222222223,1.25,12.894444444444446,6.625462962962963,0.79625,8.7584,1021.5395833333333,11.8979,2007,3,Spring
2007-03-27,7.524768518518518,1.0611111111111091,12.894444444444446,6.7414351851851855,0.6491666666666667,8.8127375,1023.5016666666667,11.265975,2007,3,Spring
2007-03-28,8.583333333333334,1.3000000000000018,13.91111111111111,7.583333333333333,0.5745833333333333,16.471641666666667,1022.1037499999999,11.6865875,2007,3,Spring
2007-03-29,8.912962962962963,5.027777777777776,12.650000000000002,7.378703703703703,0.6,13.892958333333334,1021.3695833333333,12.183004166666668,2007,3,Spring
2007-03-30,9.030324074074073,5.927777777777779,12.977777777777778,7.887962962962963,0.6554166666666666,11.965654166666667,1017.0154166666666,12.254783333333334,2007,3,Spring
2007-03-31,9.643518518518519,2.3888888888888875,16.20555555555556,9.307175925925927,0.6541666666666667,5.033933333333334,1018.6275,11.536320833333335,2007,3,Spring
2007-04-01,9.90162037037037,3.75,17.17777777777778,9.061805555555555,0.67625,7.295983333333333,1027.4258333333335,10.5133,2007,4,Spring
2007-04-02,9.794444444444444,2.1111111111111094,17.288888888888888,9.387037037037038,0.5625,5.060766666666667,1025.9424999999999,10.844691666666668,2007,4,Spring
2007-04-03,10.17662037037037,1.094444444444444,17.33888888888889,9.680787037037037,0.5475,6.276987500000001,1012.0524999999999,11.273354166666666,2007,4,Spring
2007-04-04,10.376157407407407,2.9166666666666665,17.333333333333332,9.300462962962962,0.5516666666666666,13.320066666666667,1009.4583333333334,11.8113625,2007,4,Spring
2007-04-05,7.702546296296297,2.677777777777778,12.92222222222222,5.630787037037037,0.505,16.067800000000002,1015.8241666666667,12.126654166666667,2007,4,Spring
2007-04-06,11.146527777777777,3.95,17.96111111111111,10.255324074074073,0.5604166666666667,13.9365625,1016.7233333333334,12.111225,2007,4,Spring
2007-04-07,10.898148148148147,3.022222222222221,17.31111111111111,10.447916666666666,0.6062500000000001,10.640087500000002,1019.4812499999999,11.934125,2007,4,Spring
2007-04-08,10.287731481481481,4.4555555555555575,17.15,9.336805555555555,0.5579166666666667,11.818070833333332,1020.6045833333333,11.974375,2007,4,Spring
2007-04-09,11.72824074074074,1.9944444444444465,19.488888888888887,11.50625,0.5458333333333333,7.648841666666667,1018.5820833333333,12.122629166666668,2007,4,Spring
2007-04-10,13.988888888888887,6.144444444444446,20.166666666666668,13.737499999999999,0.54,13.925829166666666,1017.3504166666667,11.867712500000001,2007,4,Spring
2007-04-11,12.21574074074074,5.650000000000001,17.89444444444444,12.045833333333334,0.6241666666666666,5.747029166666667,1022.3325,12.601604166666668,2007,4,Spring
2007-04-12,14.118518518518519,4.333333333333332,22.28888888888889,14.024537037037037,0.6191666666666666,4.868908333333334,1023.9274999999999,11.850270833333333,2007,4,Spring
2007-04-13,14.830555555555554,6.672222222222221,22.40555555555555,14.473611111111111,0.5583333333333333,8.947575,1024.0991666666666,12.126654166666667,2007,4,Spring
2007-04-14,14.39189814814815,7.011111111111109,22.31111111111111,13.97800925925926,0.4479166666666667,11.881129166666668,1023.3004166666666,11.909975000000001,2007,4,Spring
2007-04-15,14.287962962962963,5.155555555555556,20.216666666666665,13.991666666666665,0.45708333333333334,14.628191666666668,1022.6458333333334,11.883141666666667,2007,4,Spring
2007-04-16,10.839814814814815,3.494444444444444,17.4,10.15162037037037,0.5066666666666667,11.241154166666668,1023.1166666666667,11.883141666666667,2007,4,Spring
2007-04-17,11.98425925925926,1.7499999999999991,19.97777777777777,11.84236111111111,0.5166666666666667,4.9366625,1018.5708333333333,11.934125,2007,4,Spring
2007-04-18,13.488657407407407,4.155555555555554,22.266666666666666,12.920138888888891,0.49666666666666665,19.3300625,1014.1295833333334,12.015295833333333,2007,4,Spring
2007-04-19,9.47962962962963,3.0388888888888883,16.16111111111111,8.86574074074074,0.48541666666666666,8.503483333333334,1019.7929166666667,11.684575,2007,4,Spring
2007-04-20,12.996527777777777,2.716666666666667,21.23333333333333,12.601157407407406,0.46291666666666664,10.743395833333333,1016.2533333333334,11.883141666666667,2007,4,Spring
2007-04-21,11.487731481481482,5.555555555555555,17.87777777777778,10.812962962962963,0.43083333333333335,9.364833333333333,1020.5495833333333,14.429625000000001,2007,4,Spring
2007-04-22,10.250694444444445,2.627777777777776,17.933333333333334,9.835648148148149,0.45333333333333337,9.3520875,1025.0516666666667,15.595533333333334,2007,4,Spring
2007-04-23,11.937962962962963,0.1388888888888889,21.244444444444444,11.90787037037037,0.4266666666666667,5.207679166666667,1024.1470833333333,12.1414125,2007,4,Spring
2007-04-24,14.275462962962962,3.0166666666666666,22.82222222222222,14.223842592592591,0.5633333333333334,8.7121125,1017.96625,11.9844375,2007,4,Spring
2007-04-25,12.705787037037036,6.25,17.866666666666664,12.449074074074074,0.73,11.69665,1017.1891666666667,11.692625,2007,4,Spring
2007-04-26,14.153009259259258,5.122222222222222,22.338888888888885,14.021296296296297,0.635,7.966145833333333,1023.3175,10.774925000000001,2007,4,Spring
2007-04-27,14.749305555555557,6.144444444444446,22.82777777777778,14.636342592592593,0.5591666666666667,5.225791666666667,1023.7279166666667,10.797062500000001,2007,4,Spring
2007-04-28,16.619675925925925,7.355555555555558,24.105555555555554,16.54537037037037,0.45291666666666663,10.179895833333335,1010.03125,11.663779166666666,2007,4,Spring
2007-04-29,16.95138888888889,9.933333333333334,25.09444444444445,16.887268518518518,0.4945833333333333,14.497379166666667,1012.5025,11.7469625,2007,4,Spring
2007-04-30,12.67662037037037,6.383333333333335,19.07222222222222,12.27361111111111,0.5166666666666667,8.515558333333333,1013.0095833333334,11.898570833333332,2007,4,Spring
2007-05-01,11.032175925925927,3.800000000000002,17.416666666666668,9.92523148148148,0.3970833333333333,13.466979166666667,1013.6774999999999,12.333270833333332,2007,5,Spring
2007-05-02,9.821527777777778,1.3611111111111127,16.266666666666666,8.49074074074074,0.33166666666666667,10.876220833333335,1019.0195833333333,11.883141666666667,2007,5,Spring
2007-05-03,14.408101851851852,4.005555555555556,21.03333333333333,13.938888888888888,0.40625,10.236916666666668,1014.6383333333333,11.922720833333335,2007,5,Spring
2007-05-04,15.261342592592593,11.183333333333334,20.166666666666668,15.261342592592593,0.6883333333333334,11.995841666666669,1011.6445833333333,11.394104166666667,2007,5,Spring
2007-05-05,19.01712962962963,13.311111111111112,25.87222222222222,19.01712962962963,0.6666666666666666,10.965441666666669,1007.0466666666666,11.112354166666668,2007,5,Spring
2007-05-06,14.827777777777778,12.82777777777778,17.988888888888887,14.827777777777778,0.8808333333333334,9.374225000000001,1010.50625,7.0196000000000005,2007,5,Spring
2007-05-07,15.766203703703704,11.288888888888888,22.25,15.766203703703704,0.7683333333333334,8.3337625,1011.7895833333333,9.906195833333333,2007,5,Spring
2007-05-08,16.91111111111111,11.605555555555556,22.355555555555554,16.91111111111111,0.65125,11.224383333333334,1012.1933333333333,12.364129166666666,2007,5,Spring
2007-05-09,13.89050925925926,10.605555555555558,17.84444444444445,13.89050925925926,0.7591666666666667,12.074329166666667,1015.4791666666666,12.5318375,2007,5,Spring
2007-05-10,16.289814814814815,10.627777777777778,22.322222222222223,16.289814814814815,0.73,8.628929166666667,1017.5054166666667,12.026029166666667,2007,5,Spring
2007-05-11,19.830324074074074,10.694444444444445,27.40555555555555,19.800925925925924,0.58875,13.876858333333333,1011.8420833333333,12.442616666666666,2007,5,Spring
2007-05-12,17.05324074074074,10.6,22.17777777777778,17.05324074074074,0.6170833333333333,8.150625,1014.2041666666668,12.371508333333333,2007,5,Spring
2007-05-13,20.212962962962965,9.905555555555557,27.37777777777778,20.178472222222222,0.555,8.2371625,1016.7495833333334,11.732875,2007,5,Spring
2007-05-14,21.678935185185185,14.283333333333337,28.25555555555556,21.62037037037037,0.5379166666666667,11.255241666666668,1012.8850000000001,12.400354166666666,2007,5,Spring
2007-05-15,21.397222222222222,14.444444444444445,29.14444444444444,21.166203703703705,0.5883333333333334,11.612795833333335,1010.08875,10.998983333333333,2007,5,Spring
2007-05-16,15.72800925925926,11.044444444444444,19.89444444444445,15.72800925925926,0.6845833333333333,12.08305,1013.07875,12.059570833333334,2007,5,Spring
2007-05-17,15.185648148148148,9.11111111111111,20.022222222222226,15.12800925925926,0.6433333333333333,5.807404166666667,1008.7945833333333,12.3648,2007,5,Spring
2007-05-18,12.430787037037037,10.666666666666668,15.455555555555556,12.430787037037037,0.6875,18.779308333333333,1011.2708333333334,10.621975,2007,5,Spring
2007-05-19,14.451157407407408,10.627777777777778,18.061111111111117,14.451157407407408,0.8020833333333334,6.284366666666667,1014.4733333333334,10.611241666666666,2007,5,Spring
2007-05-20,17.918518518518518,12.449999999999998,22.861111111111114,17.918518518518518,0.7795833333333334,3.7506291666666667,1016.8729166666667,8.948245833333333,2007,5,Spring
2007-05-21,21.899537037037035,13.855555555555554,27.916666666666668,21.915972222222223,0.6375000000000001,11.592,1015.0354166666666,11.182120833333334,2007,5,Spring
2007-05-22,21.321527777777778,15.22222222222222,28.71111111111112,21.410648148148145,0.6679166666666667,10.275825,1012.16125,11.987791666666666,2007,5,Spring
2007-05-23,21.788194444444443,14.105555555555556,28.55,21.81226851851852,0.6720833333333333,8.111045833333334,1011.9366666666666,11.865029166666666,2007,5,Spring
2007-05-24,21.565509259259258,14.844444444444443,28.066666666666663,21.628472222222225,0.6666666666666666,9.144129166666668,1011.8820833333333,12.050849999999999,2007,5,Spring
2007-05-25,20.106018518518518,15.577777777777776,27.76111111111111,20.146064814814817,0.7566666666666667,8.2613125,1012.0358333333334,11.514183333333333,2007,5,Spring
2007-05-26,22.787731481481483,14.1,29.050000000000004,22.875,0.6775000000000001,8.820116666666667,1007.6695833333333,10.493174999999999,2007,5,Spring
2007-05-27,22.881944444444443,17.444444444444443,27.916666666666668,22.92152777777778,0.6520833333333333,9.293054166666666,1003.855,11.893875,2007,5,Spring
2007-05-28,20.985416666666666,15.677777777777775,27.800000000000004,21.000462962962963,0.6945833333333332,14.040541666666668,997.2687500000001,12.070974999999999,2007,5,Spring
2007-05-29,17.55300925925926,13.800000000000002,22.89444444444444,17.55300925925926,0.65625,8.734920833333334,1002.2816666666666,11.565166666666668,2007,5,Spring
2007-05-30,15.081249999999999,10.305555555555554,19.98333333333333,15.081249999999999,0.7120833333333333,11.907962500000002,1010.6237500000001,11.48735,2007,5,Spring
2007-05-31,15.129166666666668,8.627777777777778,20.98888888888889,14.908101851851852,0.69375,6.875370833333334,1014.2470833333333,11.7107375,2007,5,Spring
2007-06-01,17.855092592592595,10.42222222222222,23.672222222222224,17.855092592592595,0.6920833333333333,8.012433333333334,1013.4758333333333,11.439720833333332,2007,6,Summer
2007-06-02,18.45949074074074,12.68888888888889,24.899999999999995,18.45949074074074,0.7166666666666667,6.720408333333334,1014.98625,11.933454166666666,2007,6,Summer
2007-06-03,20.81597222222222,12.805555555555554,27.23888888888889,20.79050925925926,0.64625,5.946937500000001,1017.0283333333333,11.256583333333333,2007,6,Summer
2007-06-04,20.320138888888888,14.949999999999998,27.266666666666666,20.33263888888889,0.7108333333333333,10.10275,1017.2554166666667,12.052862500000002,2007,6,Summer
2007-06-05,20.05324074074074,13.744444444444447,27.24444444444445,20.096527777777776,0.7475,9.305129166666667,1014.3562499999999,11.031854166666667,2007,6,Summer
2007-06-06,20.188425925925927,14.755555555555556,25.05,20.188425925925927,0.74625,8.1566625,1014.18375,12.127995833333335,2007,6,Summer
2007-06-07,21.088657407407407,13.499999999999998,27.75555555555555,21.058333333333334,0.6695833333333333,7.254391666666667,1015.1566666666666,10.733333333333334,2007,6,Summer
2007-06-08,21.86828703703704,13.47222222222222,28.911111111111115,21.733101851851853,0.6129166666666667,5.176820833333333,1015.7820833333334,11.1412,2007,6,Summer
2007-06-09,21.8962962962963,15.3,27.96666666666667,21.896527777777777,0.6408333333333333,6.044208333333334,1016.18125,12.712962500000001,2007,6,Summer
2007-06-10,22.787499999999998,15.25,29.80555555555556,22.580092592592592,0.5962500000000001,7.4402125,1014.16125,11.7308625,2007,6,Summer
2007-06-11,21.027777777777775,15.622222222222222,27.800000000000004,21.049537037037037,0.6866666666666666,7.729341666666667,1011.3058333333333,12.760591666666668,2007,6,Summer
2007-06-12,21.160648148148148,14.005555555555556,27.73333333333333,21.09189814814815,0.6687500000000001,6.5439791666666665,1009.2758333333333,10.836641666666667,2007,6,Summer
2007-06-13,22.39814814814815,14.8,29.90555555555555,22.25277777777778,0.6408333333333334,8.208987500000001,1008.37125,10.6441125,2007,6,Summer
2007-06-14,23.619444444444444,15.872222222222222,30.050000000000004,23.60648148148148,0.6445833333333334,8.0922625,1008.1708333333332,10.753458333333334,2007,6,Summer
2007-06-15,25.316203703703707,18.28333333333333,31.161111111111115,25.339583333333334,0.59875,9.945104166666667,1008.80375,11.3605625,2007,6,Summer
2007-06-16,20.99375,16.62777777777778,25.18333333333333,20.99375,0.7725,6.476895833333334,1009.7254166666667,11.79325,2007,6,Summer
2007-06-17,22.669212962962963,14.711111111111109,28.88888888888889,22.51388888888889,0.6116666666666667,5.4317375000000006,1011.9408333333334,10.9741625,2007,6,Summer
2007-06-18,23.8150462962963,16.67222222222222,30.97222222222222,23.629166666666666,0.5870833333333333,11.457833333333333,1012.0995833333333,12.084391666666667,2007,6,Summer
2007-06-19,23.503703703703703,14.77777777777778,30.75,23.322685185185183,0.5891666666666667,7.218166666666668,1014.8316666666666,11.93815,2007,6,Summer
2007-06-20,25.72152777777778,15.627777777777778,32.28888888888889,25.49513888888889,0.5658333333333333,6.307175,1014.6416666666668,11.705370833333333,2007,6,Summer
2007-06-21,26.628703703703703,18.41111111111111,33.96111111111111,26.44861111111111,0.5479166666666667,14.090854166666668,1011.2475,10.497870833333332,2007,6,Summer
2007-06-22,24.572222222222223,16.833333333333332,31.100000000000005,24.402546296296297,0.5908333333333333,10.681008333333333,1011.6470833333333,11.168033333333334,2007,6,Summer
2007-06-23,21.599537037037038,16.211111111111112,27.73333333333333,21.495833333333334,0.5920833333333334,11.907291666666667,1012.2979166666668,12.174954166666666,2007,6,Summer
2007-06-24,22.94490740740741,13.983333333333334,28.86111111111111,22.712037037037035,0.5095833333333334,6.549345833333334,1016.9875000000001,11.907291666666666,2007,6,Summer
2007-06-25,26.23888888888889,17.427777777777777,33.83888888888888,25.81782407407407,0.5104166666666666,10.5917875,1008.63375,12.376204166666668,2007,6,Summer
2007-06-26,23.135416666666668,16.116666666666664,27.45,23.021990740740744,0.5058333333333334,14.8603,1003.3945833333333,12.105858333333332,2007,6,Summer
2007-06-27,20.362962962962964,13.788888888888888,26.03333333333333,20.362962962962964,0.5270833333333333,9.519795833333333,1007.4725,11.777149999999999,2007,6,Summer
2007-06-28,17.79074074074074,12.327777777777776,23.83888888888889,17.79074074074074,0.53,11.878445833333332,1007.3983333333332,12.146108333333332,2007,6,Summer
2007-06-29,19.744907407407407,10.555555555555555,26.08333333333333,19.744907407407407,0.51125,7.5508999999999995,1017.0758333333333,11.799958333333334,2007,6,Summer
2007-06-30,20.451851851851853,12.377777777777778,27.03888888888889,20.409953703703703,0.5245833333333333,6.033475,1016.9870833333333,12.735770833333333,2007,6,Summer
2007-07-01,22.396990740740744,12.161111111111111,28.96111111111111,22.084490740740744,0.4975,6.675462500000001,1015.5258333333333,11.898570833333332,2007,7,Summer
2007-07-02,25.267361111111114,14.955555555555556,32.31666666666667,24.749305555555555,0.4870833333333333,10.2778375,1010.6525,11.887166666666666,2007,7,Summer
2007-07-03,22.900462962962962,18.77777777777778,29.88333333333334,22.80439814814815,0.5791666666666667,8.655091666666667,1010.2725,11.910645833333334,2007,7,Summer
2007-07-04,20.54212962962963,13.355555555555554,28.55555555555556,20.562037037037037,0.6858333333333334,14.739550000000001,1004.5533333333333,11.337754166666668,2007,7,Summer
2007-07-05,17.413888888888888,12.872222222222224,22.75555555555555,17.413888888888888,0.5670833333333333,23.6488875,1008.9870833333333,12.141412500000001,2007,7,Summer
2007-07-06,19.155324074074073,12.27777777777778,25.65,19.155324074074073,0.5191666666666667,18.296308333333332,1011.8766666666667,12.755225000000001,2007,7,Summer
2007-07-07,21.595601851851853,15.794444444444444,27.75555555555555,21.46712962962963,0.5066666666666667,12.001208333333333,1016.2075,11.975045833333333,2007,7,Summer
2007-07-08,23.15023148148148,15.533333333333337,28.90555555555555,22.888657407407408,0.4920833333333334,6.901533333333334,1017.4658333333333,11.962299999999999,2007,7,Summer
2007-07-09,26.074537037037036,17.205555555555556,32.87222222222223,25.68425925925926,0.48541666666666666,10.860120833333333,1010.6316666666667,11.901925,2007,7,Summer
2007-07-10,16.886574074074073,12.711111111111112,19.772222222222226,16.886574074074073,0.75625,13.915095833333334,1009.44375,12.22795,2007,7,Summer
2007-07-11,16.941898148148148,11.094444444444443,22.70555555555556,16.941898148148148,0.6224999999999999,9.556020833333333,1011.8279166666666,12.478841666666668,2007,7,Summer
2007-07-12,17.855555555555558,11.22777777777778,24.75,17.855555555555558,0.5695833333333333,12.710949999999999,1015.8208333333333,11.939491666666667,2007,7,Summer
2007-07-13,20.0625,11.122222222222224,27.22222222222222,19.93773148148148,0.49541666666666667,10.615266666666667,1019.5483333333333,11.905279166666666,2007,7,Summer
2007-07-14,24.084953703703704,14.31111111111111,31.11111111111111,23.605324074074076,0.47,7.901075,1018.7908333333334,12.211179166666668,2007,7,Summer
2007-07-15,26.01226851851852,16.261111111111113,33.983333333333334,25.47939814814815,0.4825,7.372458333333333,1021.0920833333333,11.934795833333332,2007,7,Summer
2007-07-16,27.175925925925927,16.644444444444446,35.09444444444445,26.59212962962963,0.46,8.031216666666667,1019.225,11.913329166666665,2007,7,Summer
2007-07-17,28.480092592592595,17.977777777777778,37.82222222222222,27.746527777777775,0.41625,10.185933333333333,1016.1766666666667,11.8979,2007,7,Summer
2007-07-18,29.856712962962963,20.294444444444444,37.9388888888889,29.399305555555557,0.40958333333333335,9.604991666666667,1015.0866666666667,11.684575,2007,7,Summer
2007-07-19,30.25115740740741,20.00555555555556,38.98333333333333,29.80532407407408,0.41625,6.616429166666666,1014.2433333333333,11.883141666666667,2007,7,Summer
2007-07-20,30.12939814814815,20.488888888888887,38.98333333333333,29.331944444444446,0.38999999999999996,7.204079166666666,1012.8816666666667,11.913329166666665,2007,7,Summer
2007-07-21,29.67175925925926,19.48333333333333,39.58888888888889,28.98888888888889,0.40125000000000005,6.117329166666667,1011.24625,12.110554166666667,2007,7,Summer
2007-07-22,30.814351851851853,19.92777777777778,39.90555555555555,29.830787037037037,0.3566666666666667,13.707137500000002,1008.6004166666667,11.933454166666666,2007,7,Summer
2007-07-23,26.96550925925926,18.84444444444445,33.888888888888886,26.29351851851852,0.37875,12.293020833333335,1009.0595833333333,11.934795833333332,2007,7,Summer
2007-07-24,27.637962962962963,17.505555555555553,38.7,27.0287037037037,0.4375,16.9472625,1005.37,11.504791666666668,2007,7,Summer
2007-07-25,20.954166666666666,13.361111111111107,27.22222222222222,20.832407407407405,0.47333333333333333,18.567325,1014.8495833333333,11.547054166666667,2007,7,Summer
2007-07-26,21.34537037037037,12.13888888888889,28.93333333333333,20.957175925925924,0.4141666666666666,7.7045208333333335,1016.5195833333333,12.170929166666667,2007,7,Summer
2007-07-27,23.966898148148147,11.738888888888887,32.62777777777778,23.21990740740741,0.4083333333333334,5.364654166666667,1015.0941666666666,12.126654166666667,2007,7,Summer
2007-07-28,27.23125,16.283333333333335,34.97222222222222,26.5412037037037,0.39125000000000004,7.743429166666668,1014.2395833333334,11.557787499999998,2007,7,Summer
2007-07-29,24.719675925925927,17.73888888888889,30.716666666666672,24.405787037037033,0.4816666666666667,12.313816666666668,1012.4250000000001,11.298845833333333,2007,7,Summer
2007-07-30,17.206712962962964,13.916666666666664,22.61111111111111,17.206712962962964,0.67375,17.731466666666666,1012.27,12.548608333333334,2007,7,Summer
2007-07-31,18.094212962962963,11.094444444444443,24.838888888888885,18.094212962962963,0.50375,10.403954166666667,1016.4716666666667,11.900583333333332,2007,7,Summer
2007-08-01,18.90023148148148,9.844444444444443,27.15,18.759027777777778,0.46208333333333335,6.741204166666667,1016.8020833333334,11.924733333333334,2007,8,Summer
2007-08-02,21.587500000000002,12.483333333333333,28.96111111111111,21.183796296296297,0.4529166666666667,7.622679166666667,1016.28625,11.883141666666667,2007,8,Summer
2007-08-03,22.8462962962963,13.755555555555553,31.06666666666667,22.35763888888889,0.49583333333333335,11.055333333333335,1015.5720833333334,11.882470833333334,2007,8,Summer
2007-08-04,17.44699074074074,13.4,22.700000000000003,17.44699074074074,0.7091666666666666,12.183004166666668,1018.8270833333332,11.977729166666668,2007,8,Summer
2007-08-05,20.37800925925926,14.494444444444447,26.16111111111111,20.37800925925926,0.5941666666666666,12.6546,1015.9470833333334,12.37285,2007,8,Summer
2007-08-06,22.320833333333336,16.116666666666664,29.88333333333334,22.189814814814813,0.6604166666666667,10.558245833333334,1011.7954166666667,13.060454166666666,2007,8,Summer
2007-08-07,22.80972222222222,15.02777777777778,31.02777777777778,22.580555555555552,0.6079166666666667,7.645487500000001,1009.5033333333334,11.905279166666666,2007,8,Summer
2007-08-08,24.44861111111111,14.322222222222225,32.6888888888889,23.988425925925924,0.51625,5.3391625000000005,1009.0066666666667,12.010599999999998,2007,8,Summer
2007-08-09,25.221759259259258,17.227777777777774,32.22222222222222,24.907638888888886,0.5379166666666667,7.489854166666667,1006.7758333333333,11.845574999999998,2007,8,Summer
2007-08-10,23.966435185185187,18.82222222222222,29.90555555555555,23.812962962962967,0.5841666666666666,8.7402875,1006.71,12.191054166666667,2007,8,Summer
2007-08-11,21.064351851851853,16.133333333333333,26.683333333333334,21.08287037037037,0.6820833333333334,9.671404166666667,1007.3158333333334,12.930983333333332,2007,8,Summer
2007-08-12,19.76527777777778,15.866666666666667,23.78333333333333,19.76527777777778,0.75625,11.230420833333334,1007.7520833333333,12.515066666666668,2007,8,Summer
2007-08-13,22.75,17.733333333333334,28.79444444444444,22.647685185185185,0.6079166666666667,15.439900000000002,1009.8495833333333,12.1293375,2007,8,Summer
2007-08-14,23.421296296296294,15.92222222222222,30.99444444444445,23.10115740740741,0.5366666666666667,10.176541666666667,1010.96375,11.872408333333333,2007,8,Summer
2007-08-15,24.75115740740741,15.050000000000002,32.66111111111112,24.19513888888889,0.5025000000000001,6.617100000000001,1013.0595833333333,12.008587499999999,2007,8,Summer
2007-08-16,26.3875,17.272222222222226,33.888888888888886,25.828703703703706,0.4504166666666667,9.832404166666667,1011.7720833333333,11.956933333333334,2007,8,Summer
2007-08-17,26.819444444444446,17.41111111111111,34.21666666666667,26.618518518518517,0.4704166666666667,9.5211375,1012.8720833333333,12.111225,2007,8,Summer
2007-08-18,23.105787037037036,17.68888888888889,28.84444444444445,22.98611111111111,0.6158333333333333,9.659329166666668,1014.8908333333334,12.123970833333333,2007,8,Summer
2007-08-19,24.204166666666666,17.21666666666667,30.022222222222226,24.159953703703703,0.5966666666666667,10.190629166666668,1011.0108333333333,12.094454166666667,2007,8,Summer
2007-08-20,24.76111111111111,18.71111111111112,31.72222222222222,24.849537037037038,0.5766666666666667,12.778704166666666,1006.7950000000001,11.773125,2007,8,Summer
2007-08-21,23.943055555555556,16.044444444444444,31.9,23.633333333333336,0.5870833333333333,10.9942875,1009.0958333333333,12.005904166666667,2007,8,Summer
2007-08-22,26.625925925925927,18.266666666666666,34.40555555555556,26.353009259259256,0.53,13.46765,1012.1862500000001,11.663108333333334,2007,8,Summer
2007-08-23,29.463194444444444,20.488888888888887,37.12777777777777,29.782638888888886,0.5025000000000001,10.10275,1015.2683333333333,11.888508333333334,2007,8,Summer
2007-08-24,29.23263888888889,21.966666666666672,37.04444444444445,29.65833333333333,0.4991666666666667,10.9963,1019.6458333333334,11.887837500000002,2007,8,Summer
2007-08-25,27.277314814814815,20.23333333333333,33.75,26.784259259259258,0.4504166666666667,11.896558333333333,1022.1633333333333,11.675854166666667,2007,8,Summer
2007-08-26,24.916898148148146,18.4,30.97222222222222,24.49560185185185,0.44916666666666666,13.149675,1020.8391666666666,11.8958875,2007,8,Summer
2007-08-27,23.570138888888888,14.377777777777778,31.11111111111111,23.015046296296294,0.45416666666666666,6.0314625,1018.035,12.17965,2007,8,Summer
2007-08-28,21.895370370370372,17.305555555555557,27.016666666666666,21.925,0.6266666666666667,12.639170833333333,1012.5500000000001,13.336166666666665,2007,8,Summer
2007-08-29,19.970833333333335,15.994444444444444,27.47222222222222,19.949074074074073,0.6062500000000001,11.218345833333332,1012.4195833333333,12.1092125,2007,8,Summer
2007-08-30,18.264583333333334,15.633333333333333,22.15,18.264583333333334,0.7395833333333334,14.094208333333334,1013.6862500000001,12.183675000000001,2007,8,Summer
2007-08-31,18.769675925925927,13.77222222222222,22.73333333333333,18.769675925925927,0.5879166666666666,9.761295833333334,1015.8525,11.791237500000001,2007,8,Summer
2007-09-01,19.22013888888889,13.883333333333336,24.81666666666667,19.22013888888889,0.5816666666666667,14.918662500000002,1015.8675,11.948883333333333,2007,9,Fall
2007-09-02,17.1224537037037,10.050000000000002,23.83888888888889,17.1224537037037,0.5704166666666667,9.2353625,1017.80875,11.93815,2007,9,Fall
2007-09-03,18.08888888888889,8.316666666666666,25.99444444444445,18.062037037037037,0.5366666666666667,5.035945833333334,1013.0945833333334,12.170258333333335,2007,9,Fall
2007-09-04,13.837731481481482,10.372222222222224,19.61111111111111,13.837731481481482,0.755,18.058833333333336,1009.7895833333333,9.6117,2007,9,Fall
2007-09-05,9.517129629629629,8.638888888888888,10.85,7.616203703703704,0.855,15.46405,1010.9375,10.449570833333334,2007,9,Fall
2007-09-06,9.781018518518518,6.588888888888889,12.294444444444444,9.102777777777778,0.8408333333333333,8.722845833333333,1013.72125,9.190416666666668,2007,9,Fall
2007-09-07,9.819212962962963,3.9611111111111126,14.07777777777778,9.472453703703705,0.8170833333333333,4.520745833333334,1015.4633333333333,6.551358333333333,2007,9,Fall
2007-09-08,13.850925925925926,9.627777777777776,17.288888888888888,13.850925925925926,0.8125,11.151262500000001,1014.0370833333333,10.892991666666667,2007,9,Fall
2007-09-09,15.841435185185185,11.316666666666666,19.98333333333333,15.841435185185185,0.6645833333333333,21.66255,1012.9879166666666,12.673383333333334,2007,9,Fall
2007-09-10,15.227083333333333,10.050000000000002,21.08333333333333,15.227083333333333,0.6016666666666667,14.286737500000001,1015.0025,12.0045625,2007,9,Fall
2007-09-11,13.160648148148148,10.577777777777776,16.238888888888887,13.160648148148148,0.7804166666666666,13.245604166666666,1012.8870833333334,12.011941666666667,2007,9,Fall
2007-09-12,13.9,7.938888888888887,18.93333333333333,13.465740740740742,0.7008333333333333,20.242395833333333,1018.2554166666667,12.423833333333334,2007,9,Fall
2007-09-13,15.011342592592591,7.98888888888889,21.016666666666666,14.893749999999999,0.66625,11.240483333333335,1022.4516666666667,12.093112499999998,2007,9,Fall
2007-09-14,14.900925925925925,7.666666666666665,22.15,14.838194444444445,0.6879166666666667,4.308091666666667,1020.9333333333334,11.140529166666667,2007,9,Fall
2007-09-15,16.215046296296297,8.038888888888888,23.56666666666667,16.062962962962963,0.63125,16.128845833333333,1019.9066666666668,10.929216666666667,2007,9,Fall
2007-09-16,15.798379629629629,6.116666666666665,22.800000000000004,15.698148148148148,0.5358333333333333,8.1727625,1023.11375,11.9200375,2007,9,Fall
2007-09-17,19.920833333333334,11.066666666666668,27.800000000000004,19.85972222222222,0.57875,10.5938,1016.7708333333334,11.887837499999998,2007,9,Fall
2007-09-18,21.038888888888888,13.872222222222222,29.838888888888885,20.856712962962963,0.6470833333333333,17.345066666666668,1011.2666666666668,11.881129166666668,2007,9,Fall
2007-09-19,12.738425925925926,6.688888888888888,17.22222222222222,12.482407407407408,0.6970833333333334,14.390716666666668,1020.6520833333334,12.551291666666666,2007,9,Fall
2007-09-20,10.610416666666667,4.966666666666665,17.627777777777776,9.895601851851852,0.6354166666666666,9.6439,1025.85375,11.609441666666667,2007,9,Fall
2007-09-21,11.236342592592592,2.76111111111111,18.88888888888889,11.186574074074073,0.6158333333333333,4.323520833333334,1028.4245833333332,11.121745833333334,2007,9,Fall
2007-09-22,12.361111111111109,2.76111111111111,21.15555555555555,12.254629629629628,0.6275000000000001,3.2421375,1027.2241666666666,11.558458333333334,2007,9,Fall
2007-09-23,13.36736111111111,4.383333333333334,22.266666666666666,13.36736111111111,0.6041666666666666,3.712391666666667,1026.4225,11.090216666666665,2007,9,Fall
2007-09-24,13.766666666666667,4.9833333333333325,22.28888888888889,13.579166666666666,0.6162500000000001,4.912512500000001,1021.8483333333334,11.422279166666668,2007,9,Fall
2007-09-25,14.615277777777777,4.9833333333333325,23.96111111111111,14.424999999999999,0.6224999999999999,6.521170833333334,1014.4433333333333,10.575016666666667,2007,9,Fall
2007-09-26,13.127777777777778,7.355555555555558,17.17777777777778,13.031481481481483,0.7695833333333333,8.215695833333333,1011.77375,9.978645833333333,2007,9,Fall
2007-09-27,16.335185185185185,12.766666666666664,22.555555555555557,16.335185185185185,0.7937500000000001,13.7473875,1009.67125,8.813408333333333,2007,9,Fall
2007-09-28,15.440972222222223,11.199999999999998,19.92777777777778,15.440972222222223,0.8341666666666666,14.0291375,1011.9170833333333,9.176329166666667,2007,9,Fall
2007-09-29,14.62523148148148,7.316666666666667,22.800000000000004,14.525925925925925,0.7225,5.2385375000000005,1021.6854166666667,7.506625,2007,9,Fall
2007-09-30,15.24375,7.533333333333335,22.800000000000004,15.140277777777778,0.67875,4.247045833333334,1025.2562500000001,10.288570833333333,2007,9,Fall
2007-10-01,16.452546296296294,8.894444444444442,24.97777777777777,16.417592592592595,0.63,7.018929166666666,1026.2266666666667,11.941504166666666,2007,10,Fall
2007-10-02,16.53148148148148,8.927777777777777,24.95,16.53148148148148,0.6529166666666667,6.499033333333333,1022.9516666666667,11.414229166666667,2007,10,Fall
2007-10-03,16.441898148148148,8.905555555555557,25.022222222222226,16.441898148148148,0.6025,6.1347708333333335,1020.5995833333333,10.725283333333332,2007,10,Fall
2007-10-04,16.27199074074074,8.961111111111112,22.87777777777778,16.237731481481482,0.7429166666666666,4.616675,1021.1150000000001,8.146600000000001,2007,10,Fall
2007-10-05,17.328009259259257,11.183333333333334,22.788888888888884,17.328009259259257,0.7799999999999999,7.779654166666667,1019.3358333333334,7.5924916666666675,2007,10,Fall
2007-10-06,14.368518518518519,10.52777777777778,17.77777777777778,14.368518518518519,0.755,10.787670833333335,1019.1395833333332,9.141445833333334,2007,10,Fall
2007-10-07,12.497222222222222,7.85,17.77777777777778,12.209722222222224,0.6699999999999999,8.8711,1021.0470833333334,10.910433333333332,2007,10,Fall
2007-10-08,11.480324074074074,5.2888888888888905,19.81111111111111,11.351620370370371,0.66,3.721783333333333,1019.9712499999999,10.914458333333334,2007,10,Fall
2007-10-09,12.388425925925928,4.033333333333332,18.89444444444445,12.204861111111112,0.6445833333333334,5.865095833333334,1015.9041666666667,10.714550000000001,2007,10,Fall
2007-10-10,11.866435185185187,9.855555555555558,14.122222222222224,11.692361111111111,0.6858333333333334,9.337329166666667,1023.2808333333332,10.806454166666667,2007,10,Fall
2007-10-11,12.969675925925927,11.45,15.172222222222224,12.969675925925927,0.8145833333333333,4.668329166666667,1023.245,9.061616666666668,2007,10,Fall
2007-10-12,12.861805555555556,10.694444444444445,16.06666666666667,12.861805555555556,0.7570833333333334,8.689975,1018.8483333333334,7.614629166666667,2007,10,Fall
2007-10-13,8.47638888888889,1.9944444444444465,13.794444444444444,7.209953703703704,0.6820833333333334,13.898325,1021.0916666666667,11.320983333333333,2007,10,Fall
2007-10-14,5.1372685185185185,-1.1333333333333329,12.77777777777778,4.412037037037037,0.6045833333333334,6.725775,1027.985,10.565624999999999,2007,10,Fall
2007-10-15,5.970138888888889,-2.7777777777777777,14.02777777777778,5.680555555555556,0.6170833333333333,5.268725,1028.5683333333334,9.636520833333334,2007,10,Fall
2007-10-16,7.472222222222222,-1.2277777777777783,17.84444444444445,7.0821759259259265,0.6379166666666667,5.1177875,1026.3204166666667,11.260608333333332,2007,10,Fall
2007-10-17,8.331712962962962,-1.0444444444444438,19.02777777777778,8.22662037037037,0.6304166666666667,3.595666666666667,1022.8137499999999,10.0967125,2007,10,Fall
2007-10-18,10.45925925925926,-0.0222222222222217,19.683333333333337,10.355324074074074,0.6154166666666666,12.555316666666668,1016.7049999999999,10.520679166666666,2007,10,Fall
2007-10-19,6.97962962962963,2.7777777777777777,10.055555555555555,4.004861111111111,0.72375,19.270358333333334,1020.2920833333333,10.311379166666667,2007,10,Fall
2007-10-20,4.418981481481482,0.0277777777777761,8.93888888888889,2.1050925925925923,0.7345833333333333,9.761295833333334,1024.6595833333333,11.987120833333334,2007,10,Fall
2007-10-21,5.3939814814814815,2.6555555555555563,7.288888888888888,2.259259259259259,0.7779166666666666,15.248712500000002,1021.7566666666667,11.884483333333334,2007,10,Fall
2007-10-22,7.579398148148148,3.938888888888891,10.0,4.332407407407407,0.8441666666666667,20.39065,1011.3183333333333,10.555562499999999,2007,10,Fall
2007-10-23,8.35949074074074,6.083333333333335,11.855555555555558,6.239583333333333,0.8908333333333333,15.647187500000001,1009.3295833333333,10.586420833333333,2007,10,Fall
2007-10-24,6.969212962962963,4.27777777777778,9.005555555555556,5.284027777777777,0.7970833333333333,9.682808333333334,1018.8054166666667,10.689729166666666,2007,10,Fall
2007-10-25,6.971296296296296,5.966666666666668,7.822222222222221,4.729166666666667,0.7995833333333334,12.679420833333333,1024.2783333333334,10.597154166666668,2007,10,Fall
2007-10-26,8.291203703703703,5.022222222222222,12.255555555555556,7.078240740740742,0.8720833333333333,9.575475,1027.6704166666666,4.960141666666667,2007,10,Fall
2007-10-27,10.432407407407409,6.761111111111112,13.883333333333336,10.067129629629632,0.8154166666666667,9.016,1020.4599999999999,7.232925000000001,2007,10,Fall
2007-10-28,10.085416666666667,6.188888888888889,12.322222222222225,10.003935185185187,0.9283333333333333,3.939133333333334,997.6333333333332,1.9098625,2007,10,Fall
2007-10-29,10.715509259259258,9.633333333333336,12.249999999999998,10.378240740740742,0.8937499999999999,8.596729166666668,996.3512499999998,7.573037500000001,2007,10,Fall
2007-10-30,10.702314814814814,7.827777777777779,13.838888888888889,9.961805555555555,0.8254166666666666,11.875091666666668,995.5929166666665,9.7586125,2007,10,Fall
2007-10-31,10.25023148148148,8.972222222222221,11.11111111111111,9.515277777777778,0.88375,9.197795833333334,997.1554166666665,5.137241666666667,2007,10,Fall
2007-11-01,7.267361111111111,2.755555555555556,11.161111111111111,5.123842592592593,0.7841666666666667,16.575620833333335,1009.9470833333334,10.0121875,2007,11,Fall
2007-11-02,7.3240740740740735,0.9722222222222222,12.388888888888888,6.841666666666666,0.8141666666666666,7.569683333333334,1028.34,7.964133333333334,2007,11,Fall
2007-11-03,7.834953703703704,2.922222222222221,13.794444444444444,7.257638888888889,0.8654166666666666,7.267808333333334,1023.2704166666667,4.412070833333334,2007,11,Fall
2007-11-04,8.997453703703703,4.822222222222222,12.244444444444444,7.756018518518519,0.8337500000000001,15.559308333333334,1017.8191666666667,9.204504166666668,2007,11,Fall
2007-11-05,5.462731481481481,-0.4166666666666667,10.88888888888889,2.7157407407407406,0.7579166666666667,14.713387500000001,1025.00375,12.401024999999999,2007,11,Fall
2007-11-06,3.586805555555556,-2.2666666666666657,7.711111111111112,1.9405092592592597,0.80875,8.241858333333333,1023.465,11.070091666666668,2007,11,Fall
2007-11-07,5.842361111111111,2.872222222222223,7.894444444444446,2.122453703703703,0.6870833333333333,21.158754166666668,1019.5625,11.822095833333334,2007,11,Fall
2007-11-08,7.142361111111112,4.561111111111112,10.238888888888887,4.601851851851852,0.75375,19.220045833333334,1014.97125,13.575654166666666,2007,11,Fall
2007-11-09,6.4810185185185185,4.444444444444445,9.983333333333333,3.55462962962963,0.8079166666666667,16.9372,1008.4533333333334,9.699579166666668,2007,11,Fall
2007-11-10,4.913888888888889,2.2666666666666657,7.844444444444444,0.7074074074074074,0.6954166666666667,24.100358333333336,1008.0591666666666,12.343333333333334,2007,11,Fall
2007-11-11,3.894675925925926,0.0722222222222236,7.244444444444444,-0.1937500000000001,0.7291666666666666,20.21891666666667,1007.0504166666666,12.528483333333334,2007,11,Fall
2007-11-12,3.339351851851852,1.4944444444444431,6.133333333333333,-0.4407407407407404,0.7129166666666666,17.583212500000002,1011.185,12.0609125,2007,11,Fall
2007-11-13,2.283101851851852,-1.4555555555555562,6.0888888888888895,-1.125,0.7520833333333333,14.1498875,1013.6037500000001,12.134033333333333,2007,11,Fall
2007-11-14,3.138888888888889,-0.4388888888888884,7.172222222222221,-0.18171296296296327,0.7216666666666667,13.538758333333334,1005.7041666666668,10.900370833333334,2007,11,Fall
2007-11-15,1.621527777777778,0.1166666666666671,2.472222222222224,-2.385648148148148,0.8995833333333333,15.153454166666668,1007.4883333333333,5.288179166666667,2007,11,Fall
2007-11-16,1.3412037037037041,0.6555555555555554,2.2000000000000006,-1.4467592592592593,0.8424999999999999,9.981329166666667,1022.3941666666666,6.046891666666667,2007,11,Fall
2007-11-17,0.985185185185185,0.0222222222222217,1.183333333333335,-3.0706018518518516,0.8620833333333334,14.744916666666668,1021.53625,4.846770833333333,2007,11,Fall
2007-11-18,1.3310185185185188,0.0333333333333345,2.177777777777779,-1.0592592592592591,0.8779166666666667,9.011304166666667,1014.54,5.524983333333334,2007,11,Fall
2007-11-19,3.627546296296296,2.177777777777779,4.9833333333333325,2.7395833333333335,0.8849999999999999,4.95075,1022.4954166666666,4.813229166666667,2007,11,Fall
2007-11-20,2.424074074074074,-0.4111111111111102,6.027777777777779,0.6435185185185187,0.9245833333333334,7.1054666666666675,1027.0591666666667,2.5438000000000005,2007,11,Fall
2007-11-21,1.7333333333333336,-1.0444444444444438,7.466666666666665,-1.1530092592592593,0.8454166666666666,10.882929166666669,1023.2333333333332,5.563220833333333,2007,11,Fall
2007-11-22,4.908101851851852,-0.4333333333333339,11.22777777777778,2.9923611111111117,0.8283333333333333,9.820329166666667,1020.4091666666667,6.601,2007,11,Fall
2007-11-23,6.356712962962963,1.161111111111113,12.266666666666666,4.607175925925926,0.7608333333333334,10.764191666666667,1019.50875,8.304916666666667,2007,11,Fall
2007-11-24,6.244675925925926,1.8222222222222229,12.36111111111111,5.088657407407408,0.82875,5.957000000000001,1021.2916666666666,4.961483333333334,2007,11,Fall
2007-11-25,5.957407407407408,2.244444444444444,9.883333333333333,4.5710648148148145,0.8875000000000001,8.056708333333335,1018.2954166666667,4.4737875,2007,11,Fall
2007-11-26,3.186342592592593,0.0277777777777761,5.083333333333332,-0.8268518518518517,0.8320833333333333,17.787816666666668,1017.0995833333333,11.312262500000001,2007,11,Fall
2007-11-27,1.253935185185185,-0.4888888888888883,3.938888888888891,-3.688425925925926,0.7195833333333334,21.571316666666664,1023.2895833333333,12.006575,2007,11,Fall
2007-11-28,-0.6333333333333336,-4.4944444444444445,3.911111111111111,-3.490972222222222,0.7216666666666667,10.224841666666668,1027.44125,11.413558333333334,2007,11,Fall
2007-11-29,-1.6208333333333336,-6.161111111111111,2.7888888888888905,-4.477546296296296,0.7599999999999999,8.5068375,1020.3595833333334,10.106104166666666,2007,11,Fall
2007-11-30,-0.7918981481481479,-2.6333333333333324,1.2055555555555566,-3.1770833333333335,0.8433333333333333,8.3418125,1014.1304166666667,8.504154166666668,2007,11,Fall
2007-12-01,1.6969907407407412,-2.0111111111111115,5.3,-1.060648148148148,0.8850000000000001,9.6056625,1017.0054166666667,3.594325,2007,12,Winter
2007-12-02,1.7763888888888886,-1.0388888888888894,4.122222222222224,-0.9020833333333332,0.9095833333333334,9.582854166666667,1017.7404166666666,2.5961250000000002,2007,12,Winter
2007-12-03,5.716203703703704,3.3999999999999986,7.794444444444445,3.175231481481481,0.8533333333333334,13.09735,1002.5437499999999,7.382520833333333,2007,12,Winter
2007-12-04,4.250925925925926,1.2666666666666673,7.861111111111111,0.4631944444444442,0.7483333333333334,18.25069166666667,1009.95375,11.869054166666666,2007,12,Winter
2007-12-05,1.4891203703703706,-2.361111111111111,7.26111111111111,-1.3756944444444443,0.7925,10.9701375,1023.6683333333334,11.5054625,2007,12,Winter
2007-12-06,1.2530092592592592,-4.78888888888889,7.105555555555555,0.07731481481481468,0.8195833333333334,5.423016666666666,1022.1750000000001,7.9151625,2007,12,Winter
2007-12-07,3.1034722222222224,-1.5666666666666669,7.916666666666667,0.20925925925925914,0.8300000000000001,12.509029166666666,1012.80375,5.9831625,2007,12,Winter
2007-12-08,5.544675925925926,4.1166666666666645,7.15,4.022453703703704,0.9249999999999999,7.477108333333334,1009.5300000000001,3.1267541666666667,2007,12,Winter
2007-12-09,4.2749999999999995,3.011111111111112,5.238888888888889,3.338888888888889,0.9320833333333334,5.398866666666667,1006.0324999999999,1.8649166666666668,2007,12,Winter
2007-12-10,5.901388888888889,4.416666666666668,7.172222222222221,4.149074074074074,0.8891666666666667,9.157545833333334,1002.6433333333333,4.101475,2007,12,Winter
2007-12-11,4.858101851851852,4.394444444444442,5.050000000000002,3.2631944444444447,0.9120833333333334,7.772945833333334,1011.0508333333333,3.794904166666667,2007,12,Winter
2007-12-12,5.1224537037037035,3.994444444444443,6.138888888888888,2.90462962962963,0.8925000000000001,9.977975,1020.9325,6.0636624999999995,2007,12,Winter
2007-12-13,1.723148148148148,-2.177777777777779,5.016666666666668,-2.6016203703703704,0.695,17.510762500000002,1027.2241666666666,12.307108333333334,2007,12,Winter
2007-12-14,-2.530787037037037,-5.388888888888889,-0.0944444444444453,-7.6439814814814815,0.7625000000000001,16.4059,1027.2216666666666,11.297504166666668,2007,12,Winter
2007-12-15,-3.2023148148148146,-7.133333333333334,-1.1333333333333329,-8.14050925925926,0.855,14.987087500000001,1029.6620833333334,7.807158333333334,2007,12,Winter
2007-12-16,-1.6405092592592592,-3.2166666666666663,-0.9555555555555548,-5.10324074074074,0.8954166666666667,10.303329166666666,1033.0945833333333,5.397525000000001,2007,12,Winter
2007-12-17,-2.4493055555555556,-3.355555555555555,-1.7166666666666666,-6.5993055555555555,0.8075,11.494729166666668,1038.2808333333335,9.71635,2007,12,Winter
2007-12-18,-4.224074074074074,-8.677777777777779,-0.1388888888888889,-6.021759259259259,0.8016666666666666,5.8583875,1038.24625,7.743429166666666,2007,12,Winter
2007-12-19,-6.675694444444445,-10.155555555555557,-2.822222222222221,-8.431018518518519,0.8941666666666667,5.2164,1039.8308333333332,1.5241333333333333,2007,12,Winter
2007-12-20,-3.5863425925925925,-4.977777777777778,-2.76111111111111,-5.32962962962963,0.8583333333333334,5.510225000000001,1039.9008333333334,4.294675000000001,2007,12,Winter
2007-12-21,-3.971527777777778,-4.466666666666666,-3.838888888888889,-4.08425925925926,0.8879166666666666,2.5116,1038.58625,3.256225,2007,12,Winter
2007-12-22,-4.979398148148149,-5.072222222222221,-4.488888888888888,-6.278703703703704,0.9020833333333335,4.573070833333333,1036.3062499999999,2.8255500000000002,2007,12,Winter
2007-12-23,-4.297685185185185,-5.027777777777778,-3.861111111111111,-4.501851851851852,0.92,2.938920833333333,1033.8670833333333,2.9925875000000004,2007,12,Winter
2007-12-24,-4.172685185185185,-4.933333333333333,-3.7944444444444434,-6.022916666666667,0.8529166666666667,5.547791666666666,1032.3795833333334,5.6833,2007,12,Winter
2007-12-25,-3.396064814814815,-4.444444444444445,-2.7111111111111104,-4.72337962962963,0.8316666666666667,5.179504166666667,1031.5725,4.710591666666667,2007,12,Winter
2007-12-26,-3.2217592592592594,-4.21111111111111,-2.677777777777778,-5.307638888888889,0.8420833333333334,6.499033333333333,1033.1366666666665,4.0189625,2007,12,Winter
2007-12-27,-4.006944444444445,-4.444444444444445,-3.7944444444444434,-5.302777777777778,0.8645833333333334,4.656254166666667,1039.635,4.95075,2007,12,Winter
2007-12-28,-4.177314814814815,-4.933333333333333,-3.811111111111111,-4.788657407407407,0.8658333333333333,3.191825,1040.4541666666667,4.694491666666667,2007,12,Winter
2007-12-29,-5.099768518518519,-5.627777777777776,-4.911111111111111,-6.810185185185184,0.8866666666666667,5.9107125,1034.2579166666667,2.98655,2007,12,Winter
2007-12-30,-4.788657407407407,-5.672222222222223,-3.994444444444445,-6.527314814814815,0.8695833333333334,5.402891666666666,1028.75125,4.560995833333334,2007,12,Winter
2007-12-31,-5.3805555555555555,-6.161111111111111,-5.01111111111111,-5.95787037037037,0.8616666666666667,2.5853916666666668,1028.9583333333333,5.614204166666667,2007,12,Winter
2008-01-01,-5.663194444444444,-6.644444444444445,-4.16111111111111,-10.204166666666667,0.8775,10.7366875,1024.4516666666666,3.452779166666667,2008,1,Winter
2008-01-02,-3.7284722222222224,-6.03888888888889,-1.161111111111111,-5.630555555555556,0.9020833333333332,6.200512499999999,1024.20875,1.89175,2008,1,Winter
2008-01-03,-4.998379629629629,-7.144444444444444,-3.938888888888889,-7.825694444444444,0.9008333333333334,7.124920833333333,1027.0258333333334,3.594995833333334,2008,1,Winter
2008-01-04,-8.26574074074074,-11.127777777777778,-5.094444444444445,-13.120833333333335,0.8179166666666666,11.523575000000001,1032.4795833333333,6.763341666666666,2008,1,Winter
2008-01-05,-5.5680555555555555,-10.283333333333331,-2.755555555555556,-12.547453703703704,0.7324999999999999,23.289320833333335,1029.87625,9.527175,2008,1,Winter
2008-01-06,-0.7488425925925926,-2.7777777777777777,0.0999999999999998,-5.56712962962963,0.8537500000000001,21.40495,1019.8845833333334,8.393466666666667,2008,1,Winter
2008-01-07,-1.3344907407407405,-3.905555555555556,-0.0222222222222217,-3.647453703703704,0.9562499999999999,8.659116666666668,1023.2545833333334,0.27839583333333334,2008,1,Winter
2008-01-08,-1.3395833333333333,-2.2388888888888894,-0.7166666666666662,-3.8810185185185184,0.9658333333333333,7.796425,1028.5179166666667,0.23277916666666668,2008,1,Winter
2008-01-09,-1.6662037037037036,-2.6555555555555563,-0.6944444444444444,-3.9493055555555556,0.9725,6.78615,1028.7137500000001,0.3193166666666667,2008,1,Winter
2008-01-10,-1.3780092592592592,-2.827777777777777,0.8777777777777769,-2.044212962962963,0.9625,3.645308333333334,1027.95,1.6978791666666666,2008,1,Winter
2008-01-11,0.3474537037037038,-4.905555555555555,2.688888888888891,-2.356018518518518,0.8479166666666668,11.318970833333333,1024.9183333333333,5.237866666666667,2008,1,Winter
2008-01-12,2.9680555555555554,0.8999999999999986,5.883333333333336,-1.1055555555555552,0.78375,17.521495833333336,1019.1387500000001,10.910433333333332,2008,1,Winter
2008-01-13,4.033796296296296,0.994444444444444,8.61111111111111,1.325,0.7570833333333334,11.7691,1021.7654166666666,10.7568125,2008,1,Winter
2008-01-14,2.9738425925925926,0.994444444444444,7.03888888888889,0.3185185185185188,0.7829166666666666,10.934583333333334,1022.71625,7.676345833333333,2008,1,Winter
2008-01-15,0.9256944444444447,-1.0166666666666655,2.7500000000000018,-1.990277777777778,0.8937499999999999,10.113483333333333,1018.30875,3.7519708333333335,2008,1,Winter
2008-01-16,3.1875,-0.1388888888888889,7.638888888888889,-1.2657407407407408,0.7966666666666667,20.827362500000003,1016.5016666666667,10.888966666666667,2008,1,Winter
2008-01-17,4.649074074074075,1.161111111111113,8.661111111111113,1.344444444444444,0.80125,15.971200000000001,1018.84125,10.982212500000001,2008,1,Winter
2008-01-18,4.544212962962963,0.5111111111111121,7.266666666666666,2.5560185185185182,0.875,9.652620833333334,1023.2674999999999,6.142820833333334,2008,1,Winter
2008-01-19,3.521990740740741,-1.5777777777777775,6.272222222222222,1.3321759259259263,0.96375,9.1629125,1027.20625,1.39265,2008,1,Winter
2008-01-20,8.263425925925926,4.4555555555555575,12.333333333333336,6.780555555555556,0.8420833333333334,10.830604166666667,1025.5962499999998,7.7602,2008,1,Winter
2008-01-21,5.39837962962963,1.2555555555555544,12.77777777777778,4.069675925925925,0.8537499999999999,7.446920833333333,1018.9879166666666,4.357733333333333,2008,1,Winter
2008-01-22,4.7712962962962955,1.3000000000000018,8.872222222222222,1.8652777777777778,0.8424999999999999,15.770620833333332,1011.2125,9.9276625,2008,1,Winter
2008-01-23,1.212037037037037,-3.494444444444444,3.9833333333333343,-2.3898148148148146,0.6908333333333333,15.835020833333333,1030.0420833333333,12.494941666666668,2008,1,Winter
2008-01-24,-1.0537037037037036,-6.105555555555554,5.044444444444443,-2.2046296296296295,0.7712500000000001,5.300254166666667,1035.8670833333333,11.3404375,2008,1,Winter
2008-01-25,-0.11504629629629622,-3.911111111111111,5.927777777777779,-2.008101851851852,0.7999999999999999,7.780995833333333,1036.37625,9.083083333333333,2008,1,Winter
2008-01-26,1.1835648148148146,-4.894444444444444,8.838888888888887,-2.203240740740741,0.7608333333333334,12.902808333333333,1032.7070833333335,9.614383333333334,2008,1,Winter
2008-01-27,6.543287037037037,1.1944444444444438,7.772222222222224,1.6907407407407404,0.6775000000000001,34.77868333333333,1017.7154166666666,12.228620833333332,2008,1,Winter
2008-01-28,1.942824074074074,-4.561111111111112,7.222222222222222,-1.3814814814814813,0.555,17.903200000000002,1029.6095833333334,12.432554166666668,2008,1,Winter
2008-01-29,0.08518518518518499,-6.227777777777778,4.949999999999998,-0.6217592592592592,0.7204166666666666,4.528795833333334,1032.2358333333334,11.405508333333332,2008,1,Winter
2008-01-30,2.2972222222222225,-1.083333333333333,6.25,-0.19884259259259277,0.6675,9.622433333333333,1027.2333333333333,11.9039375,2008,1,Winter
2008-01-31,2.7407407407407405,-1.0111111111111113,6.161111111111113,0.6937500000000001,0.7783333333333333,8.7563875,1023.3033333333333,10.273141666666666,2008,1,Winter
2008-02-01,3.3020833333333335,-4.033333333333335,8.961111111111112,0.9965277777777777,0.8066666666666666,12.350041666666668,1018.50875,5.8161249999999995,2008,2,Winter
2008-02-02,6.741898148148148,4.422222222222223,11.083333333333336,4.433796296296296,0.7508333333333334,13.824533333333335,1016.8979166666667,8.7745,2008,2,Winter
2008-02-03,3.9226851851851845,0.9277777777777788,7.822222222222221,2.146064814814815,0.7820833333333334,7.573037500000001,1028.2425,10.4066375,2008,2,Winter
2008-02-04,6.793055555555555,1.772222222222221,11.205555555555556,3.946527777777778,0.7558333333333334,20.866941666666666,1021.7345833333334,10.439508333333334,2008,2,Winter
2008-02-05,6.23125,0.0833333333333325,12.083333333333334,4.747222222222223,0.7875,8.932816666666668,1022.0295833333333,8.723516666666667,2008,2,Winter
2008-02-06,4.10162037037037,-2.105555555555555,9.138888888888893,3.1349537037037045,0.90875,6.1522125,1025.2495833333335,1.9870083333333335,2008,2,Winter
2008-02-07,5.390277777777778,2.8999999999999995,7.733333333333334,1.7370370370370372,0.7966666666666667,20.8354125,1028.05875,10.667591666666667,2008,2,Winter
2008-02-08,4.126620370370371,0.0166666666666672,7.311111111111109,0.4618055555555555,0.7045833333333333,16.836575,1036.1699999999998,11.846916666666667,2008,2,Winter
2008-02-09,2.4231481481481483,-2.066666666666666,7.333333333333335,0.22430555555555554,0.8075,9.220604166666666,1035.1954166666667,7.968829166666667,2008,2,Winter
2008-02-10,0.756712962962963,-2.4277777777777785,3.066666666666668,-1.6814814814814814,0.8154166666666667,8.402858333333333,1034.4920833333333,8.082870833333333,2008,2,Winter
2008-02-11,0.4569444444444444,-2.9444444444444446,4.4722222222222205,-1.3969907407407407,0.7116666666666668,6.555383333333334,1038.3675,10.768216666666667,2008,2,Winter
2008-02-12,-1.0189814814814815,-4.355555555555556,3.911111111111111,-2.388425925925926,0.7283333333333334,5.09565,1039.195,8.119095833333333,2008,2,Winter
2008-02-13,-0.8229166666666666,-6.294444444444443,6.111111111111111,-2.7162037037037035,0.6991666666666667,7.548216666666668,1023.1354166666666,7.562304166666666,2008,2,Winter
2008-02-14,0.47476851851851903,-5.477777777777778,3.866666666666667,-1.943287037037037,0.775,7.785691666666668,1031.9404166666666,4.6589375,2008,2,Winter
2008-02-15,-0.4398148148148151,-6.011111111111111,3.3611111111111094,-4.971064814814815,0.7125,16.594404166666667,1029.9416666666666,10.718575000000001,2008,2,Winter
2008-02-16,-4.462731481481481,-7.399999999999999,-1.1111111111111112,-11.235185185185186,0.6629166666666667,23.614675000000002,1036.65625,11.339766666666668,2008,2,Winter
2008-02-17,-5.687731481481482,-11.11111111111111,-1.072222222222222,-10.06875,0.4816666666666667,10.5938,1042.79375,11.918695833333333,2008,2,Winter
2008-02-18,0.4266203703703702,-4.400000000000001,4.988888888888887,-2.3805555555555555,0.4875,10.316075,1028.0983333333334,12.362787500000001,2008,2,Winter
2008-02-19,4.705092592592592,-1.5444444444444452,10.155555555555557,2.1763888888888894,0.6208333333333333,14.054629166666667,1024.9933333333333,12.204470833333334,2008,2,Winter
2008-02-20,3.3634259259259256,-3.877777777777778,12.705555555555556,2.3900462962962963,0.6533333333333333,6.706991666666667,1026.3816666666667,7.475766666666666,2008,2,Winter
2008-02-21,5.4743055555555555,-0.9111111111111114,13.833333333333334,4.111342592592593,0.6295833333333333,10.661554166666667,1027.0233333333333,9.500341666666667,2008,2,Winter
2008-02-22,7.366666666666667,-0.777777777777777,16.083333333333332,6.111574074074074,0.6041666666666666,10.911104166666668,1026.9870833333332,9.311166666666667,2008,2,Winter
2008-02-23,8.647916666666667,3.0166666666666666,15.22222222222222,7.270601851851851,0.6466666666666666,15.576749999999999,1025.7379166666667,11.926745833333333,2008,2,Winter
2008-02-24,9.078472222222222,1.5222222222222233,17.266666666666666,8.170833333333333,0.5754166666666667,9.710983333333333,1028.1358333333333,11.577912500000002,2008,2,Winter
2008-02-25,9.493981481481482,2.116666666666668,18.86111111111111,8.162962962962963,0.5825,11.453137499999999,1021.8958333333334,9.566083333333333,2008,2,Winter
2008-02-26,10.01550925925926,1.0166666666666655,19.95,9.436574074074073,0.6108333333333333,9.364833333333333,1019.5141666666667,9.785445833333334,2008,2,Winter
2008-02-27,11.490277777777777,5.638888888888888,17.266666666666666,10.678935185185184,0.545,13.711833333333333,1015.8379166666667,11.939491666666667,2008,2,Winter
2008-02-28,7.234027777777778,2.0388888888888896,13.794444444444444,5.993981481481481,0.5491666666666667,11.8818,1024.0674999999999,11.636945833333334,2008,2,Winter
2008-02-29,9.001388888888888,-1.1555555555555546,16.06111111111111,8.002777777777778,0.60375,12.7049125,1019.9716666666667,11.825449999999998,2008,2,Winter
2008-03-01,8.889120370370371,6.738888888888891,13.744444444444447,6.497453703703704,0.6916666666666668,24.007783333333336,1003.02875,12.216545833333335,2008,3,Spring
2008-03-02,9.322222222222223,4.005555555555556,14.133333333333333,7.417592592592594,0.6154166666666666,22.972016666666665,1005.1770833333334,12.336625,2008,3,Spring
2008-03-03,10.57337962962963,5.122222222222222,16.227777777777778,9.51550925925926,0.66,13.996266666666669,1009.6387500000001,12.123970833333333,2008,3,Spring
2008-03-04,6.82662037037037,4.349999999999999,10.56111111111111,3.9819444444444443,0.6804166666666666,17.147841666666668,1010.4591666666666,12.6606375,2008,3,Spring
2008-03-05,4.495833333333333,2.822222222222221,7.266666666666666,1.2787037037037037,0.6066666666666667,15.7518375,1016.9745833333333,12.054875000000001,2008,3,Spring
2008-03-06,4.058333333333333,-0.2611111111111104,7.161111111111111,0.6782407407407406,0.60125,15.257433333333333,1024.8420833333332,11.689270833333333,2008,3,Spring
2008-03-07,7.125694444444445,4.088888888888889,11.02777777777778,5.311111111111111,0.67875,13.898995833333332,1014.2575,9.367516666666667,2008,3,Spring
2008-03-08,5.3157407407407415,3.888888888888889,7.216666666666669,2.6710648148148146,0.8620833333333334,12.3507125,1010.275,5.5142500000000005,2008,3,Spring
2008-03-09,7.416666666666667,3.861111111111113,12.194444444444446,5.932407407407407,0.8166666666666668,10.03835,1012.0695833333333,7.938641666666666,2008,3,Spring
2008-03-10,8.372222222222222,2.155555555555557,14.000000000000002,7.187268518518518,0.7312500000000001,12.939033333333334,1008.8345833333333,9.084425000000001,2008,3,Spring
2008-03-11,9.388888888888888,4.883333333333333,15.97222222222222,8.237037037037037,0.7287500000000001,10.589104166666667,1003.5045833333334,10.818529166666666,2008,3,Spring
2008-03-12,9.295833333333333,4.01111111111111,14.000000000000002,8.187268518518518,0.8066666666666666,11.919366666666667,1005.3870833333334,7.434845833333334,2008,3,Spring
2008-03-13,7.7280092592592595,3.333333333333333,11.327777777777778,5.096527777777777,0.6008333333333333,23.393970833333338,1012.27,12.244720833333334,2008,3,Spring
2008-03-14,7.811111111111111,2.311111111111109,11.266666666666667,6.128240740740741,0.6695833333333333,13.37641666666667,1014.6966666666667,12.180320833333333,2008,3,Spring
2008-03-15,8.033564814814815,2.333333333333335,12.894444444444446,6.610648148148148,0.5675,14.429625000000001,1015.6879166666666,11.867712500000001,2008,3,Spring
2008-03-16,10.190277777777778,5.5777777777777775,16.272222222222222,9.081944444444444,0.7045833333333333,14.665758333333335,1007.4141666666666,11.872408333333333,2008,3,Spring
2008-03-17,10.480324074074074,6.161111111111113,15.116666666666667,9.30162037037037,0.7041666666666666,15.479479166666666,1003.4795833333334,12.353395833333332,2008,3,Spring
2008-03-18,4.32361111111111,-0.038888888888889,7.177777777777779,1.1122685185185184,0.6720833333333333,14.354491666666668,1008.3466666666667,11.452466666666666,2008,3,Spring
2008-03-19,2.6370370370370373,-2.305555555555555,7.88888888888889,-0.32638888888888906,0.6729166666666666,13.723237500000002,1009.7341666666666,10.506591666666667,2008,3,Spring
2008-03-20,2.4819444444444447,-2.1722222222222225,7.777777777777778,0.08935185185185164,0.6583333333333333,9.97395,1011.6166666666667,11.95425,2008,3,Spring
2008-03-21,4.686111111111111,-3.927777777777778,9.67777777777778,1.315972222222222,0.5812499999999999,19.235475,998.7158333333333,11.8717375,2008,3,Spring
2008-03-22,6.817361111111111,3.938888888888891,15.283333333333331,4.645138888888888,0.7804166666666666,15.744458333333334,991.6741666666667,9.658658333333333,2008,3,Spring
2008-03-23,5.851157407407407,3.816666666666665,8.88888888888889,3.6178240740740737,0.8345833333333333,11.377333333333334,995.1820833333333,8.195570833333333,2008,3,Spring
2008-03-24,5.545833333333333,2.333333333333335,8.055555555555555,1.851851851851852,0.7487499999999999,20.838095833333334,990.75625,12.190383333333335,2008,3,Spring
2008-03-25,3.2571759259259263,0.4888888888888903,6.188888888888889,-0.96875,0.6625,19.961987500000003,997.3041666666667,12.014625,2008,3,Spring
2008-03-26,3.1564814814814817,-2.2222222222222223,7.96111111111111,-0.06319444444444429,0.53125,15.185654166666668,1006.6175,11.842220833333334,2008,3,Spring
2008-03-27,6.795833333333333,-2.272222222222222,12.77777777777778,4.952083333333333,0.6045833333333334,13.6990875,1006.0666666666666,12.207825,2008,3,Spring
2008-03-28,11.028472222222222,5.42777777777778,17.727777777777774,9.997453703703703,0.54125,8.678570833333334,1013.1154166666666,11.995170833333333,2008,3,Spring
2008-03-29,10.208333333333334,3.911111111111111,16.177777777777777,9.115046296296297,0.5220833333333333,11.5094875,1020.7470833333333,11.938820833333333,2008,3,Spring
2008-03-30,9.019444444444444,2.183333333333333,16.06111111111111,8.277314814814815,0.5858333333333333,8.808041666666666,1021.8495833333333,11.848258333333334,2008,3,Spring
2008-03-31,9.232407407407408,1.1333333333333329,16.25,8.404398148148148,0.6004166666666667,7.423441666666666,1017.3220833333334,11.834841666666668,2008,3,Spring
2008-04-01,8.518749999999999,1.2055555555555566,13.977777777777776,7.2375,0.6266666666666667,12.812245833333334,1016.9695833333334,11.132479166666668,2008,4,Spring
2008-04-02,8.366666666666665,4.53888888888889,13.97222222222222,7.812037037037037,0.7333333333333334,7.2470125,1015.25875,10.452254166666668,2008,4,Spring
2008-04-03,8.100925925925926,2.3888888888888875,13.816666666666666,6.427314814814815,0.7395833333333334,13.013495833333335,1014.50875,10.372425,2008,4,Spring
2008-04-04,9.364583333333334,2.844444444444443,12.8,7.938194444444444,0.6308333333333334,19.066425,1017.0120833333334,8.770475,2008,4,Spring
2008-04-05,7.639583333333333,6.133333333333333,8.955555555555556,6.03912037037037,0.8366666666666666,10.190629166666668,1010.8516666666666,6.368891666666666,2008,4,Spring
2008-04-06,8.590046296296297,4.422222222222223,12.92222222222222,8.043750000000001,0.76125,5.326416666666667,1003.9833333333332,7.316108333333333,2008,4,Spring
2008-04-07,10.912268518518518,2.872222222222223,20.744444444444447,9.080787037037036,0.6275000000000001,20.966225,1003.7454166666666,10.049754166666666,2008,4,Spring
2008-04-08,9.532175925925927,2.872222222222223,13.88888888888889,9.125231481481482,0.6258333333333334,8.991850000000001,1009.40125,11.890520833333333,2008,4,Spring
2008-04-09,13.8125,8.699999999999998,19.00555555555555,13.754166666666665,0.6966666666666667,8.515558333333333,1003.9983333333333,12.172941666666667,2008,4,Spring
2008-04-10,15.081018518518519,11.733333333333333,20.08888888888889,15.081018518518519,0.6958333333333333,13.021545833333334,1003.37,12.208495833333332,2008,4,Spring
2008-04-11,17.026851851851852,11.688888888888888,22.28888888888889,17.026851851851852,0.69,16.419316666666667,1004.1929166666667,12.205141666666668,2008,4,Spring
2008-04-12,11.697916666666666,7.827777777777779,13.93888888888889,11.054166666666667,0.8379166666666666,11.77715,1007.6675,10.7286375,2008,4,Spring
2008-04-13,11.278472222222222,6.888888888888888,16.13888888888889,10.393055555555556,0.6616666666666667,11.981083333333332,1016.7866666666667,11.249204166666667,2008,4,Spring
2008-04-14,11.857638888888888,2.883333333333332,17.772222222222226,11.734953703703704,0.6395833333333333,7.911808333333333,1015.4766666666666,9.604320833333334,2008,4,Spring
2008-04-15,10.255787037037036,7.616666666666668,14.005555555555556,9.514583333333333,0.7745833333333333,11.133820833333333,1008.2629166666667,11.928087499999998,2008,4,Spring
2008-04-16,9.624305555555557,6.25,12.86111111111111,8.050694444444444,0.7583333333333333,19.0845375,1010.8216666666667,11.481312500000001,2008,4,Spring
2008-04-17,10.365046296296295,2.7111111111111126,16.038888888888888,9.599768518518518,0.71375,12.531837500000002,1011.16375,11.349829166666666,2008,4,Spring
2008-04-18,12.921064814814814,7.355555555555558,18.772222222222226,12.449768518518518,0.7416666666666667,13.564920833333334,1004.8024999999999,12.096466666666666,2008,4,Spring
2008-04-19,13.091898148148147,8.91111111111111,17.66111111111111,12.717824074074073,0.7779166666666667,11.917354166666668,1004.1258333333334,12.093783333333334,2008,4,Spring
2008-04-20,15.480092592592593,9.555555555555555,22.072222222222223,15.399537037037037,0.6404166666666666,9.409779166666667,1008.2308333333334,11.7389125,2008,4,Spring
2008-04-21,17.25972222222222,8.861111111111112,23.927777777777774,17.243055555555554,0.645,14.881766666666666,1003.7029166666666,10.882929166666665,2008,4,Spring
2008-04-22,13.727314814814813,8.683333333333334,19.81666666666667,13.53148148148148,0.73375,10.8675,1002.3941666666666,11.80935,2008,4,Spring
2008-04-23,11.068981481481481,7.85,13.733333333333333,10.761805555555556,0.8454166666666666,11.335070833333333,1012.27375,10.963429166666666,2008,4,Spring
2008-04-24,10.955324074074076,5.699999999999999,16.038888888888888,10.261574074074074,0.6808333333333333,10.299304166666667,1022.4787500000001,12.260820833333334,2008,4,Spring
2008-04-25,12.058101851851852,4.566666666666666,18.788888888888884,11.741898148148147,0.62125,6.902204166666667,1023.36,11.901254166666668,2008,4,Spring
2008-04-26,11.543287037037038,4.733333333333335,18.77777777777778,10.630324074074073,0.69125,11.878445833333332,1023.8945833333333,11.897229166666667,2008,4,Spring
2008-04-27,12.50162037037037,4.122222222222224,20.022222222222226,11.920138888888888,0.5804166666666667,11.476616666666667,1021.3329166666667,11.865699999999999,2008,4,Spring
2008-04-28,12.801157407407407,4.516666666666668,20.022222222222226,12.293518518518518,0.5575,9.562058333333335,1008.2191666666666,11.874420833333334,2008,4,Spring
2008-04-29,13.990972222222224,2.8500000000000014,21.13333333333334,13.931944444444445,0.5629166666666666,6.064333333333334,1006.9329166666666,11.779833333333334,2008,4,Spring
2008-04-30,14.714583333333335,10.627777777777778,18.88888888888889,14.714583333333335,0.6675,11.300858333333332,1009.8375,12.5439125,2008,4,Spring
2008-05-01,16.035185185185185,9.633333333333336,22.194444444444443,16.00486111111111,0.6645833333333334,11.194866666666668,1013.88125,11.6906125,2008,5,Spring
2008-05-02,13.688194444444443,6.816666666666668,18.98333333333333,13.494907407407409,0.7095833333333333,12.051520833333335,1019.31625,11.206270833333335,2008,5,Spring
2008-05-03,12.86412037037037,6.383333333333335,20.716666666666672,12.696990740740743,0.7066666666666667,9.036795833333334,1021.2191666666666,11.771112500000001,2008,5,Spring
2008-05-04,12.84675925925926,6.227777777777778,17.650000000000002,12.758101851851853,0.7533333333333333,7.524066666666666,1014.7629166666666,11.459845833333333,2008,5,Spring
2008-05-05,12.174074074074076,5.772222222222222,17.15,11.82685185185185,0.83875,8.166054166666667,1021.3291666666668,9.863933333333334,2008,5,Spring
2008-05-06,14.129398148148148,9.905555555555557,19.78888888888889,14.03125,0.7600000000000001,11.721470833333335,1019.9533333333334,10.5032375,2008,5,Spring
2008-05-07,13.359722222222222,6.716666666666669,19.07222222222222,12.98310185185185,0.6033333333333334,14.895183333333334,1019.3408333333333,11.665791666666665,2008,5,Spring
2008-05-08,14.248148148148147,4.005555555555556,21.08333333333333,14.203240740740739,0.5808333333333333,5.438445833333334,1017.34375,11.8979,2008,5,Spring
2008-05-09,14.063657407407407,8.827777777777778,19.92777777777778,13.98425925925926,0.6583333333333333,8.7423,1017.7708333333334,11.373979166666667,2008,5,Spring
2008-05-10,13.545833333333334,6.800000000000001,18.927777777777774,13.086805555555555,0.5895833333333333,13.768183333333333,1019.9041666666667,12.235999999999999,2008,5,Spring
2008-05-11,12.690277777777778,5.622222222222221,18.96111111111111,12.31412037037037,0.665,7.604566666666667,1020.3104166666667,11.536991666666665,2008,5,Spring
2008-05-12,15.143055555555556,4.516666666666668,22.77777777777778,15.02337962962963,0.6054166666666666,4.1390416666666665,1018.7183333333334,10.238929166666667,2008,5,Spring
2008-05-13,16.97060185185185,6.0555555555555545,24.97777777777777,16.97060185185185,0.5604166666666667,3.827104166666667,1015.95375,11.662437500000001,2008,5,Spring
2008-05-14,17.608564814814816,7.899999999999999,25.89444444444445,17.577083333333334,0.5825,7.855458333333334,1013.49375,12.325220833333333,2008,5,Spring
2008-05-15,17.90162037037037,8.416666666666666,25.04444444444444,17.90162037037037,0.6083333333333333,7.751479166666667,1012.1891666666667,12.037433333333333,2008,5,Spring
2008-05-16,19.54537037037037,11.133333333333333,24.90555555555555,19.54537037037037,0.5991666666666666,14.798583333333333,1011.3979166666667,11.837525,2008,5,Spring
2008-05-17,20.409953703703703,14.983333333333333,27.194444444444443,20.375,0.6116666666666667,12.474816666666667,1010.8733333333333,11.1915125,2008,5,Spring
2008-05-18,21.054166666666667,14.27222222222222,27.83888888888889,21.003935185185185,0.6408333333333333,8.602095833333333,1007.2358333333333,11.901254166666668,2008,5,Spring
2008-05-19,20.5599537037037,12.711111111111112,27.15,20.544212962962963,0.6370833333333333,6.9974625,1006.06875,11.782516666666666,2008,5,Spring
2008-05-20,19.207175925925927,15.305555555555555,27.31111111111111,19.20787037037037,0.7999999999999999,12.728391666666667,1006.6020833333333,10.4992125,2008,5,Spring
2008-05-21,17.364814814814814,11.800000000000002,23.56666666666667,17.364814814814814,0.7841666666666667,8.494091666666668,1010.9329166666666,11.7791625,2008,5,Spring
2008-05-22,15.10162037037037,11.38888888888889,19.994444444444444,15.10162037037037,0.8279166666666667,10.224170833333334,1011.775,9.4024,2008,5,Spring
2008-05-23,15.746064814814815,9.488888888888887,22.15,15.609027777777778,0.73875,12.422491666666666,1012.1550000000001,11.764404166666667,2008,5,Spring
2008-05-24,17.101388888888888,9.827777777777776,23.56666666666667,17.101388888888888,0.7429166666666668,7.3100708333333335,1013.28125,11.589316666666667,2008,5,Spring
2008-05-25,19.389583333333334,12.388888888888888,25.99444444444445,19.389583333333334,0.715,10.750774999999999,1014.3508333333334,11.021120833333335,2008,5,Spring
2008-05-26,19.242592592592594,12.43888888888889,25.02777777777778,19.242592592592594,0.6679166666666667,10.0886625,1017.09625,11.836854166666667,2008,5,Spring
2008-05-27,22.998148148148147,15.438888888888888,31.016666666666666,22.833796296296295,0.6308333333333334,9.204504166666668,1014.42875,11.8174,2008,5,Spring
2008-05-28,25.001388888888894,15.511111111111113,33.81666666666667,24.901157407407407,0.5483333333333333,11.268658333333335,1013.7470833333333,11.188829166666666,2008,5,Spring
2008-05-29,19.169675925925926,12.8,25.288888888888884,19.169675925925926,0.49625,13.301954166666668,1016.5316666666666,11.913329166666665,2008,5,Spring
2008-05-30,21.4087962962963,13.922222222222224,27.84444444444445,21.399305555555554,0.5929166666666666,10.559587500000001,1013.7654166666666,11.8979,2008,5,Spring
2008-05-31,22.853935185185183,16.57222222222222,30.0,22.874537037037033,0.6366666666666666,6.886104166666667,1012.8954166666667,12.136045833333334,2008,5,Spring
2008-06-01,22.392592592592592,13.994444444444444,28.81666666666667,22.306712962962962,0.6245833333333334,7.998345833333334,1013.8533333333334,12.0971375,2008,6,Summer
2008-06-02,21.743750000000002,13.416666666666666,27.938888888888894,21.706944444444446,0.5962500000000001,11.124429166666667,1014.7129166666667,11.948883333333333,2008,6,Summer
2008-06-03,21.544675925925926,14.622222222222222,27.338888888888885,21.454166666666666,0.48333333333333334,16.1342125,1013.3366666666667,11.926074999999999,2008,6,Summer
2008-06-04,20.56412037037037,15.555555555555555,27.10555555555556,20.561111111111114,0.6391666666666667,10.014870833333333,1010.1433333333333,11.7992875,2008,6,Summer
2008-06-05,18.475925925925925,16.544444444444444,22.5,18.475925925925925,0.8758333333333334,7.481804166666667,1009.0520833333334,9.0985125,2008,6,Summer
2008-06-06,17.045601851851853,14.97222222222222,17.955555555555552,17.045601851851853,0.9133333333333334,10.3201,1009.8354166666667,7.0658875,2008,6,Summer
2008-06-07,18.25324074074074,13.583333333333336,23.45555555555556,18.25324074074074,0.8058333333333333,10.139645833333335,1011.4654166666666,10.522020833333334,2008,6,Summer
2008-06-08,18.708564814814817,14.905555555555551,24.08888888888889,18.708564814814817,0.7825000000000001,6.226004166666667,1014.4516666666667,9.8532,2008,6,Summer
2008-06-09,21.110416666666666,15.394444444444446,27.71111111111111,21.110185185185184,0.7004166666666666,5.547791666666668,1018.2729166666667,10.5837375,2008,6,Summer
2008-06-10,21.670370370370375,14.377777777777778,28.70555555555556,21.66574074074074,0.6970833333333334,5.424358333333334,1018.7487500000001,12.119275,2008,6,Summer
2008-06-11,22.12222222222222,14.21111111111111,27.85,22.188888888888886,0.67625,7.8004500000000005,1013.1379166666667,11.063383333333334,2008,6,Summer
2008-06-12,20.24884259259259,16.133333333333333,24.844444444444445,20.24884259259259,0.7504166666666667,10.037679166666667,1008.8504166666667,11.441733333333334,2008,6,Summer
2008-06-13,16.512037037037036,13.133333333333333,20.90555555555555,16.512037037037036,0.8275,12.619716666666667,1007.3616666666667,9.334645833333333,2008,6,Summer
2008-06-14,15.968055555555557,11.733333333333333,22.03888888888889,15.968055555555557,0.71625,8.650395833333333,1011.9641666666666,11.233104166666665,2008,6,Summer
2008-06-15,15.459027777777777,11.622222222222224,20.90555555555555,15.459027777777777,0.7641666666666667,7.776970833333333,1011.5795833333333,11.039904166666666,2008,6,Summer
2008-06-16,18.09976851851852,9.622222222222222,23.81666666666667,18.09976851851852,0.6816666666666666,7.132970833333334,1012.9258333333333,10.742054166666668,2008,6,Summer
2008-06-17,21.98402777777778,15.544444444444444,27.70555555555556,21.969444444444445,0.6525,8.070125,1013.0191666666666,11.708725,2008,6,Summer
2008-06-18,19.797685185185184,15.050000000000002,23.744444444444444,19.797685185185184,0.8183333333333334,8.704733333333333,1013.745,9.443320833333333,2008,6,Summer
2008-06-19,20.816898148148148,14.25,27.10555555555556,20.809490740740742,0.69875,5.557854166666668,1016.2183333333334,10.393220833333332,2008,6,Summer
2008-06-20,23.230555555555554,14.805555555555555,29.92777777777778,23.037499999999998,0.6270833333333333,7.660245833333334,1017.5683333333333,10.66625,2008,6,Summer
2008-06-21,24.33912037037037,15.983333333333336,30.99444444444445,24.104166666666668,0.5970833333333333,6.271620833333333,1020.0341666666667,11.653045833333332,2008,6,Summer
2008-06-22,25.622222222222224,16.48888888888889,32.22222222222222,25.619907407407407,0.5979166666666667,5.542425000000001,1020.3975,11.4169125,2008,6,Summer
2008-06-23,26.63449074074074,17.194444444444443,33.83888888888888,26.67523148148148,0.59375,8.125133333333334,1017.0283333333333,11.628895833333333,2008,6,Summer
2008-06-24,27.126851851851853,17.9,34.55,27.4037037037037,0.5829166666666666,9.611029166666667,1015.2629166666667,11.009716666666668,2008,6,Summer
2008-06-25,26.103472222222223,18.86111111111111,32.22222222222222,26.011342592592595,0.5816666666666667,7.998345833333334,1016.3683333333333,11.852954166666665,2008,6,Summer
2008-06-26,26.79513888888889,20.177777777777774,32.66111111111112,26.896527777777777,0.5645833333333333,9.465458333333332,1017.1374999999999,11.898570833333332,2008,6,Summer
2008-06-27,23.006944444444446,18.37222222222222,28.75,23.17523148148148,0.7420833333333333,12.363458333333334,1016.44625,11.530954166666668,2008,6,Summer
2008-06-28,22.472222222222218,16.666666666666668,27.68333333333333,22.29699074074074,0.6004166666666667,13.399895833333334,1017.7641666666667,11.655729166666667,2008,6,Summer
2008-06-29,23.953935185185188,15.533333333333337,30.0,23.693981481481483,0.56625,6.387675000000001,1019.2704166666667,11.930770833333334,2008,6,Summer
2008-06-30,24.316203703703703,17.17777777777778,31.11111111111111,24.15648148148148,0.6379166666666667,10.760166666666668,1017.4645833333334,11.893875000000001,2008,6,Summer
2008-07-01,22.993055555555557,15.866666666666667,29.92777777777778,22.915277777777778,0.6454166666666666,8.333091666666666,1017.4670833333333,10.808466666666668,2008,7,Summer
2008-07-02,24.40625,15.116666666666667,29.95,24.12939814814815,0.5116666666666667,8.781879166666668,1014.8829166666666,10.817187500000001,2008,7,Summer
2008-07-03,24.209722222222222,15.355555555555554,31.13333333333334,23.88032407407407,0.5266666666666667,6.803591666666667,1012.3345833333333,11.968337499999999,2008,7,Summer
2008-07-04,23.378703703703703,17.733333333333334,27.77777777777778,23.358796296296294,0.5537500000000001,19.228095833333334,1009.9245833333333,12.427858333333333,2008,7,Summer
2008-07-05,21.26412037037037,14.427777777777775,27.661111111111115,21.095601851851853,0.4925,17.427579166666668,1012.3595833333334,11.950895833333334,2008,7,Summer
2008-07-06,21.92476851851852,12.872222222222224,28.77777777777778,21.641203703703706,0.47500000000000003,9.996758333333334,1013.6041666666666,11.928087499999998,2008,7,Summer
2008-07-07,25.983564814814812,16.833333333333332,33.86666666666666,25.860185185185184,0.5025000000000001,14.698629166666668,1009.0475,12.295704166666667,2008,7,Summer
2008-07-08,20.48101851851852,14.7,26.916666666666668,20.421990740740743,0.6191666666666666,15.058866666666667,1012.77,12.1212875,2008,7,Summer
2008-07-09,20.60902777777778,12.52222222222222,26.06111111111111,20.60902777777778,0.5145833333333333,17.83812916666667,1015.88125,11.932783333333333,2008,7,Summer
2008-07-10,21.023842592592594,15.316666666666666,26.016666666666666,21.023842592592594,0.5595833333333333,10.984225,1016.7395833333334,11.898570833333332,2008,7,Summer
2008-07-11,23.59837962962963,13.505555555555556,30.07222222222222,23.366203703703704,0.5625,8.493420833333333,1015.6974999999999,11.655058333333335,2008,7,Summer
2008-07-12,26.125462962962967,17.044444444444444,33.916666666666664,25.590277777777775,0.46708333333333335,11.8335,1012.1908333333334,11.913329166666665,2008,7,Summer
2008-07-13,27.315509259259258,16.688888888888886,35.02777777777778,26.772453703703704,0.43583333333333335,15.590166666666667,1010.6225,11.939491666666667,2008,7,Summer
2008-07-14,22.09421296296296,17.15,29.72222222222222,22.21064814814815,0.7125,15.584800000000001,1012.7575,11.647008333333334,2008,7,Summer
2008-07-15,16.75486111111111,14.511111111111113,18.86111111111111,16.75486111111111,0.81875,15.243345833333334,1019.6229166666667,12.155500000000002,2008,7,Summer
2008-07-16,20.44421296296296,13.955555555555556,26.105555555555554,20.44421296296296,0.6616666666666667,9.332633333333334,1017.69375,11.6101125,2008,7,Summer
2008-07-17,23.649305555555557,16.65555555555555,30.04444444444444,23.431250000000002,0.5775,8.0842125,1012.5412500000001,11.928087499999998,2008,7,Summer
2008-07-18,20.153935185185187,14.449999999999998,25.877777777777776,20.153935185185187,0.7095833333333333,13.697745833333334,1012.9191666666667,11.764404166666667,2008,7,Summer
2008-07-19,21.095601851851853,13.272222222222222,27.677777777777774,20.994212962962965,0.6108333333333333,9.250791666666666,1015.7791666666667,10.8856125,2008,7,Summer
2008-07-20,24.27013888888889,13.533333333333331,31.916666666666668,23.87708333333333,0.52375,9.0099625,1013.32625,11.8979,2008,7,Summer
2008-07-21,20.498148148148147,14.655555555555557,25.877777777777776,20.498148148148147,0.55625,16.4038875,1013.6691666666667,12.3869375,2008,7,Summer
2008-07-22,15.428703703703704,13.75,17.200000000000003,15.428703703703704,0.7312500000000001,11.473262500000002,1015.3325,12.651245833333334,2008,7,Summer
2008-07-23,14.893518518518519,12.77777777777778,17.655555555555555,14.893518518518519,0.8545833333333334,8.866404166666667,1009.3441666666666,11.893204166666669,2008,7,Summer
2008-07-24,16.745833333333334,13.961111111111112,20.78888888888889,16.745833333333334,0.8383333333333334,7.540837500000001,1008.7070833333333,9.173645833333333,2008,7,Summer
2008-07-25,19.63773148148148,15.02777777777778,25.022222222222226,19.63773148148148,0.8125,8.194229166666668,1007.4866666666667,9.280979166666667,2008,7,Summer
2008-07-26,21.071759259259256,17.194444444444443,26.977777777777774,21.097685185185185,0.7954166666666667,10.2818625,1008.6995833333334,10.919825000000001,2008,7,Summer
2008-07-27,23.15833333333333,17.244444444444444,29.838888888888885,23.267824074074074,0.6816666666666666,15.056854166666668,1012.2879166666667,12.238012500000002,2008,7,Summer
2008-07-28,23.086111111111112,16.261111111111113,29.86111111111111,22.923148148148147,0.6179166666666667,11.131808333333334,1015.7425,11.8174,2008,7,Summer
2008-07-29,23.44861111111111,14.911111111111111,29.95,23.10925925925926,0.57,7.700495833333334,1016.7970833333334,11.928087499999998,2008,7,Summer
2008-07-30,24.01111111111111,15.8,30.99444444444445,23.861574074074074,0.5991666666666666,5.972429166666667,1018.4554166666667,12.0287125,2008,7,Summer
2008-07-31,25.03101851851852,16.255555555555553,31.077777777777776,24.738194444444446,0.55875,8.301562500000001,1014.2308333333334,11.844904166666666,2008,7,Summer
2008-08-01,25.936111111111114,17.366666666666664,32.2,25.70300925925926,0.5366666666666667,9.04015,1017.4970833333333,11.144554166666666,2008,8,Summer
2008-08-02,26.302314814814817,19.83333333333333,32.75555555555555,25.961805555555557,0.5141666666666667,10.251675,1016.8545833333333,11.241154166666666,2008,8,Summer
2008-08-03,24.78148148148148,19.16111111111111,31.13888888888889,24.866666666666664,0.6033333333333334,7.467716666666667,1015.6441666666666,12.219229166666667,2008,8,Summer
2008-08-04,26.00532407407408,16.966666666666665,32.82777777777778,25.897453703703704,0.5775,7.912479166666667,1012.4625,11.896558333333333,2008,8,Summer
2008-08-05,22.41689814814815,16.761111111111113,29.822222222222223,22.443749999999998,0.6483333333333333,12.994041666666668,1010.5016666666667,11.975045833333333,2008,8,Summer
2008-08-06,21.639583333333334,14.622222222222222,27.75555555555555,21.379166666666666,0.5270833333333333,9.866616666666667,1016.5445833333333,11.912658333333333,2008,8,Summer
2008-08-07,21.81226851851852,12.5,28.883333333333333,21.563888888888886,0.5583333333333333,5.5041875000000005,1013.5970833333334,11.883141666666667,2008,8,Summer
2008-08-08,23.984490740740743,14.255555555555553,32.75555555555555,23.787731481481483,0.6083333333333333,9.943091666666668,1008.4658333333333,10.977516666666666,2008,8,Summer
2008-08-09,19.811574074074077,14.005555555555556,24.90555555555555,19.811574074074077,0.71875,17.80592916666667,1010.5554166666667,12.383583333333334,2008,8,Summer
2008-08-10,18.746990740740742,11.93888888888889,25.8,18.746990740740742,0.5933333333333334,7.2510375,1013.6416666666668,11.8918625,2008,8,Summer
2008-08-11,20.895833333333332,10.577777777777776,27.9,20.712268518518517,0.5370833333333334,4.689795833333334,1012.1679166666667,11.883141666666667,2008,8,Summer
2008-08-12,24.331712962962964,12.611111111111112,32.78333333333333,23.843055555555555,0.49,10.894333333333334,1009.3204166666666,11.883141666666667,2008,8,Summer
2008-08-13,26.967361111111114,17.805555555555557,34.8111111111111,26.603703703703705,0.4879166666666667,9.94175,1012.3458333333333,11.8979,2008,8,Summer
2008-08-14,28.548148148148147,19.95,37.06666666666667,28.40648148148148,0.4895833333333333,9.182366666666667,1012.9129166666667,11.9401625,2008,8,Summer
2008-08-15,30.74837962962963,20.977777777777774,37.75555555555555,30.034027777777776,0.34833333333333333,21.582720833333337,1005.1404166666666,11.889179166666667,2008,8,Summer
2008-08-16,21.7599537037037,14.927777777777775,28.08333333333333,21.683333333333334,0.5433333333333333,19.167720833333334,1006.2495833333334,12.253441666666667,2008,8,Summer
2008-08-17,18.198842592592595,13.194444444444445,23.84444444444445,18.198842592592595,0.5641666666666666,10.6400875,1013.2025,12.141412500000001,2008,8,Summer
2008-08-18,19.780555555555555,10.97222222222222,27.17222222222222,19.582175925925927,0.5041666666666667,9.592916666666667,1017.2854166666666,11.942845833333335,2008,8,Summer
2008-08-19,22.3650462962963,10.783333333333331,30.07222222222222,21.887037037037036,0.44250000000000006,7.313425,1016.82875,11.913329166666665,2008,8,Summer
2008-08-20,24.47824074074074,12.755555555555556,32.77777777777778,23.872222222222224,0.45875,9.507720833333334,1011.51125,11.756354166666666,2008,8,Summer
2008-08-21,24.690509259259258,17.01111111111111,32.12777777777777,24.28935185185185,0.49,11.990475000000002,1017.7629166666667,11.928087499999998,2008,8,Summer
2008-08-22,26.541203703703705,17.066666666666666,34.90555555555555,26.10092592592593,0.4475,8.298208333333333,1013.9570833333333,11.922720833333335,2008,8,Summer
2008-08-23,23.59861111111111,15.511111111111113,30.72222222222222,23.390046296296294,0.57625,14.5765375,1009.1666666666666,10.618620833333333,2008,8,Summer
2008-08-24,16.974305555555556,12.788888888888891,22.03333333333333,16.974305555555556,0.7829166666666666,13.601816666666666,1012.7045833333333,12.227279166666667,2008,8,Summer
2008-08-25,17.992592592592594,11.605555555555556,23.911111111111115,17.992592592592594,0.6533333333333333,6.310529166666666,1018.6033333333334,11.721470833333333,2008,8,Summer
2008-08-26,19.80949074074074,12.03888888888889,27.2,19.741666666666664,0.6108333333333333,6.384991666666667,1021.5716666666667,11.659754166666666,2008,8,Summer
2008-08-27,21.08634259259259,12.127777777777776,27.87777777777778,20.88888888888889,0.5829166666666666,6.414508333333334,1020.5704166666666,11.883141666666667,2008,8,Summer
2008-08-28,22.11759259259259,14.283333333333337,28.79444444444444,21.952314814814816,0.6183333333333333,7.344283333333333,1017.0174999999999,11.836854166666667,2008,8,Summer
2008-08-29,22.326620370370367,18.63333333333334,27.800000000000004,22.28935185185185,0.6008333333333333,15.218525,1014.18375,11.962299999999999,2008,8,Summer
2008-08-30,19.22662037037037,13.638888888888888,23.87777777777778,19.22662037037037,0.5295833333333334,12.173612499999999,1017.9658333333333,12.160866666666665,2008,8,Summer
2008-08-31,17.86875,9.922222222222222,23.97777777777777,17.77314814814815,0.46458333333333335,9.878691666666667,1021.2808333333334,11.883141666666667,2008,8,Summer
2008-09-01,18.83101851851852,7.799999999999999,27.2,18.733564814814816,0.5475,5.322391666666667,1018.7929166666667,11.922720833333335,2008,9,Fall
2008-09-02,20.99837962962963,13.755555555555553,28.838888888888885,20.757638888888888,0.5254166666666666,7.124920833333333,1015.7383333333333,11.7348875,2008,9,Fall
2008-09-03,22.55162037037037,13.72777777777778,31.016666666666666,22.298379629629625,0.5379166666666667,9.714337500000001,1013.4283333333333,11.8979,2008,9,Fall
2008-09-04,24.53449074074074,14.933333333333334,32.68333333333333,24.05300925925926,0.48583333333333334,11.661766666666667,1012.6645833333333,11.926745833333333,2008,9,Fall
2008-09-05,24.917592592592595,17.55,32.66111111111112,24.47152777777778,0.5066666666666667,8.9455625,1013.3545833333333,12.015295833333333,2008,9,Fall
2008-09-06,27.047916666666666,16.844444444444445,36.016666666666666,26.474999999999998,0.4245833333333333,14.429625000000001,1012.2287500000001,11.967666666666666,2008,9,Fall
2008-09-07,28.24675925925926,19.822222222222223,37.150000000000006,27.71875,0.39666666666666667,11.920708333333335,1011.1975000000001,11.583279166666665,2008,9,Fall
2008-09-08,19.348842592592593,13.900000000000002,23.172222222222217,19.348842592592593,0.7775,11.640970833333334,1016.12125,12.063595833333332,2008,9,Fall
2008-09-09,18.152546296296297,11.11111111111111,26.016666666666666,18.152546296296297,0.6629166666666667,7.913150000000001,1020.6149999999999,11.979741666666667,2008,9,Fall
2008-09-10,19.668287037037036,9.97777777777778,27.77777777777778,19.461805555555557,0.5920833333333334,3.0717458333333334,1018.8887500000001,11.717445833333334,2008,9,Fall
2008-09-11,20.809722222222224,13.499999999999998,28.883333333333333,20.683564814814815,0.61,3.7694125,1013.4479166666666,11.899241666666667,2008,9,Fall
2008-09-12,20.59837962962963,13.666666666666666,27.17777777777778,20.60185185185185,0.6541666666666667,9.821,1008.5995833333333,11.062712500000002,2008,9,Fall
2008-09-13,14.474768518518518,9.927777777777775,17.861111111111114,14.239583333333334,0.5766666666666667,22.358875,1013.2841666666667,11.625541666666665,2008,9,Fall
2008-09-14,11.951620370370371,9.394444444444442,16.044444444444444,11.168518518518518,0.6808333333333333,15.034716666666668,1017.0579166666666,10.699791666666668,2008,9,Fall
2008-09-15,9.910416666666666,8.477777777777776,11.105555555555558,9.049768518518519,0.9170833333333334,9.291041666666667,1011.7041666666668,7.660245833333334,2008,9,Fall
2008-09-16,10.797916666666666,7.433333333333334,12.666666666666664,10.280787037037037,0.8783333333333334,9.918270833333333,1011.2824999999999,6.746570833333333,2008,9,Fall
2008-09-17,9.641435185185186,8.844444444444445,11.016666666666666,8.856944444444444,0.8845833333333334,11.026487500000002,1017.63375,7.3067166666666665,2008,9,Fall
2008-09-18,9.913425925925926,7.105555555555555,12.355555555555558,9.292592592592593,0.8275,7.978891666666667,1022.15,10.005479166666667,2008,9,Fall
2008-09-19,9.793055555555556,6.9555555555555575,13.861111111111112,9.537037037037036,0.8108333333333334,6.8411583333333335,1020.1433333333333,9.301775000000001,2008,9,Fall
2008-09-20,10.36412037037037,7.822222222222221,12.66111111111111,9.953935185185186,0.8308333333333334,9.592916666666667,1019.5441666666667,8.862379166666667,2008,9,Fall
2008-09-21,10.78912037037037,8.744444444444447,12.77777777777778,10.63587962962963,0.8308333333333334,6.138795833333334,1017.4829166666667,9.526504166666667,2008,9,Fall
2008-09-22,11.368055555555555,6.749999999999999,15.97222222222222,11.322685185185184,0.8004166666666667,4.3449875,1015.3249999999999,8.098970833333334,2008,9,Fall
2008-09-23,13.010185185185186,8.861111111111112,17.200000000000003,12.88263888888889,0.7558333333333334,4.116233333333334,1015.3154166666667,10.094029166666667,2008,9,Fall
2008-09-24,13.089351851851852,9.844444444444443,17.755555555555556,13.062037037037037,0.7275,5.290191666666667,1017.8525,10.559587500000001,2008,9,Fall
2008-09-25,13.16574074074074,9.911111111111111,17.68888888888889,13.035879629629628,0.7891666666666667,13.067833333333335,1019.505,10.884941666666668,2008,9,Fall
2008-09-26,12.007407407407408,8.93888888888889,16.022222222222226,11.525231481481482,0.7925,12.866583333333333,1024.2908333333332,11.571204166666668,2008,9,Fall
2008-09-27,11.308101851851852,9.422222222222224,13.916666666666664,11.210185185185184,0.7999999999999999,8.70205,1026.86375,10.626670833333334,2008,9,Fall
2008-09-28,12.408564814814815,7.777777777777778,17.22222222222222,12.318750000000001,0.7087500000000001,5.1888958333333335,1024.3583333333333,9.387641666666667,2008,9,Fall
2008-09-29,11.783101851851852,4.9833333333333325,18.83888888888889,11.57800925925926,0.6791666666666667,6.2286875,1019.7325000000001,10.23155,2008,9,Fall
2008-09-30,12.180324074074074,4.961111111111111,20.022222222222226,11.981250000000001,0.7095833333333333,8.066770833333333,1016.0100000000001,9.264208333333334,2008,9,Fall
2008-10-01,15.506018518518518,9.683333333333334,19.89444444444445,15.370833333333335,0.64625,13.623954166666666,1012.48875,12.0770125,2008,10,Fall
2008-10-02,17.111574074074074,10.233333333333334,22.75555555555555,17.111574074074074,0.6737500000000001,11.061370833333335,1010.4883333333333,11.685245833333333,2008,10,Fall
2008-10-03,17.725694444444443,13.866666666666667,23.79444444444444,17.725694444444443,0.73875,7.567,1007.8666666666667,9.936383333333334,2008,10,Fall
2008-10-04,10.818055555555555,9.93888888888889,14.194444444444445,10.318055555555555,0.8708333333333332,14.932079166666668,998.9304166666666,9.622433333333333,2008,10,Fall
2008-10-05,9.092361111111112,4.7111111111111095,13.88888888888889,7.405324074074074,0.7725,18.855783333333335,994.4191666666666,10.620633333333332,2008,10,Fall
2008-10-06,11.789814814814816,2.92777777777778,18.811111111111117,11.299999999999999,0.6966666666666667,10.1409875,1002.1687499999999,11.064054166666667,2008,10,Fall
2008-10-07,14.133796296296296,7.950000000000001,21.06111111111111,14.037037037037038,0.7354166666666666,8.832862500000001,1018.4204166666667,11.9784,2008,10,Fall
2008-10-08,14.806249999999999,7.855555555555556,22.08333333333333,14.710416666666667,0.75625,3.6473208333333336,1019.84125,10.743395833333333,2008,10,Fall
2008-10-09,14.799999999999999,9.905555555555557,21.966666666666672,14.799999999999999,0.7791666666666667,4.168558333333333,1027.11,9.677441666666667,2008,10,Fall
2008-10-10,14.079629629629629,7.266666666666666,22.24444444444445,14.021064814814814,0.7683333333333334,4.696504166666667,1032.5658333333333,7.656220833333333,2008,10,Fall
2008-10-11,13.467824074074073,6.183333333333335,22.17222222222222,13.391203703703704,0.7937500000000001,4.407375,1033.1216666666667,5.980479166666666,2008,10,Fall
2008-10-12,14.02060185185185,6.0888888888888895,22.800000000000004,13.994212962962962,0.7595833333333334,3.068391666666667,1029.4245833333334,6.083116666666666,2008,10,Fall
2008-10-13,12.391666666666666,6.138888888888888,20.98888888888889,12.308101851851852,0.8133333333333334,4.294004166666666,1024.4379166666668,4.807191666666667,2008,10,Fall
2008-10-14,12.009953703703703,5.072222222222224,21.105555555555554,11.852314814814813,0.82,3.5305958333333334,1021.6129166666666,5.345200000000001,2008,10,Fall
2008-10-15,16.034953703703703,8.966666666666667,23.86111111111111,16.02662037037037,0.715,4.842075,1019.6070833333333,9.097170833333333,2008,10,Fall
2008-10-16,16.826851851851853,9.955555555555556,22.800000000000004,16.78773148148148,0.6883333333333334,10.774254166666667,1014.475,6.976666666666667,2008,10,Fall
2008-10-17,10.311805555555557,6.050000000000001,16.688888888888886,9.46712962962963,0.8341666666666666,14.141166666666669,1017.6195833333333,9.608345833333333,2008,10,Fall
2008-10-18,8.307407407407407,2.666666666666665,15.072222222222225,7.573842592592592,0.7595833333333334,6.520500000000001,1025.6187499999999,10.259054166666667,2008,10,Fall
2008-10-19,8.888425925925926,1.7777777777777797,17.200000000000003,8.665046296296296,0.7904166666666667,4.054516666666667,1025.8675,9.3058,2008,10,Fall
2008-10-20,10.262962962962964,2.755555555555556,18.88888888888889,10.060416666666667,0.78125,4.125625,1025.0791666666667,7.970841666666666,2008,10,Fall
2008-10-21,11.901851851851852,4.555555555555557,19.95,11.786342592592591,0.7508333333333334,5.148645833333334,1020.53375,8.897933333333333,2008,10,Fall
2008-10-22,13.649537037037037,8.222222222222221,21.016666666666666,13.233796296296296,0.71375,11.178095833333332,1019.9454166666666,10.566966666666668,2008,10,Fall
2008-10-23,11.339351851851852,7.377777777777778,16.95,10.927546296296297,0.7779166666666667,12.3466875,1025.0333333333333,9.900829166666666,2008,10,Fall
2008-10-24,8.827777777777778,6.5388888888888905,12.755555555555556,8.130092592592593,0.7791666666666667,7.2523791666666675,1028.6520833333334,11.274695833333332,2008,10,Fall
2008-10-25,9.53425925925926,5.9611111111111095,13.777777777777777,9.171296296296296,0.7937500000000001,6.862625,1031.54,7.63945,2008,10,Fall
2008-10-26,8.880555555555555,4.166666666666667,12.288888888888888,8.604166666666666,0.7833333333333333,4.0914125,1028.9925,6.463479166666667,2008,10,Fall
2008-10-27,9.05,5.033333333333335,13.961111111111112,7.521296296296296,0.7637499999999999,13.275120833333334,1018.1979166666666,9.128029166666666,2008,10,Fall
2008-10-28,11.472453703703705,7.205555555555555,17.21666666666667,10.383101851851853,0.7345833333333333,15.098445833333335,1013.7079166666667,9.496987500000001,2008,10,Fall
2008-10-29,14.457175925925926,9.4,20.06666666666667,14.114814814814814,0.7020833333333334,24.3935125,1009.7141666666666,11.103633333333335,2008,10,Fall
2008-10-30,15.96736111111111,8.88888888888889,22.42777777777778,15.880555555555555,0.6804166666666666,24.4740125,1004.9979166666667,12.553304166666669,2008,10,Fall
2008-10-31,13.484953703703704,6.183333333333335,21.13333333333334,13.175462962962962,0.6983333333333334,11.330375000000002,1016.5116666666667,11.856979166666667,2008,10,Fall
2008-11-01,16.14814814814815,11.644444444444446,21.13333333333334,16.14814814814815,0.7641666666666667,15.717625,1013.78125,11.204258333333334,2008,11,Fall
2008-11-02,14.252546296296295,9.183333333333334,19.994444444444444,14.252546296296295,0.8383333333333334,4.736083333333334,1018.6374999999999,6.7137,2008,11,Fall
2008-11-03,13.793750000000001,7.049999999999999,21.22777777777777,13.793750000000001,0.8058333333333333,7.2067625,1021.0741666666667,8.015116666666666,2008,11,Fall
2008-11-04,14.232638888888888,9.35,20.06666666666667,14.125462962962963,0.7933333333333333,12.130008333333334,1021.12,9.200479166666666,2008,11,Fall
2008-11-05,15.225462962962963,8.955555555555556,21.25555555555556,15.19675925925926,0.7545833333333333,13.846670833333334,1020.6316666666667,9.703604166666667,2008,11,Fall
2008-11-06,14.531712962962963,9.394444444444442,20.9,14.348611111111111,0.77375,6.757975000000001,1018.4791666666666,9.657316666666667,2008,11,Fall
2008-11-07,14.155324074074073,10.627777777777778,17.794444444444444,14.155324074074073,0.69125,21.377445833333336,1019.6616666666667,11.114366666666667,2008,11,Fall
2008-11-08,12.614814814814814,10.305555555555554,16.95,12.614814814814814,0.71625,21.085633333333334,1024.91,11.7509875,2008,11,Fall
2008-11-09,10.462731481481482,5.5777777777777775,15.0,9.352777777777778,0.6854166666666667,15.347995833333334,1030.9475,11.786541666666666,2008,11,Fall
2008-11-10,8.402777777777779,3.455555555555555,13.91111111111111,7.361342592592592,0.6758333333333333,8.980445833333333,1031.9716666666666,11.749645833333332,2008,11,Fall
2008-11-11,7.346759259259259,2.7722222222222235,12.811111111111112,5.50648148148148,0.71,14.265941666666668,1025.18,11.325679166666667,2008,11,Fall
2008-11-12,6.872222222222223,1.8944444444444424,11.199999999999998,5.240509259259259,0.77625,9.788129166666666,1022.0758333333333,9.558704166666667,2008,11,Fall
2008-11-13,9.173148148148147,6.933333333333332,12.7,8.232870370370371,0.6641666666666667,8.806700000000001,1023.0137500000001,11.808679166666666,2008,11,Fall
2008-11-14,7.086342592592593,1.783333333333334,11.183333333333334,6.262731481481481,0.73875,5.824845833333334,1026.9308333333333,8.316320833333334,2008,11,Fall
2008-11-15,3.6020833333333333,-0.9500000000000004,12.2,3.2129629629629632,0.9049999999999999,3.449425,1029.5670833333334,1.3946625,2008,11,Fall
2008-11-16,3.3497685185185184,-1.083333333333333,11.133333333333333,2.4965277777777777,0.9116666666666666,6.2407625,1025.9645833333334,2.0795833333333333,2008,11,Fall
2008-11-17,5.541435185185185,0.0111111111111128,9.927777777777775,2.7988425925925924,0.765,14.633558333333333,1024.0962499999998,10.340225,2008,11,Fall
2008-11-18,2.265740740740741,-3.638888888888889,8.838888888888887,0.7150462962962966,0.7791666666666667,6.490983333333333,1022.1116666666667,11.470579166666667,2008,11,Fall
2008-11-19,3.1979166666666674,-4.233333333333334,8.766666666666667,1.556712962962963,0.7583333333333333,8.773829166666667,1018.5637499999999,11.232433333333333,2008,11,Fall
2008-11-20,6.994212962962963,2.105555555555555,12.333333333333336,4.818981481481481,0.6379166666666667,13.658166666666666,1006.4929166666666,11.021791666666667,2008,11,Fall
2008-11-21,6.7310185185185185,5.044444444444443,7.905555555555553,4.875925925925926,0.8366666666666668,10.081954166666668,994.285,9.736475,2008,11,Fall
2008-11-22,1.2449074074074076,-1.1333333333333329,4.927777777777776,-4.16412037037037,0.7483333333333334,24.580675,995.57125,11.999866666666668,2008,11,Fall
2008-11-23,0.1358796296296296,-2.7777777777777777,3.9000000000000017,-4.809490740740741,0.6829166666666667,20.482554166666667,1004.8304166666667,12.232645833333335,2008,11,Fall
2008-11-24,0.9351851851851855,-3.744444444444443,3.75,-4.140972222222222,0.66375,21.30969166666667,1003.9154166666667,12.378216666666667,2008,11,Fall
2008-11-25,2.4696759259259253,1.6444444444444448,3.677777777777776,-0.34259259259259284,0.8929166666666667,11.64835,1007.3191666666667,6.1985,2008,11,Fall
2008-11-26,0.759259259259259,-2.105555555555555,3.911111111111111,-2.664814814814815,0.7945833333333333,12.240695833333334,1022.9929166666666,9.536566666666667,2008,11,Fall
2008-11-27,0.8125,-2.294444444444444,5.116666666666667,-1.5064814814814815,0.7908333333333334,7.980904166666666,1028.0362499999999,8.739616666666667,2008,11,Fall
2008-11-28,0.698611111111111,-3.355555555555555,4.883333333333333,-2.757638888888889,0.7966666666666667,12.8659125,1019.4979166666667,8.703391666666667,2008,11,Fall
2008-11-29,5.046527777777778,2.7111111111111126,7.716666666666667,0.8293981481481479,0.8241666666666667,23.373845833333334,1007.25625,10.918483333333334,2008,11,Fall
2008-11-30,7.17037037037037,2.755555555555556,12.17222222222222,4.940740740740741,0.8333333333333334,17.838800000000003,1011.3891666666667,9.9518125,2008,11,Fall
2008-12-01,9.20162037037037,4.500000000000001,14.905555555555551,7.53912037037037,0.7679166666666667,21.24931666666667,1009.1041666666666,10.940620833333334,2008,12,Winter
2008-12-02,6.79212962962963,2.872222222222223,12.266666666666666,5.548148148148147,0.8629166666666667,7.6052375,1012.525,8.783891666666667,2008,12,Winter
2008-12-03,6.152083333333333,3.955555555555554,8.955555555555556,5.681018518518518,0.9083333333333333,4.444941666666667,1009.0524999999999,4.16185,2008,12,Winter
2008-12-04,6.441898148148148,4.816666666666667,7.255555555555556,4.776851851851852,0.9408333333333334,9.749891666666668,1005.64875,1.1397458333333335,2008,12,Winter
2008-12-05,9.193518518518518,3.933333333333332,11.57777777777778,7.5717592592592595,0.7600000000000001,23.1538125,1005.0187500000001,11.082837500000002,2008,12,Winter
2008-12-06,8.631712962962963,5.422222222222221,12.105555555555554,7.290740740740741,0.8645833333333334,11.869054166666666,1009.0450000000001,10.208070833333332,2008,12,Winter
2008-12-07,4.709027777777778,3.050000000000001,7.733333333333334,0.7474537037037038,0.8216666666666667,20.5456125,1015.4862499999999,10.517325,2008,12,Winter
2008-12-08,2.685416666666667,-0.9722222222222222,6.188888888888889,-0.9861111111111112,0.79625,16.34955,1022.98875,10.128241666666666,2008,12,Winter
2008-12-09,0.9395833333333333,-2.7777777777777777,6.205555555555557,-1.4895833333333337,0.8458333333333333,9.478204166666668,1023.3554166666667,7.8118541666666665,2008,12,Winter
2008-12-10,1.490509259259259,-2.244444444444444,3.933333333333332,-2.473611111111111,0.7870833333333334,14.999162499999999,1020.1966666666667,10.463658333333333,2008,12,Winter
2008-12-11,5.844907407407407,3.305555555555557,8.883333333333335,1.5236111111111112,0.5654166666666667,26.79375416666667,1015.8566666666667,11.977729166666668,2008,12,Winter
2008-12-12,5.358564814814815,2.7500000000000018,7.977777777777778,3.170601851851852,0.7604166666666666,10.5756875,1014.9629166666667,11.904608333333334,2008,12,Winter
2008-12-13,5.188888888888889,2.822222222222221,7.033333333333331,3.512962962962963,0.8658333333333333,8.086225,1015.5216666666666,8.844266666666668,2008,12,Winter
2008-12-14,5.033333333333334,3.333333333333333,7.777777777777778,1.736342592592593,0.8170833333333333,15.946379166666667,1017.5566666666667,11.667804166666668,2008,12,Winter
2008-12-15,6.027777777777779,2.7333333333333343,8.844444444444445,2.719907407407408,0.7845833333333333,18.065541666666665,1022.2975,11.738241666666667,2008,12,Winter
2008-12-16,6.476851851851852,3.9611111111111126,8.794444444444444,3.236111111111111,0.79,18.194341666666666,1021.5554166666667,11.917354166666668,2008,12,Winter
2008-12-17,7.523842592592593,5.027777777777776,9.955555555555556,3.9819444444444443,0.80875,23.629433333333335,1013.0254166666667,9.555349999999999,2008,12,Winter
2008-12-18,8.082175925925926,5.866666666666668,9.988888888888887,6.623842592592592,0.9195833333333333,9.393008333333334,1010.5395833333333,7.850091666666667,2008,12,Winter
2008-12-19,3.510416666666666,2.727777777777776,4.911111111111113,-0.6118055555555556,0.8975,18.779308333333336,1016.0908333333333,10.517325000000001,2008,12,Winter
2008-12-20,3.7293981481481477,2.822222222222221,5.127777777777776,-0.07268518518518499,0.8537499999999999,17.5147875,1021.0666666666666,10.102079166666666,2008,12,Winter
2008-12-21,3.969212962962963,0.5999999999999991,7.794444444444445,-0.02962962962962958,0.7833333333333333,20.497983333333334,1023.1633333333333,10.957391666666666,2008,12,Winter
2008-12-22,3.135185185185185,-2.0388888888888896,7.15,0.15254629629629612,0.8633333333333333,14.697287500000002,1026.1625000000001,11.620175000000001,2008,12,Winter
2008-12-23,4.973842592592592,1.1999999999999982,7.877777777777778,0.34560185185185205,0.6933333333333334,27.58735,1023.7491666666666,12.288325,2008,12,Winter
2008-12-24,0.6222222222222219,-2.105555555555555,3.861111111111113,-1.859490740740741,0.7362500000000001,9.3440375,1027.2437499999999,9.823012499999999,2008,12,Winter
2008-12-25,-1.2118055555555556,-3.944444444444445,0.2388888888888887,-5.154166666666667,0.8833333333333333,11.995170833333333,1027.2925,5.545108333333334,2008,12,Winter
2008-12-26,-2.926851851851852,-7.627777777777778,0.9277777777777788,-6.554398148148148,0.8445833333333334,10.524033333333334,1035.8679166666668,10.147025000000001,2008,12,Winter
2008-12-27,-5.6157407407407405,-7.805555555555555,-4.73888888888889,-6.891666666666667,0.8916666666666666,4.5864875000000005,1035.7395833333333,2.0373208333333337,2008,12,Winter
2008-12-28,-5.579398148148148,-6.255555555555556,-3.994444444444445,-7.14050925925926,0.9054166666666666,4.6508875000000005,1036.9329166666666,2.734316666666667,2008,12,Winter
2008-12-29,-6.20324074074074,-7.194444444444445,-4.972222222222222,-7.6000000000000005,0.8991666666666666,4.966179166666667,1040.1179166666668,3.7881958333333334,2008,12,Winter
2008-12-30,-5.493287037037038,-6.0888888888888895,-4.905555555555555,-6.033101851851852,0.8454166666666666,3.5305958333333334,1043.5320833333333,5.716170833333334,2008,12,Winter
2008-12-31,-6.218055555555555,-7.244444444444444,-4.422222222222223,-9.11273148148148,0.9108333333333333,7.1846250000000005,1027.60375,2.26205,2008,12,Winter
2009-01-01,-4.850925925925925,-6.111111111111111,-2.7777777777777777,-7.171759259259258,0.8208333333333333,6.7801125,1026.3887499999998,5.796,2009,1,Winter
2009-01-02,-4.144907407407407,-5.555555555555555,-2.7777777777777777,-6.8351851851851855,0.7775,7.752820833333334,1026.3933333333332,8.769804166666667,2009,1,Winter
2009-01-03,-5.573611111111112,-10.072222222222225,-2.2222222222222223,-6.333796296296296,0.8416666666666667,3.9424875000000004,1027.4304166666668,5.28885,2009,1,Winter
2009-01-04,-7.6157407407407405,-12.22222222222222,-2.7777777777777777,-10.419907407407408,0.8616666666666667,8.1647125,1021.5625,4.1853291666666665,2009,1,Winter
2009-01-05,-6.193518518518519,-8.333333333333334,-3.888888888888889,-9.616435185185185,0.8516666666666667,9.1870625,1019.82375,4.727362500000001,2009,1,Winter
2009-01-06,-6.563888888888889,-10.0,-2.7777777777777777,-8.489583333333334,0.8679166666666668,5.6906791666666665,1023.52,3.3166000000000007,2009,1,Winter
2009-01-07,-5.72662037037037,-7.777777777777778,-3.888888888888889,-8.570833333333333,0.8770833333333333,7.751479166666667,1022.475,3.3125750000000003,2009,1,Winter
2009-01-08,-5.877314814814816,-11.044444444444444,-2.1888888888888896,-8.369675925925927,0.78625,7.578404166666666,1031.0916666666667,6.9008625,2009,1,Winter
2009-01-09,-10.088888888888889,-15.0,-5.0,-10.643055555555556,0.8670833333333333,3.417225,1036.11125,2.4639708333333337,2009,1,Winter
2009-01-10,-9.043981481481483,-13.88888888888889,-3.838888888888889,-11.177083333333334,0.8454166666666666,6.480250000000001,1035.6666666666667,2.949654166666667,2009,1,Winter
2009-01-11,-6.530555555555555,-11.11111111111111,-4.927777777777779,-7.535185185185185,0.8766666666666666,4.3953,1040.4045833333332,2.677966666666667,2009,1,Winter
2009-01-12,-5.586574074074075,-6.2333333333333325,-5.0,-8.135185185185184,0.8775,6.965262500000001,1038.87625,2.9362375000000003,2009,1,Winter
2009-01-13,-5.874305555555555,-7.133333333333334,-5.0,-8.395833333333334,0.9058333333333334,7.060520833333334,1028.7870833333334,2.7879833333333335,2009,1,Winter
2009-01-14,-0.8942129629629632,-5.0,2.7777777777777777,-3.521296296296296,0.8479166666666668,8.463904166666667,1016.995,3.815029166666667,2009,1,Winter
2009-01-15,-0.0037037037037035447,-1.1111111111111112,1.1111111111111112,-2.6768518518518523,0.9120833333333334,8.592704166666666,1020.4954166666666,2.569291666666667,2009,1,Winter
2009-01-16,0.006944444444444457,-1.2166666666666677,1.183333333333335,-2.0247685185185187,0.9041666666666667,7.379166666666667,1024.7670833333334,2.902695833333334,2009,1,Winter
2009-01-17,-0.523148148148148,-2.344444444444444,1.1111111111111112,-2.677546296296296,0.8095833333333333,7.2141416666666665,1027.0558333333333,7.817220833333334,2009,1,Winter
2009-01-18,-0.8268518518518521,-2.7777777777777777,3.333333333333333,-5.065277777777777,0.9483333333333333,13.53205,1018.1374999999999,2.3029708333333336,2009,1,Winter
2009-01-19,4.171759259259259,2.2222222222222223,7.777777777777778,0.874537037037037,0.82125,14.913295833333335,1012.0495833333333,11.858320833333332,2009,1,Winter
2009-01-20,6.712962962962963,2.7777777777777777,12.605555555555554,4.020833333333333,0.7854166666666668,17.5590625,1007.57125,11.592,2009,1,Winter
2009-01-21,7.2719907407407405,2.7777777777777777,10.0,3.8900462962962963,0.8220833333333334,21.403608333333334,1006.88125,12.54995,2009,1,Winter
2009-01-22,5.696296296296296,3.316666666666666,8.88888888888889,4.254398148148148,0.9170833333333334,8.05,1006.73,6.7620000000000005,2009,1,Winter
2009-01-23,3.9358796296296297,2.7777777777777777,6.111111111111111,2.0798611111111103,0.9408333333333333,7.781666666666667,995.9375,2.4384791666666668,2009,1,Winter
2009-01-24,2.7902777777777774,-0.5555555555555556,7.222222222222222,1.3104166666666666,0.9416666666666668,7.049787500000001,992.1920833333334,5.6511,2009,1,Winter
2009-01-25,1.701388888888889,-2.2222222222222223,4.444444444444445,-1.6381944444444445,0.9054166666666666,13.152358333333334,999.1195833333333,3.4031375,2009,1,Winter
2009-01-26,2.502083333333333,-1.6666666666666667,6.161111111111113,1.2201388888888889,0.89875,6.484945833333334,1005.91,6.0522583333333335,2009,1,Winter
2009-01-27,4.65162037037037,2.133333333333335,6.177777777777776,0.963194444444444,0.9466666666666667,18.480116666666667,1007.1095833333334,5.255308333333334,2009,1,Winter
2009-01-28,4.045601851851852,2.7777777777777777,5.555555555555555,0.27986111111111084,0.96125,17.244441666666667,1004.68375,8.1928875,2009,1,Winter
2009-01-29,4.009953703703704,1.961111111111112,5.0,0.6032407407407407,0.9316666666666666,14.853591666666667,1010.6241666666666,11.785200000000001,2009,1,Winter
2009-01-30,1.5689814814814813,0.0,3.888888888888889,-2.5414351851851853,0.7945833333333333,16.131529166666667,1019.3308333333333,12.452679166666668,2009,1,Winter
2009-01-31,0.6969907407407407,-1.1111111111111112,2.7777777777777777,-1.4256944444444446,0.7504166666666667,8.0238375,1017.9520833333332,11.661095833333334,2009,1,Winter
2009-02-01,1.2856481481481483,-1.1111111111111112,2.9166666666666665,-2.1733796296296295,0.8733333333333334,12.577454166666667,1017.1708333333332,10.07055,2009,2,Winter
2009-02-02,2.9773148148148145,-0.0333333333333326,7.222222222222222,-0.2377314814814814,0.7712500000000001,14.506100000000002,1018.4804166666667,11.649020833333333,2009,2,Winter
2009-02-03,4.607175925925926,2.2222222222222223,6.144444444444446,0.16296296296296278,0.8345833333333333,24.123166666666666,1008.7487500000001,11.034537499999999,2009,2,Winter
2009-02-04,6.876851851851851,4.6000000000000005,10.0,4.468518518518518,0.8458333333333333,13.297258333333334,1001.6266666666667,11.121745833333334,2009,2,Winter
2009-02-05,8.01898148148148,1.1111111111111112,13.88888888888889,6.351157407407407,0.8429166666666666,14.257220833333333,1005.9775,9.059604166666666,2009,2,Winter
2009-02-06,8.571296296296296,2.5833333333333326,16.11111111111111,6.857870370370371,0.7512500000000001,13.721895833333335,1003.0141666666667,11.836183333333333,2009,2,Winter
2009-02-07,9.241898148148149,3.888888888888889,14.86111111111111,7.696296296296296,0.7925,19.70371666666667,996.9308333333333,10.775595833333334,2009,2,Winter
2009-02-08,8.032175925925925,3.888888888888889,12.22222222222222,5.720138888888889,0.8325,15.984616666666668,993.1233333333333,12.323879166666666,2009,2,Winter
2009-02-09,2.1215277777777777,-0.5555555555555556,2.866666666666665,-1.3273148148148148,0.9320833333333334,14.5443375,1006.2016666666667,8.119095833333335,2009,2,Winter
2009-02-10,2.1953703703703704,-3.333333333333333,6.022222222222224,-1.522453703703704,0.8175,16.107379166666668,1006.7016666666667,9.90955,2009,2,Winter
2009-02-11,3.892361111111111,1.1111111111111112,6.111111111111111,0.5798611111111113,0.8250000000000001,16.437429166666668,1004.1175,12.136716666666667,2009,2,Winter
2009-02-12,1.1587962962962963,-1.1111111111111112,2.7777777777777777,-4.16412037037037,0.7908333333333334,23.6247375,1005.3558333333334,11.0989375,2009,2,Winter
2009-02-13,-1.1965277777777779,-2.2222222222222223,1.1111111111111112,-6.712037037037038,0.8833333333333333,20.4932875,1008.8591666666666,6.935745833333333,2009,2,Winter
2009-02-14,-0.3319444444444446,-2.605555555555556,2.2222222222222223,-3.946296296296296,0.8775,11.383370833333332,1012.3483333333334,8.003041666666666,2009,2,Winter
2009-02-15,-0.5918981481481482,-2.8999999999999995,1.1111111111111112,-5.641898148148148,0.8820833333333334,18.7102125,1020.2095833333333,5.942241666666667,2009,2,Winter
2009-02-16,-1.5032407407407407,-6.111111111111111,1.1111111111111112,-5.91736111111111,0.7866666666666666,13.673595833333332,1021.6970833333334,12.0267,2009,2,Winter
2009-02-17,-0.12962962962962968,-1.1111111111111112,1.161111111111113,-4.624074074074074,0.9641666666666667,15.629745833333333,1012.38375,4.936662500000001,2009,2,Winter
2009-02-18,-2.970601851851852,-6.666666666666667,-1.0777777777777784,-8.72638888888889,0.7937500000000001,19.42599166666667,1016.9575,9.807583333333334,2009,2,Winter
2009-02-19,-3.412962962962963,-7.327777777777778,1.1111111111111112,-9.615277777777779,0.7525,21.602845833333333,1020.3216666666667,11.5859625,2009,2,Winter
2009-02-20,-2.4166666666666665,-7.605555555555556,2.2222222222222223,-5.598611111111111,0.7341666666666667,9.253475,1025.8954166666667,12.257466666666666,2009,2,Winter
2009-02-21,-1.3810185185185186,-4.444444444444445,1.1277777777777784,-3.937268518518519,0.8858333333333334,8.42835,1026.3079166666666,6.515133333333334,2009,2,Winter
2009-02-22,-3.4310185185185187,-7.222222222222222,1.1111111111111112,-6.657870370370371,0.765,8.689304166666668,1024.1720833333334,8.466587500000001,2009,2,Winter
2009-02-23,-2.1861111111111113,-6.111111111111111,1.161111111111113,-6.293749999999999,0.8291666666666666,12.138058333333333,1016.8958333333334,5.797341666666667,2009,2,Winter
2009-02-24,0.14398148148148135,-3.333333333333333,5.0,-2.5027777777777778,0.7733333333333333,8.713454166666667,1020.2725,7.896379166666667,2009,2,Winter
2009-02-25,1.4909722222222221,-2.5,6.111111111111111,-0.15370370370370354,0.7504166666666667,7.434175,1028.0316666666668,8.3699875,2009,2,Winter
2009-02-26,2.9476851851851857,-3.333333333333333,7.222222222222222,0.6087962962962964,0.7358333333333333,10.766204166666668,1022.0341666666667,10.659541666666668,2009,2,Winter
2009-02-27,3.3569444444444443,-1.1111111111111112,7.222222222222222,-0.006250000000000089,0.8141666666666666,15.630416666666667,1015.1270833333333,10.685704166666667,2009,2,Winter
2009-02-28,4.095601851851852,-1.6666666666666667,8.994444444444444,1.3583333333333336,0.855,13.522658333333334,1017.9208333333332,11.443075,2009,2,Winter
2009-03-01,6.756018518518519,1.7333333333333318,12.866666666666664,6.134490740740741,0.8375,8.5309875,1015.6037499999999,8.055366666666666,2009,3,Spring
2009-03-02,7.309722222222223,0.7999999999999987,13.88888888888889,6.38148148148148,0.79625,5.732270833333334,1014.52,8.080858333333333,2009,3,Spring
2009-03-03,6.0375000000000005,3.888888888888889,8.88888888888889,5.524305555555556,0.8275,4.738766666666667,1016.6620833333333,7.596516666666667,2009,3,Spring
2009-03-04,8.911342592592593,5.0,14.911111111111111,6.810879629629629,0.80125,19.997541666666667,1008.36,9.089791666666667,2009,3,Spring
2009-03-05,8.865277777777777,7.222222222222222,10.97222222222222,5.253240740740741,0.8045833333333333,30.54907916666667,990.3816666666667,10.590445833333334,2009,3,Spring
2009-03-06,10.694212962962963,7.222222222222222,16.11111111111111,9.436805555555557,0.7220833333333333,11.704029166666666,991.1241666666666,12.252770833333335,2009,3,Spring
2009-03-07,7.634722222222222,5.955555555555555,10.0,3.8085648148148152,0.82125,26.390583333333336,995.7800000000001,11.946870833333334,2009,3,Spring
2009-03-08,5.497453703703704,2.2222222222222223,8.872222222222222,1.440972222222222,0.7050000000000001,25.193816666666667,1006.0479166666668,12.248745833333333,2009,3,Spring
2009-03-09,6.586342592592593,2.7777777777777777,11.177777777777775,3.7453703703703702,0.7058333333333334,19.230108333333334,1003.4354166666667,12.288325,2009,3,Spring
2009-03-10,5.412731481481482,0.5555555555555556,10.0,1.9243055555555555,0.6958333333333333,19.7446375,1010.3070833333333,11.6221875,2009,3,Spring
2009-03-11,4.916666666666667,-0.5555555555555556,8.955555555555556,2.300925925925926,0.75875,12.5197625,1013.6645833333333,11.514854166666666,2009,3,Spring
2009-03-12,5.141666666666667,1.1111111111111112,10.0,1.6041666666666667,0.7029166666666667,18.292283333333334,1019.2158333333333,11.274025,2009,3,Spring
2009-03-13,4.876388888888889,2.7777777777777777,10.0,1.8481481481481479,0.8445833333333334,15.965833333333334,1015.09125,11.508816666666666,2009,3,Spring
2009-03-14,4.615740740740741,-0.5555555555555556,9.844444444444443,2.4456018518518516,0.67875,9.521808333333334,1021.8666666666667,12.111225,2009,3,Spring
2009-03-15,5.8125,-2.2222222222222223,11.11111111111111,4.857638888888889,0.74625,7.538825,1022.99625,9.709641666666666,2009,3,Spring
2009-03-16,7.714814814814815,3.888888888888889,12.77777777777778,5.426157407407408,0.7904166666666667,17.255175,1025.5683333333334,10.422066666666668,2009,3,Spring
2009-03-17,5.953240740740742,1.1111111111111112,8.905555555555557,2.96712962962963,0.6625,15.209804166666666,1024.8999999999999,11.234445833333334,2009,3,Spring
2009-03-18,5.164351851851852,0.0,10.0,0.7118055555555554,0.6004166666666667,27.6276,1007.8037499999999,11.783858333333335,2009,3,Spring
2009-03-19,1.8361111111111112,-3.888888888888889,7.727777777777776,-1.3254629629629628,0.6675,13.963395833333335,1014.34875,12.107870833333335,2009,3,Spring
2009-03-20,1.6592592592592597,-5.0,6.111111111111111,-2.16712962962963,0.75,15.4097125,1022.8245833333334,12.365470833333333,2009,3,Spring
2009-03-21,3.9738425925925926,-1.1111111111111112,8.922222222222224,-0.39074074074074083,0.6004166666666667,22.2602625,1021.3366666666667,11.163337499999999,2009,3,Spring
2009-03-22,5.120138888888889,-3.111111111111112,11.11111111111111,1.9958333333333333,0.5537500000000001,19.278408333333335,1016.18,11.056675,2009,3,Spring
2009-03-23,7.941898148148148,4.844444444444444,12.605555555555554,5.654166666666668,0.5750000000000001,22.685570833333333,1002.3337499999999,11.845574999999998,2009,3,Spring
2009-03-24,5.655092592592593,1.93888888888889,7.777777777777778,2.4703703703703708,0.6483333333333333,16.953970833333333,1000.3020833333334,12.400354166666666,2009,3,Spring
2009-03-25,2.017824074074074,-2.2222222222222223,7.222222222222222,-2.122453703703704,0.5083333333333333,21.525029166666666,1007.4508333333333,11.085520833333334,2009,3,Spring
2009-03-26,4.078935185185185,-2.2222222222222223,10.0,2.04375,0.515,9.747879166666667,1008.3154166666667,11.441062500000001,2009,3,Spring
2009-03-27,6.896759259259259,-2.76111111111111,14.755555555555556,5.802777777777777,0.6079166666666667,13.289208333333335,1002.3445833333332,11.229750000000001,2009,3,Spring
2009-03-28,12.50138888888889,3.888888888888889,20.0,11.744907407407409,0.5175,19.839225000000003,1011.3066666666667,12.127995833333335,2009,3,Spring
2009-03-29,12.619907407407409,9.983333333333333,15.0,12.361342592592592,0.6370833333333333,23.202112500000002,1007.4741666666667,12.1172625,2009,3,Spring
2009-03-30,12.853472222222223,7.777777777777778,18.88888888888889,12.463888888888889,0.7575,15.612975,1013.4029166666666,12.509029166666666,2009,3,Spring
2009-03-31,12.12337962962963,7.777777777777778,16.11111111111111,11.544907407407408,0.7570833333333332,11.640300000000002,1020.8308333333333,12.051520833333335,2009,3,Spring
2009-04-01,13.580092592592592,7.777777777777778,20.0,13.065046296296297,0.6870833333333333,9.003254166666666,1019.0291666666667,12.095795833333334,2009,4,Spring
2009-04-02,14.19652777777778,7.777777777777778,21.11111111111111,13.494675925925925,0.59375,15.536500000000002,1019.0174999999999,10.6561875,2009,4,Spring
2009-04-03,14.599305555555555,8.850000000000001,21.11111111111111,14.405324074074073,0.6224999999999999,9.443320833333333,1021.3566666666667,11.568520833333332,2009,4,Spring
2009-04-04,14.443055555555555,6.111111111111111,22.22222222222222,14.37523148148148,0.6054166666666666,4.952091666666667,1018.8666666666667,11.251216666666666,2009,4,Spring
2009-04-05,15.357175925925928,6.111111111111111,23.88888888888889,15.182407407407409,0.5570833333333334,7.833991666666667,1017.9341666666666,11.161325,2009,4,Spring
2009-04-06,14.589814814814815,6.111111111111111,22.77777777777778,14.305324074074074,0.5554166666666667,5.420333333333333,1015.3075,11.719458333333334,2009,4,Spring
2009-04-07,14.473379629629632,7.222222222222222,22.77777777777778,14.123842592592593,0.6,8.296195833333334,1014.1708333333332,10.897016666666666,2009,4,Spring
2009-04-08,15.312731481481483,7.222222222222222,23.88888888888889,14.997222222222222,0.49374999999999997,9.822341666666667,1016.5300000000001,10.929216666666667,2009,4,Spring
2009-04-09,15.901157407407409,7.777777777777778,25.0,15.839814814814815,0.5170833333333333,5.1741375000000005,1017.5379166666667,10.8031,2009,4,Spring
2009-04-10,16.321296296296296,7.222222222222222,25.0,16.181018518518517,0.49666666666666665,7.513333333333333,1014.5970833333334,11.818070833333332,2009,4,Spring
2009-04-11,17.14351851851852,8.88888888888889,25.0,17.000694444444445,0.5329166666666666,15.040083333333333,1013.0058333333333,11.905949999999999,2009,4,Spring
2009-04-12,15.430092592592594,9.494444444444447,22.77777777777778,15.260416666666666,0.5029166666666667,19.53869166666667,1012.4716666666667,11.793920833333333,2009,4,Spring
2009-04-13,12.504629629629632,7.222222222222222,20.66111111111111,11.973379629629632,0.5658333333333333,13.148333333333333,1009.8758333333334,11.777820833333335,2009,4,Spring
2009-04-14,11.0875,7.222222222222222,15.0,10.659027777777778,0.71375,6.556054166666667,1009.48375,11.907291666666666,2009,4,Spring
2009-04-15,13.4625,5.0,21.11111111111111,13.335416666666667,0.6391666666666667,7.139008333333334,1013.0908333333333,11.202916666666667,2009,4,Spring
2009-04-16,15.508101851851853,8.144444444444442,22.883333333333333,15.158564814814815,0.51375,8.76645,1013.75375,11.852283333333332,2009,4,Spring
2009-04-17,13.325231481481481,7.777777777777778,20.0,12.840740740740742,0.6829166666666667,15.955770833333334,1011.53375,11.918695833333333,2009,4,Spring
2009-04-18,14.097222222222221,3.888888888888889,22.0,13.94837962962963,0.6466666666666666,6.237408333333334,1015.1891666666667,9.496987500000001,2009,4,Spring
2009-04-19,17.27523148148148,11.11111111111111,22.77777777777778,17.27523148148148,0.5316666666666666,9.059604166666666,1019.24375,12.227279166666667,2009,4,Spring
2009-04-20,16.922685185185184,12.22222222222222,22.22222222222222,16.922685185185184,0.6679166666666667,9.0783875,1020.1041666666666,12.284970833333333,2009,4,Spring
2009-04-21,15.724768518518518,11.544444444444444,22.22222222222222,15.724768518518518,0.5029166666666667,16.353575,1016.55875,10.546841666666667,2009,4,Spring
2009-04-22,13.913657407407408,7.777777777777778,18.75,13.73912037037037,0.6025,10.286558333333334,1016.4529166666666,12.537875,2009,4,Spring
2009-04-23,10.781712962962963,5.0,16.11111111111111,10.281712962962963,0.6595833333333333,9.4728375,1018.38875,11.948883333333333,2009,4,Spring
2009-04-24,12.99097222222222,2.2222222222222223,21.11111111111111,12.842824074074073,0.6483333333333333,8.2009375,1019.8741666666666,10.856095833333335,2009,4,Spring
2009-04-25,13.962037037037037,9.183333333333334,20.0,13.574768518518518,0.47,13.7715375,1020.8133333333334,11.858991666666666,2009,4,Spring
2009-04-26,12.35810185185185,6.111111111111111,17.77777777777778,11.41574074074074,0.5266666666666667,19.860020833333333,1021.78125,12.253441666666667,2009,4,Spring
2009-04-27,14.318055555555555,6.422222222222223,21.11111111111111,13.42175925925926,0.4345833333333333,27.20631666666667,1018.0841666666666,11.982425,2009,4,Spring
2009-04-28,15.701620370370371,8.88888888888889,21.11111111111111,15.252083333333333,0.41208333333333336,24.80741666666667,1011.71125,12.081708333333333,2009,4,Spring
2009-04-29,15.967824074074073,10.555555555555555,22.08333333333333,15.967824074074073,0.45916666666666667,11.477958333333333,1009.2516666666667,12.006575,2009,4,Spring
2009-04-30,15.524768518518519,7.133333333333336,23.50555555555556,15.447222222222223,0.5933333333333334,7.340929166666666,1007.3316666666666,11.943516666666667,2009,4,Spring
2009-05-01,17.212500000000002,10.0,25.0,17.158564814814813,0.44916666666666666,20.895116666666667,1010.3233333333333,12.050849999999999,2009,5,Spring
2009-05-02,12.771296296296297,5.816666666666666,17.22222222222222,12.226851851851853,0.5116666666666666,12.709608333333334,1019.13,11.983095833333332,2009,5,Spring
2009-05-03,14.373842592592593,7.222222222222222,22.22222222222222,14.111805555555556,0.7270833333333333,6.087141666666668,1018.7308333333334,10.817187500000001,2009,5,Spring
2009-05-04,16.253009259259258,11.633333333333333,22.22222222222222,16.253009259259258,0.6141666666666666,7.909795833333334,1015.6016666666666,11.660425000000002,2009,5,Spring
2009-05-05,14.601851851851853,6.611111111111111,22.22222222222222,13.924999999999999,0.5791666666666667,18.447916666666668,1016.80125,11.785200000000001,2009,5,Spring
2009-05-06,13.875462962962963,5.555555555555555,17.31111111111111,13.436342592592593,0.5608333333333333,15.994679166666666,1017.32,12.439933333333334,2009,5,Spring
2009-05-07,15.940277777777778,8.800000000000002,22.22222222222222,15.940277777777778,0.5329166666666666,20.153175,1018.1595833333332,12.150804166666667,2009,5,Spring
2009-05-08,17.25115740740741,6.666666666666667,25.0,17.20601851851852,0.5,6.082445833333334,1019.7766666666666,11.327691666666666,2009,5,Spring
2009-05-09,19.367824074074075,11.666666666666666,27.344444444444445,19.29236111111111,0.5566666666666666,7.1054666666666675,1020.07875,12.134704166666667,2009,5,Spring
2009-05-10,20.565277777777776,9.961111111111112,28.88888888888889,20.39953703703704,0.5941666666666666,7.713241666666666,1018.8241666666667,12.2017875,2009,5,Spring
2009-05-11,21.412731481481483,12.22222222222222,30.0,21.114814814814814,0.5575,9.658658333333333,1015.3537500000001,12.079025000000001,2009,5,Spring
2009-05-12,19.138425925925926,13.27777777777778,26.11111111111111,19.138425925925926,0.5420833333333334,16.4843875,1016.19875,12.303083333333333,2009,5,Spring
2009-05-13,13.069675925925926,7.777777777777778,16.11111111111111,12.990277777777777,0.5954166666666667,9.5312,1020.0333333333333,12.135375000000002,2009,5,Spring
2009-05-14,14.41388888888889,10.0,20.222222222222225,14.387731481481481,0.655,10.5314125,1015.34375,12.424504166666667,2009,5,Spring
2009-05-15,19.043055555555554,9.444444444444445,27.22222222222222,18.891203703703706,0.62125,8.636308333333334,1011.59625,11.056004166666666,2009,5,Spring
2009-05-16,20.06273148148148,10.555555555555555,27.22222222222222,20.025000000000002,0.6124999999999999,9.524491666666668,1014.4125,10.978858333333333,2009,5,Spring
2009-05-17,21.29699074074074,11.666666666666666,28.88888888888889,21.180324074074075,0.5854166666666667,7.4140500000000005,1018.4050000000001,11.886495833333333,2009,5,Spring
2009-05-18,23.69699074074074,12.566666666666666,31.11111111111111,23.15509259259259,0.4916666666666667,8.565199999999999,1016.9566666666666,12.022675,2009,5,Spring
2009-05-19,21.484953703703706,16.11111111111111,28.88888888888889,21.489814814814817,0.6916666666666668,14.382666666666667,1016.9929166666667,11.6242,2009,5,Spring
2009-05-20,21.135416666666668,15.555555555555555,27.28888888888889,21.12986111111111,0.6908333333333333,8.8529875,1019.9954166666666,11.733545833333332,2009,5,Spring
2009-05-21,21.694675925925925,12.966666666666669,27.77777777777778,21.532638888888886,0.5770833333333333,5.490770833333333,1018.1687499999999,11.760379166666667,2009,5,Spring
2009-05-22,23.350925925925925,15.0,31.11111111111111,23.09421296296296,0.58375,14.228375,1014.0758333333333,11.8717375,2009,5,Spring
2009-05-23,19.287731481481483,12.444444444444445,25.0,19.287731481481483,0.5854166666666667,12.095125000000001,1018.88625,12.2219125,2009,5,Spring
2009-05-24,17.480092592592595,9.444444444444445,24.81111111111111,17.424305555555556,0.5308333333333334,5.952304166666667,1019.9345833333333,12.013954166666666,2009,5,Spring
2009-05-25,21.266435185185184,11.666666666666666,27.82777777777778,21.140740740740743,0.5812499999999999,6.376941666666667,1017.2175000000001,11.997854166666668,2009,5,Spring
2009-05-26,22.011805555555554,11.52777777777778,28.88888888888889,21.70625,0.4725,9.4486875,1015.4375,11.966995833333334,2009,5,Spring
2009-05-27,20.826851851851853,14.444444444444445,25.13888888888889,20.826851851851853,0.6245833333333334,14.871704166666667,1017.7254166666667,12.445300000000001,2009,5,Spring
2009-05-28,14.14189814814815,11.666666666666666,17.77777777777778,14.14189814814815,0.8337500000000001,11.953579166666666,1021.2133333333333,11.224383333333334,2009,5,Spring
2009-05-29,12.092361111111112,5.555555555555555,17.133333333333336,11.700231481481481,0.6395833333333333,16.852675,1020.7633333333333,12.159525,2009,5,Spring
2009-05-30,11.54212962962963,5.0,17.22222222222222,11.369675925925925,0.7279166666666667,8.298208333333333,1020.8166666666666,12.032066666666667,2009,5,Spring
2009-05-31,12.914351851851853,3.972222222222221,18.88888888888889,12.752083333333333,0.6858333333333334,9.905525,1020.5633333333334,10.6441125,2009,5,Spring
2009-06-01,15.786574074074075,7.777777777777778,22.344444444444445,15.675694444444446,0.775,8.188191666666667,1016.0966666666667,8.525620833333333,2009,6,Summer
2009-06-02,15.877083333333333,12.116666666666667,20.85,15.877083333333333,0.7937500000000001,7.126933333333334,1009.8441666666666,9.711654166666667,2009,6,Summer
2009-06-03,16.48402777777778,8.605555555555558,23.88888888888889,16.338194444444444,0.5716666666666667,12.517079166666667,1007.3850000000001,12.0649375,2009,6,Summer
2009-06-04,13.180555555555555,7.222222222222222,17.84444444444445,12.949537037037038,0.63375,9.898145833333333,1012.7199999999999,11.156629166666667,2009,6,Summer
2009-06-05,15.034027777777778,6.111111111111111,21.11111111111111,14.893749999999999,0.7954166666666667,9.268904166666667,1010.7558333333333,8.335775,2009,6,Summer
2009-06-06,22.330787037037037,15.244444444444444,27.77777777777778,22.325,0.6479166666666667,15.410383333333334,1006.8033333333333,11.013741666666666,2009,6,Summer
2009-06-07,21.408101851851853,13.88888888888889,31.11111111111111,20.96273148148148,0.61875,13.404591666666667,1008.3158333333332,10.906408333333333,2009,6,Summer
2009-06-08,20.953703703703706,12.77777777777778,27.77777777777778,20.828703703703706,0.6641666666666667,4.825304166666667,1013.6554166666666,10.469025,2009,6,Summer
2009-06-09,24.138657407407408,15.0,32.22222222222222,23.869212962962962,0.5629166666666666,10.208741666666667,1014.0433333333334,11.790566666666665,2009,6,Summer
2009-06-10,23.329398148148147,16.11111111111111,31.11111111111111,23.120601851851855,0.61,9.614383333333334,1016.4845833333334,11.225724999999999,2009,6,Summer
2009-06-11,20.907638888888886,13.988888888888887,27.22222222222222,20.923842592592592,0.7050000000000001,12.685458333333335,1014.025,11.0707625,2009,6,Summer
2009-06-12,17.591203703703705,11.11111111111111,22.77777777777778,17.591203703703705,0.5504166666666667,19.649379166666666,1017.4699999999999,12.025358333333335,2009,6,Summer
2009-06-13,17.42824074074074,10.85,23.88888888888889,17.42824074074074,0.48625,17.8287375,1020.0320833333334,12.013954166666666,2009,6,Summer
2009-06-14,20.408564814814813,9.444444444444445,27.77777777777778,20.14953703703704,0.49291666666666667,10.096041666666666,1020.6929166666667,11.983095833333332,2009,6,Summer
2009-06-15,24.730092592592595,13.85,32.77777777777778,24.274074074074075,0.49666666666666665,11.4209375,1018.4758333333334,12.197091666666667,2009,6,Summer
2009-06-16,24.687962962962967,17.933333333333334,32.016666666666666,24.391203703703706,0.5275,15.824958333333335,1017.0595833333333,12.164891666666668,2009,6,Summer
2009-06-17,20.638425925925926,12.788888888888891,27.22222222222222,20.54351851851852,0.5729166666666666,11.306895833333334,1023.1558333333332,11.37465,2009,6,Summer
2009-06-18,21.572916666666668,10.555555555555555,28.88888888888889,21.230324074074073,0.4975,6.570141666666667,1019.3408333333333,11.9844375,2009,6,Summer
2009-06-19,24.631712962962965,12.77777777777778,32.77777777777778,24.219444444444445,0.5295833333333334,11.7469625,1015.50875,11.958275,2009,6,Summer
2009-06-20,20.867361111111112,14.444444444444445,30.0,20.79398148148148,0.6554166666666666,16.17245,1012.58625,11.768429166666666,2009,6,Summer
2009-06-21,14.645601851851852,12.77777777777778,16.11111111111111,14.645601851851852,0.89,10.690399999999999,1014.0991666666667,10.580383333333332,2009,6,Summer
2009-06-22,15.002083333333333,12.77777777777778,17.22222222222222,15.002083333333333,0.92625,8.404200000000001,1008.3529166666667,8.1445875,2009,6,Summer
2009-06-23,16.81435185185185,13.333333333333334,21.06111111111111,16.81435185185185,0.8025000000000001,4.903120833333333,1008.7216666666667,10.412004166666668,2009,6,Summer
2009-06-24,19.20763888888889,12.27777777777778,25.0,19.20763888888889,0.7270833333333333,6.6593625,1007.88125,10.872195833333334,2009,6,Summer
2009-06-25,20.289583333333333,15.761111111111113,26.755555555555556,20.298842592592592,0.7604166666666666,7.645487500000001,1007.0095833333334,10.1168375,2009,6,Summer
2009-06-26,17.547685185185184,13.872222222222222,24.81111111111111,17.547685185185184,0.8875000000000001,4.009570833333334,1007.6416666666668,8.2572875,2009,6,Summer
2009-06-27,20.11412037037037,12.22222222222222,25.0,20.11412037037037,0.7675000000000001,3.6386000000000003,1008.7845833333332,10.5193375,2009,6,Summer
2009-06-28,20.762037037037036,15.0,26.11111111111111,20.762037037037036,0.7799999999999999,6.4782375,1011.2029166666666,9.456066666666667,2009,6,Summer
2009-06-29,21.584027777777777,15.555555555555555,27.605555555555554,21.62037037037037,0.74375,6.058295833333333,1013.83875,8.920070833333334,2009,6,Summer
2009-06-30,21.37037037037037,17.22222222222222,27.22222222222222,21.405092592592595,0.8058333333333333,6.2669250000000005,1013.7054166666667,10.2074,2009,6,Summer
2009-07-01,21.824537037037036,17.77777777777778,27.794444444444444,21.943749999999998,0.7941666666666666,5.641708333333334,1017.0220833333333,7.365749999999999,2009,7,Summer
2009-07-02,23.065972222222225,17.77777777777778,27.77777777777778,23.118750000000002,0.7183333333333334,6.6929041666666675,1015.4379166666666,9.111929166666666,2009,7,Summer
2009-07-03,22.991203703703704,18.47222222222222,28.88888888888889,23.096064814814813,0.7558333333333334,5.042654166666667,1010.8166666666666,10.564283333333334,2009,7,Summer
2009-07-04,23.13287037037037,17.427777777777777,28.88888888888889,23.309722222222224,0.7295833333333334,7.337575,1008.3570833333333,11.64835,2009,7,Summer
2009-07-05,24.23472222222222,17.31111111111111,31.11111111111111,24.097916666666666,0.6241666666666666,9.975291666666667,1007.1479166666667,12.0206625,2009,7,Summer
2009-07-06,24.46898148148148,17.22222222222222,31.11111111111111,24.324537037037036,0.60875,7.3577,1007.5837499999999,12.177637500000001,2009,7,Summer
2009-07-07,23.35949074074074,18.88888888888889,28.88888888888889,23.40902777777778,0.7020833333333334,9.957179166666668,1007.6737499999999,12.525129166666666,2009,7,Summer
2009-07-08,19.522453703703704,13.88888888888889,25.0,19.522453703703704,0.7483333333333334,10.37645,1010.6720833333334,11.494729166666668,2009,7,Summer
2009-07-09,19.99212962962963,12.77777777777778,26.11111111111111,19.99212962962963,0.6158333333333333,9.728425,1014.8604166666668,12.052191666666667,2009,7,Summer
2009-07-10,19.87384259259259,13.88888888888889,27.22222222222222,19.831712962962964,0.6358333333333334,10.303329166666666,1013.2062500000001,11.826791666666667,2009,7,Summer
2009-07-11,18.9712962962963,13.455555555555556,23.8,18.9712962962963,0.6224999999999999,12.380899999999999,1014.4558333333333,11.781175,2009,7,Summer
2009-07-12,19.583333333333332,13.3,25.03333333333333,19.583333333333332,0.5283333333333333,15.310429166666667,1013.2175000000001,11.479970833333333,2009,7,Summer
2009-07-13,21.899305555555557,12.550000000000002,28.88888888888889,21.826620370370375,0.5929166666666666,8.070795833333333,1015.66125,12.043470833333332,2009,7,Summer
2009-07-14,25.275462962962962,15.0,32.22222222222222,25.23472222222222,0.5920833333333334,6.821704166666667,1016.745,12.029383333333334,2009,7,Summer
2009-07-15,26.92361111111111,17.82777777777778,33.888888888888886,27.097685185185185,0.5983333333333333,6.549345833333334,1016.7970833333334,11.983095833333332,2009,7,Summer
2009-07-16,26.423379629629633,20.0,32.17222222222222,27.149074074074075,0.66,9.293725,1016.4908333333333,12.296375,2009,7,Summer
2009-07-17,26.621064814814815,19.6,32.77777777777778,26.803935185185185,0.6195833333333334,6.2689375,1013.2520833333333,11.731533333333333,2009,7,Summer
2009-07-18,24.034953703703703,14.444444444444445,35.0,24.576157407407408,0.7033333333333333,18.642458333333334,1007.0925000000001,11.9945,2009,7,Summer
2009-07-19,18.252777777777776,12.6,23.905555555555555,18.252777777777776,0.6495833333333333,15.776658333333332,1016.9,12.3708375,2009,7,Summer
2009-07-20,21.21875,11.666666666666666,27.82777777777778,21.012037037037036,0.5275,7.289275,1020.7058333333333,11.983095833333332,2009,7,Summer
2009-07-21,23.491666666666664,13.88888888888889,31.11111111111111,23.06041666666667,0.5279166666666667,10.996970833333334,1019.40875,11.946870833333334,2009,7,Summer
2009-07-22,25.571527777777778,16.11111111111111,32.77777777777778,25.01574074074074,0.4970833333333333,14.498720833333332,1016.3029166666666,12.029383333333334,2009,7,Summer
2009-07-23,27.39050925925926,17.77777777777778,36.11111111111112,26.99259259259259,0.5029166666666667,15.164858333333333,1012.3083333333334,11.767758333333333,2009,7,Summer
2009-07-24,27.01319444444444,20.0,33.888888888888886,26.514814814814812,0.4808333333333333,7.860824999999999,1014.1741666666667,11.983095833333332,2009,7,Summer
2009-07-25,22.41064814814815,16.666666666666668,27.22222222222222,22.394675925925924,0.55125,19.040933333333335,1015.97375,11.998525,2009,7,Summer
2009-07-26,20.205324074074074,13.88888888888889,27.22222222222222,20.17152777777778,0.5220833333333333,14.477924999999999,1020.9920833333334,12.029383333333334,2009,7,Summer
2009-07-27,21.122916666666665,11.61111111111111,27.77777777777778,20.91574074074074,0.4804166666666667,6.177704166666667,1019.5879166666667,11.998525,2009,7,Summer
2009-07-28,23.460185185185185,11.97777777777778,31.11111111111111,22.87939814814815,0.44708333333333333,6.875370833333334,1017.5616666666666,11.982425,2009,7,Summer
2009-07-29,24.568287037037038,14.911111111111111,32.22222222222222,24.03865740740741,0.5108333333333334,6.267595833333334,1018.6333333333333,12.029383333333334,2009,7,Summer
2009-07-30,25.8412037037037,16.405555555555555,33.888888888888886,25.387037037037036,0.5187499999999999,4.909829166666667,1017.1145833333334,11.998525,2009,7,Summer
2009-07-31,25.49467592592593,17.22222222222222,33.888888888888886,25.31574074074074,0.5404166666666667,9.336658333333334,1017.35125,12.0971375,2009,7,Summer
2009-08-01,26.89027777777778,18.88888888888889,32.77777777777778,26.61967592592593,0.49,8.928791666666667,1016.0883333333333,12.029383333333334,2009,8,Summer
2009-08-02,28.111574074074074,20.0,35.0,27.931018518518517,0.4766666666666666,11.9623,1013.1025,11.983095833333332,2009,8,Summer
2009-08-03,28.364583333333332,22.77777777777778,35.0,28.03009259259259,0.46541666666666665,8.155991666666667,999.4529166666666,11.325008333333335,2009,8,Summer
2009-08-04,25.19074074074074,19.14444444444444,31.11111111111111,25.061574074074073,0.5741666666666666,10.611241666666666,1007.1675,11.347816666666667,2009,8,Summer
2009-08-05,21.32777777777778,18.33333333333333,25.0,21.32777777777778,0.7904166666666667,11.160654166666667,1013.63125,11.444416666666667,2009,8,Summer
2009-08-06,20.546064814814816,17.77777777777778,25.0,20.546064814814816,0.8375,9.430575,1013.8095833333333,9.8310625,2009,8,Summer
2009-08-07,22.025694444444444,17.36111111111111,28.88888888888889,22.143055555555552,0.7554166666666666,9.309154166666668,1015.4245833333333,11.000995833333334,2009,8,Summer
2009-08-08,21.999305555555555,16.11111111111111,28.88888888888889,21.836574074074075,0.58625,11.782516666666666,1016.6999999999999,11.854966666666668,2009,8,Summer
2009-08-09,22.214583333333334,14.566666666666666,28.88888888888889,21.961574074074075,0.5095833333333334,10.499883333333335,1017.4987500000001,11.982425,2009,8,Summer
2009-08-10,23.092361111111114,16.11111111111111,28.800000000000004,23.009027777777778,0.585,7.920529166666667,1017.0708333333333,12.051520833333333,2009,8,Summer
2009-08-11,21.063425925925927,16.805555555555557,26.11111111111111,21.063425925925927,0.7404166666666666,11.890520833333333,1015.6345833333334,11.958945833333333,2009,8,Summer
2009-08-12,21.494444444444444,15.0,27.77777777777778,21.46134259259259,0.6966666666666667,7.978220833333334,1017.1325,11.423620833333333,2009,8,Summer
2009-08-13,23.059490740740742,16.11111111111111,29.738888888888887,22.986342592592592,0.65,8.162700000000001,1014.0100000000001,11.714762499999999,2009,8,Summer
2009-08-14,19.050462962962964,16.666666666666668,22.30555555555556,19.050462962962964,0.8345833333333333,7.399962500000001,1017.4,11.579254166666667,2009,8,Summer
2009-08-15,21.379166666666666,15.0,27.77777777777778,21.252546296296295,0.6154166666666666,5.530349999999999,1020.6620833333333,11.516195833333333,2009,8,Summer
2009-08-16,22.928935185185185,12.77777777777778,30.0,22.51898148148148,0.5570833333333334,4.589841666666667,1019.0745833333334,11.892533333333333,2009,8,Summer
2009-08-17,24.04375,13.88888888888889,32.22222222222222,23.54351851851852,0.53125,4.259120833333333,1015.9474999999999,11.932783333333333,2009,8,Summer
2009-08-18,25.899537037037035,16.11111111111111,33.888888888888886,25.717361111111114,0.52375,10.729308333333334,1016.9091666666667,12.280275000000001,2009,8,Summer
2009-08-19,23.491435185185185,16.11111111111111,30.0,23.04074074074074,0.46291666666666664,9.297079166666668,1022.6808333333333,11.983095833333332,2009,8,Summer
2009-08-20,21.95763888888889,12.22222222222222,30.0,21.542824074074073,0.49500000000000005,8.246554166666668,1024.1325,11.966995833333334,2009,8,Summer
2009-08-21,23.231944444444448,12.77777777777778,32.22222222222222,22.592361111111114,0.4741666666666667,6.5439791666666665,1019.5975,11.966995833333334,2009,8,Summer
2009-08-22,25.559027777777775,13.88888888888889,32.77777777777778,24.850694444444443,0.44875,7.289275,1014.74625,11.982425,2009,8,Summer
2009-08-23,19.484490740740743,13.333333333333334,23.88888888888889,19.484490740740743,0.8070833333333334,13.823191666666666,1018.60125,11.500095833333333,2009,8,Summer
2009-08-24,18.537731481481483,12.22222222222222,25.0,18.537731481481483,0.6908333333333334,7.6864083333333335,1016.1241666666666,11.707383333333333,2009,8,Summer
2009-08-25,23.333333333333332,13.88888888888889,31.11111111111111,22.97685185185185,0.5425,10.311379166666667,1016.5554166666667,11.982425,2009,8,Summer
2009-08-26,25.3625,17.68888888888889,33.888888888888886,24.873842592592595,0.47374999999999995,13.331470833333334,1017.2525,11.966995833333334,2009,8,Summer
2009-08-27,26.050694444444446,16.11111111111111,33.888888888888886,25.661805555555556,0.48208333333333336,6.201854166666667,1016.5958333333333,11.997183333333334,2009,8,Summer
2009-08-28,26.315972222222225,18.88888888888889,32.794444444444444,25.95625,0.49666666666666665,7.941325,1013.6583333333333,12.0367625,2009,8,Summer
2009-08-29,23.63726851851852,15.555555555555555,33.888888888888886,23.394675925925924,0.6145833333333334,16.242216666666668,1013.3958333333334,11.555774999999999,2009,8,Summer
2009-08-30,18.897685185185185,15.172222222222224,23.88888888888889,18.897685185185185,0.7208333333333333,7.917845833333334,1020.67625,12.032737500000001,2009,8,Summer
2009-08-31,18.75,12.22222222222222,26.11111111111111,18.75,0.5854166666666667,7.252379166666667,1022.50625,11.966995833333334,2009,8,Summer
2009-09-01,20.23888888888889,10.644444444444442,27.77777777777778,20.05,0.5791666666666667,5.000391666666666,1019.90125,11.914,2009,9,Fall
2009-09-02,21.77662037037037,12.77777777777778,28.97777777777777,21.50046296296296,0.5770833333333333,4.235641666666667,1015.4054166666666,11.889850000000001,2009,9,Fall
2009-09-03,24.39027777777778,15.0,31.11111111111111,24.032175925925927,0.5325,11.2035875,1010.6754166666666,11.7469625,2009,9,Fall
2009-09-04,25.056481481481484,16.666666666666668,32.22222222222222,24.98935185185185,0.5554166666666667,11.6946375,1009.3033333333333,11.5698625,2009,9,Fall
2009-09-05,16.75185185185185,12.22222222222222,22.22222222222222,16.75185185185185,0.6525,16.670208333333335,1018.4975,12.348700000000001,2009,9,Fall
2009-09-06,16.8462962962963,10.0,22.58888888888889,16.80509259259259,0.5825,12.435908333333336,1021.5791666666668,12.112566666666666,2009,9,Fall
2009-09-07,18.011342592592595,11.11111111111111,23.88888888888889,18.011342592592595,0.5225,17.073379166666665,1023.0645833333333,11.982425,2009,9,Fall
2009-09-08,18.474537037037038,12.22222222222222,22.77777777777778,18.474537037037038,0.53,14.942141666666666,1023.3229166666666,12.013954166666666,2009,9,Fall
2009-09-09,20.036574074074075,13.88888888888889,26.11111111111111,20.036574074074075,0.53125,7.3033624999999995,1022.0404166666667,12.0428,2009,9,Fall
2009-09-10,21.568981481481483,15.0,27.77777777777778,21.390046296296294,0.4779166666666667,8.4203,1019.9920833333334,12.035420833333333,2009,9,Fall
2009-09-11,20.52199074074074,16.666666666666668,27.22222222222222,20.492824074074075,0.53125,11.80935,1017.5341666666667,12.011941666666667,2009,9,Fall
2009-09-12,21.401157407407407,15.0,28.88888888888889,21.20416666666667,0.50875,8.834204166666668,1015.2383333333333,12.286983333333334,2009,9,Fall
2009-09-13,19.531944444444445,13.88888888888889,27.22222222222222,19.511574074074073,0.6641666666666667,8.4343875,1013.7291666666666,12.077683333333333,2009,9,Fall
2009-09-14,19.182175925925925,15.555555555555555,25.0,19.182175925925925,0.7120833333333333,12.719000000000001,1015.0841666666666,10.730649999999999,2009,9,Fall
2009-09-15,21.192592592592593,15.572222222222225,27.22222222222222,21.141898148148147,0.6316666666666667,11.493387499999999,1017.4058333333334,11.6262125,2009,9,Fall
2009-09-16,22.696296296296296,16.666666666666668,28.88888888888889,22.56273148148148,0.5395833333333333,14.5443375,1014.9829166666667,12.2058125,2009,9,Fall
2009-09-17,19.242592592592594,17.22222222222222,22.77777777777778,19.242592592592594,0.745,13.248287500000002,1011.9729166666666,12.325891666666669,2009,9,Fall
2009-09-18,18.88611111111111,15.816666666666666,23.88888888888889,18.88611111111111,0.8066666666666666,7.125591666666668,1016.9670833333333,9.536566666666667,2009,9,Fall
2009-09-19,18.61898148148148,12.77777777777778,26.11111111111111,18.61898148148148,0.6091666666666666,9.626458333333334,1017.435,11.788554166666666,2009,9,Fall
2009-09-20,18.324537037037036,11.43888888888889,25.0,18.324537037037036,0.6354166666666666,4.634116666666666,1019.7658333333334,12.062925,2009,9,Fall
2009-09-21,18.075,12.183333333333334,26.11111111111111,18.075,0.5858333333333333,4.599904166666667,1022.5170833333333,11.995841666666665,2009,9,Fall
2009-09-22,18.59375,10.0,27.22222222222222,18.509027777777778,0.62125,3.465525,1024.7504166666665,11.790566666666669,2009,9,Fall
2009-09-23,19.425,11.11111111111111,27.77777777777778,19.29050925925926,0.595,2.9771583333333336,1024.9145833333334,11.874420833333334,2009,9,Fall
2009-09-24,18.97476851851852,10.933333333333334,27.77777777777778,18.769444444444442,0.5745833333333333,5.052716666666667,1020.3204166666666,11.6564,2009,9,Fall
2009-09-25,18.307175925925925,11.544444444444444,25.0,18.307175925925925,0.5733333333333334,16.106708333333334,1018.7766666666666,10.903725,2009,9,Fall
2009-09-26,16.555092592592594,11.788888888888888,23.88888888888889,16.555092592592594,0.5458333333333333,13.17785,1025.5179166666667,11.997854166666668,2009,9,Fall
2009-09-27,16.99884259259259,7.222222222222222,26.11111111111111,16.897222222222222,0.6233333333333334,5.542425000000001,1026.4141666666667,11.918695833333333,2009,9,Fall
2009-09-28,17.745833333333334,12.22222222222222,25.0,17.745833333333334,0.6116666666666667,5.6544541666666674,1021.8691666666667,10.470366666666667,2009,9,Fall
2009-09-29,17.916435185185186,11.47222222222222,25.0,17.916435185185186,0.5966666666666667,13.0510625,1016.3962499999999,10.339554166666666,2009,9,Fall
2009-09-30,16.395833333333332,11.666666666666666,22.77777777777778,16.395833333333332,0.6508333333333333,10.566295833333333,1016.9666666666667,12.078354166666665,2009,9,Fall
2009-10-01,18.3099537037037,10.555555555555555,26.11111111111111,18.3099537037037,0.6395833333333333,11.612795833333335,1013.0487499999999,11.844904166666666,2009,10,Fall
2009-10-02,15.220601851851852,12.47777777777778,17.77777777777778,15.220601851851852,0.6725,12.7854125,1014.8195833333333,11.757695833333335,2009,10,Fall
2009-10-03,11.805324074074074,5.555555555555555,17.811111111111114,11.409722222222221,0.6224999999999999,8.612829166666666,1017.4579166666667,11.751658333333333,2009,10,Fall
2009-10-04,13.366435185185184,3.333333333333333,22.77777777777778,13.297916666666666,0.5966666666666667,7.434845833333334,1016.5825,10.575016666666667,2009,10,Fall
2009-10-05,15.1875,7.222222222222222,23.88888888888889,15.15787037037037,0.6391666666666667,3.722454166666667,1019.7558333333333,10.043716666666667,2009,10,Fall
2009-10-06,17.85324074074074,10.555555555555555,26.11111111111111,17.85324074074074,0.665,9.297079166666668,1019.8095833333333,11.375991666666666,2009,10,Fall
2009-10-07,18.65462962962963,12.77777777777778,27.22222222222222,18.638657407407408,0.6699999999999999,6.556054166666667,1019.8054166666667,10.520008333333333,2009,10,Fall
2009-10-08,19.356944444444444,12.77777777777778,27.77777777777778,19.278472222222224,0.6358333333333334,8.761083333333334,1015.8441666666666,8.647712499999999,2009,10,Fall
2009-10-09,18.864583333333332,12.77777777777778,27.133333333333336,18.865046296296295,0.6495833333333333,10.905066666666668,1016.6695833333333,9.804229166666667,2009,10,Fall
2009-10-10,17.857407407407408,10.0,25.0,17.816203703703703,0.62875,11.332387500000001,1013.82625,10.866829166666667,2009,10,Fall
2009-10-11,13.392361111111112,8.333333333333334,16.11111111111111,13.230555555555554,0.9141666666666667,9.66,1012.8858333333333,5.950291666666668,2009,10,Fall
2009-10-12,10.896296296296297,7.222222222222222,16.316666666666666,9.48912037037037,0.9141666666666667,18.926220833333335,1005.0566666666667,6.2702791666666675,2009,10,Fall
2009-10-13,6.6759259259259265,5.0,8.333333333333334,2.2851851851851857,0.8075,30.373320833333334,1006.5233333333334,9.6217625,2009,10,Fall
2009-10-14,4.309953703703704,3.333333333333333,6.111111111111111,-0.7456018518518516,0.8125,29.511300000000002,1013.4608333333334,12.696191666666666,2009,10,Fall
2009-10-15,4.561342592592593,2.7777777777777777,6.144444444444446,1.0842592592592595,0.7775,17.890454166666668,1019.6241666666666,12.798158333333333,2009,10,Fall
2009-10-16,4.793287037037037,2.2222222222222223,7.794444444444445,3.170601851851852,0.7400000000000001,8.3055875,1019.6929166666667,12.476158333333332,2009,10,Fall
2009-10-17,5.068518518518519,2.2222222222222223,8.88888888888889,4.753935185185185,0.7825000000000001,3.562125,1017.7220833333334,10.760166666666665,2009,10,Fall
2009-10-18,6.261342592592592,3.888888888888889,8.88888888888889,4.461342592592592,0.8191666666666667,9.608345833333333,1017.8958333333334,9.4849125,2009,10,Fall
2009-10-19,6.229166666666667,4.511111111111109,7.222222222222222,4.209490740740741,0.8720833333333333,10.612583333333333,1016.91,6.727787500000001,2009,10,Fall
2009-10-20,6.443981481481482,3.333333333333333,7.777777777777778,4.6432870370370365,0.88625,9.3058,1017.2904166666667,7.332208333333334,2009,10,Fall
2009-10-21,9.202546296296296,3.333333333333333,15.0,7.879861111111111,0.76125,13.897654166666667,1014.6920833333334,9.997429166666667,2009,10,Fall
2009-10-22,14.271527777777777,7.777777777777778,20.0,13.67986111111111,0.69125,22.142866666666666,1011.2062500000001,11.735558333333332,2009,10,Fall
2009-10-23,15.063657407407407,12.727777777777776,17.77777777777778,15.063657407407407,0.8420833333333334,13.713845833333332,1009.1525,11.21365,2009,10,Fall
2009-10-24,14.637268518518518,11.666666666666666,17.883333333333333,14.637268518518518,0.8708333333333335,10.897016666666667,1012.2087500000001,9.780079166666667,2009,10,Fall
2009-10-25,13.171296296296296,10.0,17.22222222222222,13.130092592592591,0.8670833333333333,5.885220833333334,1017.6795833333334,6.074395833333334,2009,10,Fall
2009-10-26,13.53425925925926,11.666666666666666,15.066666666666666,13.53425925925926,0.9179166666666667,4.6790625,1019.53875,3.159625,2009,10,Fall
2009-10-27,12.603703703703703,7.222222222222222,16.144444444444446,12.262731481481481,0.79875,14.420233333333334,1019.6829166666666,9.143458333333333,2009,10,Fall
2009-10-28,10.815509259259258,6.666666666666667,16.11111111111111,10.269212962962962,0.7820833333333334,9.992062500000001,1020.1420833333333,10.6360625,2009,10,Fall
2009-10-29,8.011805555555556,3.888888888888889,11.233333333333333,7.040740740740741,0.82875,7.919858333333334,1020.3375,10.585749999999999,2009,10,Fall
2009-10-30,5.617592592592593,2.2222222222222223,10.0,2.3694444444444445,0.7545833333333333,17.53826666666667,1027.48,11.547725,2009,10,Fall
2009-10-31,3.272453703703704,-0.0499999999999999,8.922222222222224,1.1425925925925926,0.8075,9.749891666666667,1029.4325000000001,9.6338375,2009,10,Fall
2009-11-01,2.031018518518519,-2.2222222222222223,7.222222222222222,0.8159722222222224,0.77625,5.6772625,1025.8887499999998,8.614841666666665,2009,11,Fall
2009-11-02,3.668518518518518,0.0,8.88888888888889,-0.2162037037037036,0.6804166666666666,18.309725,1014.9391666666667,10.846704166666667,2009,11,Fall
2009-11-03,2.775694444444445,1.1111111111111112,5.0,-0.651388888888889,0.6829166666666667,13.812458333333334,1003.9645833333334,11.2156625,2009,11,Fall
2009-11-04,3.0085648148148145,1.6666666666666667,5.0,0.6743055555555554,0.8262499999999999,9.682808333333334,1004.3345833333333,10.111470833333334,2009,11,Fall
2009-11-05,6.108101851851852,4.444444444444445,7.794444444444445,5.098842592592592,0.90125,6.125379166666668,1007.85125,10.4911625,2009,11,Fall
2009-11-06,8.469212962962963,6.077777777777777,10.555555555555555,6.401851851851852,0.9162500000000001,13.951991666666666,1010.7491666666666,5.644391666666667,2009,11,Fall
2009-11-07,8.97037037037037,7.777777777777778,10.0,7.717592592592593,0.9175,8.997887500000001,1008.6758333333333,5.017833333333334,2009,11,Fall
2009-11-08,11.437962962962963,8.333333333333334,13.88888888888889,10.871990740740742,0.9454166666666667,11.502779166666668,1003.4979166666667,3.222683333333334,2009,11,Fall
2009-11-09,11.86412037037037,8.88888888888889,16.11111111111111,11.711805555555555,0.8424999999999999,7.934616666666667,1007.8691666666667,6.132758333333332,2009,11,Fall
2009-11-10,10.81875,7.777777777777778,12.77777777777778,10.012731481481481,0.9237500000000001,10.992275,1001.9875000000001,6.7076625000000005,2009,11,Fall
2009-11-11,5.3650462962962955,5.0,6.666666666666667,1.2548611111111108,0.9029166666666667,22.669470833333335,1003.1904166666667,9.662683333333334,2009,11,Fall
2009-11-12,7.3344907407407405,3.766666666666668,10.088888888888889,5.079398148148148,0.78375,14.520858333333335,1012.4875000000001,11.675854166666667,2009,11,Fall
2009-11-13,7.665972222222223,3.333333333333333,12.77777777777778,7.122222222222223,0.80375,6.354804166666667,1021.08625,9.285004166666667,2009,11,Fall
2009-11-14,9.729398148148148,3.888888888888889,16.11111111111111,8.879398148148148,0.7937500000000001,10.625329166666667,1021.5825,8.641675000000001,2009,11,Fall
2009-11-15,10.031481481481482,4.444444444444445,13.88888888888889,9.7,0.8041666666666667,14.425600000000001,1017.5433333333334,10.7688875,2009,11,Fall
2009-11-16,8.225231481481481,5.0,11.11111111111111,7.520601851851851,0.9404166666666667,6.7962125,1017.2925,3.1683458333333334,2009,11,Fall
2009-11-17,11.036574074074075,7.638888888888889,17.77777777777778,10.522916666666665,0.89125,8.751691666666668,1019.585,4.2161875,2009,11,Fall
2009-11-18,11.9625,7.222222222222222,18.88888888888889,11.678703703703704,0.82375,5.269395833333333,1023.6045833333333,7.9587666666666665,2009,11,Fall
2009-11-19,10.095833333333333,6.111111111111111,17.22222222222222,9.547916666666667,0.8758333333333334,6.205879166666667,1027.8758333333333,5.584016666666667,2009,11,Fall
2009-11-20,6.083564814814815,4.566666666666666,7.916666666666667,5.0539351851851855,0.9833333333333334,6.215270833333334,1030.0983333333334,0.09727083333333335,2009,11,Fall
2009-11-21,6.032870370370371,4.444444444444445,7.655555555555556,5.067592592592592,0.9879166666666667,6.0435375,1028.9379166666665,0.8231125000000001,2009,11,Fall
2009-11-22,5.642361111111111,3.888888888888889,7.222222222222222,4.040046296296297,0.9620833333333333,8.1144,1022.8641666666666,1.6972083333333334,2009,11,Fall
2009-11-23,5.268287037037037,3.383333333333335,7.777777777777778,3.515046296296296,0.9595833333333333,8.298208333333333,1019.9733333333334,1.8756500000000003,2009,11,Fall
2009-11-24,6.153009259259259,3.333333333333333,10.0,4.199537037037037,0.9666666666666667,9.6861625,1018.4666666666667,1.2363458333333335,2009,11,Fall
2009-11-25,9.740509259259259,6.111111111111111,17.22222222222222,8.651851851851852,0.8216666666666667,7.926566666666667,1019.7208333333333,6.666741666666667,2009,11,Fall
2009-11-26,7.0539351851851855,2.2222222222222223,13.88888888888889,6.163888888888889,0.8591666666666667,9.135408333333334,1018.3745833333334,6.418533333333333,2009,11,Fall
2009-11-27,8.802777777777779,2.7777777777777777,13.922222222222224,7.969907407407407,0.8325,8.761754166666668,1016.3695833333333,5.0701583333333335,2009,11,Fall
2009-11-28,7.138657407407408,2.755555555555556,11.11111111111111,5.95787037037037,0.90125,7.788374999999999,1015.3545833333333,7.132970833333334,2009,11,Fall
2009-11-29,5.10324074074074,0.0,11.144444444444446,2.4965277777777777,0.9195833333333333,13.4455125,1018.3245833333334,4.383895833333333,2009,11,Fall
2009-11-30,9.731712962962963,3.922222222222224,12.794444444444444,8.456944444444444,0.7329166666666667,26.59049166666667,1008.92625,11.463870833333333,2009,11,Fall
2009-12-01,12.11875,8.333333333333334,15.0,11.791435185185184,0.7158333333333333,25.976679166666667,1006.4854166666668,12.051520833333333,2009,12,Winter
2009-12-02,6.4282407407407405,3.888888888888889,7.777777777777778,4.195833333333334,0.8358333333333333,11.620175000000001,1015.5304166666666,11.8314875,2009,12,Winter
2009-12-03,5.781712962962963,3.333333333333333,7.222222222222222,4.590972222222223,0.9179166666666667,6.356145833333334,1014.0641666666667,3.8472291666666667,2009,12,Winter
2009-12-04,6.870601851851852,6.111111111111111,7.777777777777778,6.2444444444444445,0.9291666666666667,5.1211416666666665,1008.71375,2.9845375,2009,12,Winter
2009-12-05,6.337962962962963,3.333333333333333,7.23888888888889,4.878009259259259,0.9025,8.121108333333334,1014.3054166666666,4.161179166666667,2009,12,Winter
2009-12-06,4.3567129629629635,2.2222222222222223,7.272222222222224,3.8226851851851857,0.8966666666666666,2.9523375,1008.5104166666666,4.4093875,2009,12,Winter
2009-12-07,2.986342592592593,-1.1111111111111112,5.172222222222223,2.65,0.9479166666666666,3.523216666666667,1015.6220833333333,1.0840666666666667,2009,12,Winter
2009-12-08,4.898611111111111,3.3999999999999986,6.144444444444446,2.1474537037037034,0.94875,12.492929166666668,1015.5466666666666,5.008441666666667,2009,12,Winter
2009-12-09,6.500462962962963,5.0,7.222222222222222,3.913888888888889,0.9045833333333334,13.395870833333333,1012.8970833333333,8.203620833333334,2009,12,Winter
2009-12-10,4.2942129629629635,0.9500000000000004,7.272222222222224,2.4574074074074077,0.875,8.806700000000001,1023.2425,8.348520833333334,2009,12,Winter
2009-12-11,4.026851851851852,1.6666666666666667,5.033333333333335,2.8868055555555556,0.9416666666666668,6.3937125,1016.665,2.113125,2009,12,Winter
2009-12-12,2.1236111111111113,0.0,3.888888888888889,-2.0425925925925927,0.835,17.616754166666666,1008.8804166666665,9.845820833333333,2009,12,Winter
2009-12-13,-1.033796296296296,-2.2222222222222223,0.0,-4.538888888888889,0.8579166666666667,11.300858333333332,1020.1262499999999,10.66625,2009,12,Winter
2009-12-14,-1.4912037037037038,-2.7777777777777777,0.0333333333333345,-5.982175925925926,0.79,15.131316666666669,1020.8095833333333,11.192854166666669,2009,12,Winter
2009-12-15,-2.111574074074074,-2.8666666666666667,-1.1111111111111112,-8.084722222222222,0.77625,21.537775,1013.02875,7.297325000000001,2009,12,Winter
2009-12-16,-2.936342592592593,-3.888888888888889,-2.6888888888888887,-5.88587962962963,0.9249999999999999,8.28345,1007.8175,3.315929166666667,2009,12,Winter
2009-12-17,-5.604398148148149,-8.88888888888889,-2.7777777777777777,-9.61574074074074,0.84625,9.805570833333334,1007.11375,6.475554166666666,2009,12,Winter
2009-12-18,-6.225925925925925,-8.088888888888889,-3.888888888888889,-7.69837962962963,0.8070833333333334,4.805179166666667,1007.3333333333334,6.0804333333333345,2009,12,Winter
2009-12-19,-6.878703703703703,-7.777777777777778,-6.094444444444444,-13.03101851851852,0.8766666666666666,17.298779166666666,1003.06,3.4601583333333337,2009,12,Winter
2009-12-20,-10.305555555555555,-16.666666666666668,-6.216666666666667,-16.37986111111111,0.7091666666666666,14.4477375,1009.7395833333334,6.521841666666667,2009,12,Winter
2009-12-21,-9.397222222222222,-16.666666666666668,-3.888888888888889,-16.49861111111111,0.725,17.559733333333334,1017.4670833333333,7.471741666666667,2009,12,Winter
2009-12-22,1.6583333333333332,-3.333333333333333,3.333333333333333,-4.222685185185186,0.7683333333333334,29.4609875,1009.5679166666667,11.049295833333334,2009,12,Winter
2009-12-23,6.174768518518519,2.7777777777777777,10.0,2.7106481481481484,0.8504166666666667,23.331583333333338,1003.4591666666666,10.0967125,2009,12,Winter
2009-12-24,10.221296296296297,4.444444444444445,13.88888888888889,9.391203703703704,0.7966666666666667,19.348845833333332,1006.2629166666667,10.489820833333333,2009,12,Winter
2009-12-25,11.856018518518518,7.222222222222222,16.094444444444445,11.099074074074075,0.82,25.70499166666667,997.7270833333333,11.432341666666666,2009,12,Winter
2009-12-26,5.912731481481482,2.7777777777777777,8.88888888888889,3.5620370370370367,0.71,14.605383333333334,1012.9708333333333,12.226608333333333,2009,12,Winter
2009-12-27,2.8944444444444444,2.2222222222222223,3.888888888888889,-0.09745370370370372,0.8325,11.877104166666667,1006.8483333333334,9.784775,2009,12,Winter
2009-12-28,3.045833333333334,-0.5055555555555556,7.605555555555554,-0.10902777777777777,0.80125,14.7415625,1008.0691666666667,11.137175,2009,12,Winter
2009-12-29,2.0726851851851853,-2.2222222222222223,7.777777777777778,0.44444444444444425,0.8137500000000001,6.499033333333333,1011.4541666666668,8.0017,2009,12,Winter
2009-12-30,6.296527777777778,2.7777777777777777,9.294444444444444,3.5625,0.9116666666666666,13.979495833333333,1002.8345833333333,6.527879166666668,2009,12,Winter
2009-12-31,9.470138888888888,6.111111111111111,11.300000000000002,8.596527777777778,0.915,11.426975,997.88375,7.44625,2009,12,Winter
2010-01-01,7.807407407407407,6.0888888888888895,10.0,6.115277777777778,0.9433333333333334,10.211425,991.1333333333333,4.591854166666667,2010,1,Winter
2010-01-02,3.31412037037037,-1.183333333333333,6.005555555555556,-0.995138888888889,0.8741666666666666,20.140429166666667,1002.6120833333333,6.195145833333334,2010,1,Winter
2010-01-03,-2.60625,-5.733333333333333,-1.0277777777777786,-8.699537037037038,0.8729166666666667,22.1636625,1016.1150000000001,7.2389625,2010,1,Winter
2010-01-04,-5.491898148148148,-10.144444444444442,-2.7333333333333343,-9.055092592592592,0.8424999999999999,10.888966666666667,1021.1445833333333,8.4585375,2010,1,Winter
2010-01-05,-1.56712962962963,-2.872222222222223,-0.0944444444444453,-5.593055555555556,0.8979166666666667,11.848258333333334,1011.7466666666666,5.8094166666666665,2010,1,Winter
2010-01-06,0.8715277777777778,0.0,2.0444444444444443,-1.9935185185185187,0.9183333333333333,10.204716666666668,1002.3358333333334,5.151329166666667,2010,1,Winter
2010-01-07,0.08148148148148156,-0.0944444444444453,0.9666666666666678,-1.7590277777777779,0.9445833333333334,6.6794875000000005,1012.9016666666666,3.4145416666666666,2010,1,Winter
2010-01-08,3.9749999999999996,0.4611111111111101,9.55,0.6581018518518517,0.88875,16.912379166666668,1010.7991666666667,6.660704166666668,2010,1,Winter
2010-01-09,9.063425925925925,6.161111111111113,11.894444444444442,6.943981481481482,0.8141666666666666,21.108441666666668,1003.7191666666666,11.136504166666668,2010,1,Winter
2010-01-10,3.871759259259259,1.183333333333335,7.049999999999999,1.3506944444444438,0.9283333333333333,11.227066666666667,1007.99625,4.1390416666666665,2010,1,Winter
2010-01-11,0.7374999999999997,-2.7777777777777777,4.927777777777776,-2.1087962962962963,0.8333333333333334,10.106104166666666,1015.5266666666666,7.970841666666668,2010,1,Winter
2010-01-12,-0.8787037037037035,-3.73888888888889,1.311111111111111,-2.9773148148148145,0.8658333333333333,6.5573958333333335,1017.4958333333334,6.847195833333334,2010,1,Winter
2010-01-13,-0.049305555555555484,-1.183333333333333,1.2388888888888872,-1.2462962962962962,0.8650000000000001,4.9245875,1015.6291666666666,4.485191666666666,2010,1,Winter
2010-01-14,0.3694444444444445,-0.0722222222222216,1.183333333333335,-1.0655092592592592,0.8829166666666667,5.499491666666667,1017.1316666666667,5.907358333333334,2010,1,Winter
2010-01-15,-0.05462962962962962,-1.3666666666666671,2.055555555555557,-3.7067129629629627,0.9033333333333333,11.631579166666668,1024.8575,5.241220833333334,2010,1,Winter
2010-01-16,-2.0217592592592593,-2.411111111111111,-1.2055555555555566,-5.017592592592592,0.9512499999999999,8.675216666666667,1030.9104166666666,2.545141666666667,2010,1,Winter
2010-01-17,-0.8122685185185188,-2.3000000000000003,0.1722222222222235,-4.4111111111111105,0.8937499999999999,10.925191666666668,1026.0966666666666,5.011125000000001,2010,1,Winter
2010-01-18,-0.07060185185185186,-1.0166666666666655,1.0777777777777766,-2.2194444444444446,0.90625,7.011550000000001,1025.0729166666667,3.205241666666667,2010,1,Winter
2010-01-19,-0.9967592592592595,-2.155555555555555,0.0722222222222236,-4.025231481481481,0.9229166666666666,9.124004166666667,1023.02875,3.943829166666667,2010,1,Winter
2010-01-20,-0.07337962962962978,-1.594444444444445,1.183333333333335,-0.6479166666666667,0.9175,4.528795833333334,1017.69625,3.4380208333333333,2010,1,Winter
2010-01-21,-1.6923611111111114,-2.7777777777777777,-0.1833333333333323,-3.583796296296297,0.9266666666666667,6.414508333333334,1020.89,2.427075,2010,1,Winter
2010-01-22,-4.941898148148148,-8.63888888888889,-2.7777777777777777,-8.995138888888889,0.8108333333333334,9.929004166666667,1027.085,9.299091666666667,2010,1,Winter
2010-01-23,-5.77037037037037,-10.72222222222222,-1.5277777777777777,-7.670138888888889,0.8379166666666666,5.2184125,1030.1054166666665,5.511566666666667,2010,1,Winter
2010-01-24,-6.584259259259259,-11.97777777777778,-2.827777777777777,-8.035648148148148,0.87875,5.036616666666666,1032.92375,2.8839125000000005,2010,1,Winter
2010-01-25,-9.50625,-13.705555555555556,-6.111111111111111,-11.52199074074074,0.85125,5.964379166666667,1036.8166666666666,5.524983333333334,2010,1,Winter
2010-01-26,-6.63587962962963,-8.93888888888889,-3.972222222222221,-9.910185185185187,0.7445833333333334,7.6367666666666665,1032.8658333333333,8.434387500000001,2010,1,Winter
2010-01-27,-7.5532407407407405,-13.827777777777778,-2.383333333333333,-9.10601851851852,0.7554166666666666,4.687783333333333,1028.0404166666667,6.999475,2010,1,Winter
2010-01-28,-7.577777777777778,-11.288888888888888,-6.111111111111111,-13.347453703703705,0.9054166666666666,13.598462500000002,1008.8120833333332,3.8640000000000003,2010,1,Winter
2010-01-29,-5.248379629629629,-9.07222222222222,-2.005555555555555,-10.894212962962962,0.8470833333333333,15.492225,1001.2133333333333,3.806979166666667,2010,1,Winter
2010-01-30,0.27407407407407397,-2.822222222222221,2.2000000000000006,-4.368518518518519,0.8054166666666666,18.867858333333334,994.4604166666667,9.2031625,2010,1,Winter
2010-01-31,-1.6585648148148147,-4.883333333333333,-0.0055555555555564,-6.314583333333334,0.9229166666666667,14.909941666666668,1000.0333333333333,5.789962500000001,2010,1,Winter
2010-02-01,-5.132175925925925,-10.544444444444444,-1.9944444444444445,-9.391666666666667,0.8083333333333332,11.557787500000002,1011.8775,10.6280125,2010,2,Winter
2010-02-02,-6.986111111111112,-12.161111111111111,0.0888888888888869,-9.26712962962963,0.8558333333333333,6.0717125,1019.7691666666666,5.4364333333333335,2010,2,Winter
2010-02-03,-2.821759259259259,-11.094444444444443,1.183333333333335,-7.128009259259259,0.79,13.401908333333333,1017.8195833333333,8.1606875,2010,2,Winter
2010-02-04,-2.4502314814814814,-4.383333333333334,-0.6500000000000009,-5.306018518518519,0.8329166666666666,8.344495833333333,1025.4112499999999,6.660033333333334,2010,2,Winter
2010-02-05,0.4240740740740743,-3.877777777777778,3.605555555555557,-3.1252314814814817,0.7833333333333333,12.359433333333333,1021.93375,10.713879166666667,2010,2,Winter
2010-02-06,0.012268518518518476,-1.183333333333333,0.9222222222222204,-3.813425925925926,0.9208333333333334,13.002091666666667,1012.0966666666667,4.086716666666667,2010,2,Winter
2010-02-07,-1.1400462962962965,-2.311111111111112,-0.038888888888889,-5.455787037037037,0.93125,13.4294125,1014.0195833333333,3.0838208333333337,2010,2,Winter
2010-02-08,-3.2881944444444446,-4.411111111111111,-1.2277777777777783,-7.640277777777778,0.80375,12.029383333333334,1012.50375,6.873358333333333,2010,2,Winter
2010-02-09,-4.544444444444444,-10.766666666666667,0.9500000000000004,-6.634490740740741,0.8325,6.533245833333333,1011.1641666666666,4.418779166666667,2010,2,Winter
2010-02-10,-0.33611111111111086,-4.372222222222224,2.1388888888888897,-4.406944444444444,0.8229166666666666,14.033833333333334,1003.8425000000001,7.970841666666668,2010,2,Winter
2010-02-11,1.001388888888889,-0.0222222222222217,2.2888888888888874,-1.0944444444444443,0.9220833333333333,7.787704166666667,999.4529166666666,4.005545833333334,2010,2,Winter
2010-02-12,0.881944444444445,0.0055555555555544,2.616666666666667,-1.5625,0.9362499999999999,9.7867875,1005.86375,0.889525,2010,2,Winter
2010-02-13,0.20532407407407463,-1.1333333333333329,1.161111111111113,-5.774074074074075,0.8470833333333333,27.106362500000003,1004.5929166666666,8.001029166666667,2010,2,Winter
2010-02-14,-1.6870370370370373,-3.95,2.194444444444446,-5.097685185185186,0.8104166666666667,9.912233333333333,1011.5075,9.621091666666667,2010,2,Winter
2010-02-15,-1.3034722222222221,-4.855555555555554,2.2222222222222223,-4.4750000000000005,0.8779166666666667,9.585537500000001,1010.0845833333333,5.4558875,2010,2,Winter
2010-02-16,-0.9969907407407407,-6.849999999999999,2.2000000000000006,-3.6168981481481484,0.8812500000000001,8.7362625,1011.085,4.309433333333334,2010,2,Winter
2010-02-17,2.851388888888889,-0.5777777777777773,4.833333333333335,0.16990740740740753,0.8579166666666667,10.393891666666667,1005.52625,8.767120833333333,2010,2,Winter
2010-02-18,4.825925925925926,2.1611111111111114,7.577777777777778,2.8629629629629636,0.9120833333333334,9.018683333333334,1004.4033333333333,6.141479166666667,2010,2,Winter
2010-02-19,8.315046296296297,1.1166666666666656,13.47222222222222,6.592592592592593,0.80375,19.413245833333335,1001.0579166666666,8.651066666666667,2010,2,Winter
2010-02-20,5.008564814814815,1.594444444444443,8.644444444444446,1.1490740740740737,0.8616666666666667,19.982783333333334,994.3533333333334,9.502354166666667,2010,2,Winter
2010-02-21,2.453472222222222,-0.5333333333333338,7.244444444444444,-1.1458333333333333,0.7941666666666666,15.295,1006.8000000000001,9.202491666666667,2010,2,Winter
2010-02-22,4.052546296296296,-0.5555555555555556,7.872222222222224,0.28819444444444403,0.75625,17.625475,1009.2745833333333,11.677195833333334,2010,2,Winter
2010-02-23,8.348611111111111,3.861111111111113,12.938888888888888,6.557175925925925,0.80375,14.9086,1004.0970833333334,10.747420833333335,2010,2,Winter
2010-02-24,8.477314814814815,7.200000000000001,11.316666666666666,7.55162037037037,0.92875,7.803804166666667,1003.4020833333334,5.1781625,2010,2,Winter
2010-02-25,6.6685185185185185,3.3999999999999986,9.083333333333334,4.884953703703704,0.9258333333333333,9.333975,1007.4633333333333,3.2683,2010,2,Winter
2010-02-26,7.653472222222223,3.85,11.077777777777776,5.243518518518518,0.9029166666666667,16.596416666666666,1003.7070833333333,5.131875,2010,2,Winter
2010-02-27,4.875925925925926,0.4888888888888903,7.733333333333334,1.5562500000000001,0.8720833333333333,21.2781625,1007.1804166666666,7.092720833333334,2010,2,Winter
2010-02-28,5.212962962962963,0.0166666666666672,7.683333333333333,1.541898148148148,0.7712499999999999,19.246208333333332,1007.9591666666666,10.817858333333334,2010,2,Winter
2010-03-01,8.305555555555555,3.2611111111111097,13.844444444444443,7.622222222222223,0.7504166666666667,8.592704166666666,1010.6254166666666,10.702475,2010,3,Spring
2010-03-02,6.25462962962963,2.272222222222224,10.044444444444444,4.0875,0.6841666666666666,13.035633333333335,1018.7004166666667,10.1913,2010,3,Spring
2010-03-03,4.665509259259259,0.5777777777777773,7.816666666666666,2.6219907407407406,0.7020833333333334,10.517995833333334,1022.1420833333333,12.062254166666667,2010,3,Spring
2010-03-04,3.7185185185185183,1.1333333333333329,7.061111111111112,-0.1108796296296296,0.68,19.340125,1011.2599999999999,10.169833333333333,2010,3,Spring
2010-03-05,1.3499999999999996,-2.827777777777777,4.966666666666665,-3.9974537037037035,0.58,24.53572916666667,1013.39,11.37465,2010,3,Spring
2010-03-06,-1.755787037037037,-5.050000000000001,2.2222222222222223,-5.678472222222222,0.6004166666666667,12.904820833333334,1018.3045833333334,12.2521,2010,3,Spring
2010-03-07,-1.2157407407407412,-5.166666666666667,2.76111111111111,-3.219907407407408,0.6954166666666667,6.8331083333333344,1026.5204166666667,9.945104166666667,2010,3,Spring
2010-03-08,-0.8201388888888892,-5.466666666666667,2.844444444444443,-5.618981481481481,0.6725,16.4843875,1022.46375,10.426091666666666,2010,3,Spring
2010-03-09,-0.1553240740740741,-2.294444444444444,2.82777777777778,-4.2555555555555555,0.6654166666666667,13.536075000000002,1021.8675,11.805995833333334,2010,3,Spring
2010-03-10,0.25833333333333314,-2.827777777777777,2.844444444444443,-3.610416666666667,0.7091666666666666,13.434108333333334,1022.4345833333333,10.395233333333334,2010,3,Spring
2010-03-11,-0.2817129629629627,-1.083333333333333,0.1611111111111106,-2.7328703703703705,0.9304166666666668,8.6195375,1013.8891666666667,4.7917625,2010,3,Spring
2010-03-12,1.2381944444444442,-0.5333333333333338,2.9777777777777774,-3.0608796296296297,0.7716666666666666,17.153879166666666,1014.2508333333334,7.540166666666667,2010,3,Spring
2010-03-13,3.816666666666666,1.7333333333333318,7.172222222222221,-0.25763888888888914,0.7200000000000001,20.228308333333334,1017.6808333333333,11.611454166666668,2010,3,Spring
2010-03-14,4.738194444444445,0.8333333333333334,8.916666666666664,0.916666666666667,0.66625,20.787783333333334,1016.945,12.258808333333334,2010,3,Spring
2010-03-15,3.40462962962963,-0.9500000000000004,7.23888888888889,-0.9298611111111112,0.5575,22.792233333333332,1017.7029166666666,12.2017875,2010,3,Spring
2010-03-16,4.351388888888889,-1.761111111111112,9.63888888888889,0.9567129629629627,0.6320833333333333,18.83632916666667,1020.3425000000001,12.136045833333334,2010,3,Spring
2010-03-17,3.3921296296296295,-3.0333333333333337,8.955555555555556,1.0057870370370372,0.6458333333333334,10.617279166666668,1029.9929166666666,10.575016666666667,2010,3,Spring
2010-03-18,7.229166666666667,0.7888888888888899,15.016666666666667,5.912037037037037,0.5962500000000001,8.632954166666666,1029.0429166666665,11.547054166666667,2010,3,Spring
2010-03-19,9.226620370370371,0.0722222222222236,17.288888888888888,7.763657407407408,0.6062500000000001,14.002304166666667,1027.55875,10.179225,2010,3,Spring
2010-03-20,11.607175925925924,2.82777777777778,17.77777777777778,10.624305555555555,0.55125,17.871,1022.69375,11.3203125,2010,3,Spring
2010-03-21,13.961342592592594,7.822222222222221,20.022222222222226,13.372685185185185,0.5854166666666667,17.3135375,1019.25875,11.580595833333334,2010,3,Spring
2010-03-22,12.339814814814815,6.305555555555556,18.433333333333337,12.145601851851852,0.7758333333333334,12.124641666666667,1021.8033333333333,9.485583333333333,2010,3,Spring
2010-03-23,11.115046296296297,9.566666666666666,13.02777777777778,11.06273148148148,0.8408333333333333,6.207220833333333,1021.4145833333333,6.994779166666667,2010,3,Spring
2010-03-24,13.065509259259258,8.672222222222222,18.772222222222226,13.065509259259258,0.7091666666666666,5.88455,1020.085,10.56965,2010,3,Spring
2010-03-25,14.701157407407406,7.316666666666667,20.11666666666666,14.48958333333333,0.6441666666666667,20.066637500000002,1020.1875,10.289241666666667,2010,3,Spring
2010-03-26,15.515046296296298,11.022222222222224,21.15555555555555,15.515046296296298,0.5554166666666667,24.334479166666668,1016.7629166666667,11.551079166666668,2010,3,Spring
2010-03-27,10.384722222222223,7.633333333333335,12.683333333333332,9.768287037037036,0.7458333333333332,12.947083333333333,1010.1858333333333,10.1168375,2010,3,Spring
2010-03-28,10.232175925925926,3.938888888888891,16.116666666666664,9.133333333333333,0.6404166666666667,19.053679166666665,1010.7545833333334,9.9437625,2010,3,Spring
2010-03-29,12.02222222222222,3.661111111111113,18.97777777777777,11.436805555555557,0.56375,10.167150000000001,1014.1829166666666,11.788554166666666,2010,3,Spring
2010-03-30,13.308564814814815,6.111111111111111,19.95,12.803703703703704,0.5491666666666667,14.3350375,1008.7358333333333,11.8979,2010,3,Spring
2010-03-31,11.874768518518517,6.0888888888888895,17.68333333333333,11.428935185185184,0.7479166666666667,11.604075,1005.7912500000001,11.937479166666668,2010,3,Spring
2010-04-01,10.190740740740742,5.411111111111112,17.105555555555554,9.629398148148148,0.6504166666666666,7.876254166666667,1013.4170833333333,11.974375,2010,4,Spring
2010-04-02,8.471527777777778,3.672222222222222,13.68888888888889,7.492824074074075,0.7545833333333333,11.459175,1016.8529166666667,10.353641666666666,2010,4,Spring
2010-04-03,8.92986111111111,1.1444444444444457,14.97222222222222,7.833101851851851,0.5995833333333334,10.238929166666667,1020.4191666666667,10.898358333333334,2010,4,Spring
2010-04-04,12.518518518518519,4.905555555555555,17.855555555555554,11.824768518518518,0.5516666666666666,11.0788125,1019.1079166666667,12.078354166666665,2010,4,Spring
2010-04-05,12.133564814814816,8.822222222222223,16.805555555555557,11.544907407407408,0.735,14.392058333333333,1014.7354166666668,10.9862375,2010,4,Spring
2010-04-06,7.772222222222222,5.555555555555555,9.283333333333337,4.556481481481481,0.8725,21.212420833333336,1018.7575,10.581725,2010,4,Spring
2010-04-07,8.822685185185184,2.872222222222223,14.883333333333333,7.878009259259259,0.8004166666666667,9.457408333333333,1022.9716666666667,10.713208333333334,2010,4,Spring
2010-04-08,11.495601851851852,4.888888888888888,17.89444444444444,10.946527777777776,0.7220833333333334,7.259758333333334,1023.8425000000001,9.906195833333333,2010,4,Spring
2010-04-09,13.025694444444445,4.605555555555555,19.92777777777778,12.531944444444443,0.6366666666666667,8.8449375,1023.5408333333334,10.413345833333333,2010,4,Spring
2010-04-10,8.70300925925926,4.100000000000001,12.272222222222224,7.8039351851851855,0.7341666666666667,13.8922875,1019.8537500000001,12.06695,2010,4,Spring
2010-04-11,8.660416666666666,2.9888888888888903,12.17777777777778,7.884490740740741,0.7270833333333333,8.282108333333333,1015.9958333333334,10.658870833333333,2010,4,Spring
2010-04-12,10.439351851851852,7.177777777777779,13.28888888888889,9.593981481481482,0.8216666666666667,14.435662500000001,1014.2083333333334,8.707416666666667,2010,4,Spring
2010-04-13,12.171527777777778,9.905555555555557,14.877777777777778,12.040972222222223,0.7775,11.253229166666669,1013.4179166666667,9.399716666666666,2010,4,Spring
2010-04-14,11.127314814814815,7.711111111111112,15.072222222222225,10.544212962962963,0.8629166666666667,12.248745833333333,1010.7920833333334,9.057591666666667,2010,4,Spring
2010-04-15,9.442361111111111,4.005555555555556,13.194444444444445,8.83912037037037,0.84125,11.275366666666669,1012.5741666666667,9.543945833333334,2010,4,Spring
2010-04-16,11.05625,6.161111111111113,16.038888888888888,10.527083333333334,0.8070833333333334,8.847620833333332,1015.0025,9.518454166666666,2010,4,Spring
2010-04-17,10.688194444444443,4.444444444444445,16.06666666666667,10.262962962962963,0.7791666666666667,9.920283333333334,1019.1420833333333,8.268020833333333,2010,4,Spring
2010-04-18,13.64074074074074,2.755555555555556,21.016666666666666,13.303935185185184,0.6429166666666667,13.965408333333334,1017.8741666666666,10.829933333333335,2010,4,Spring
2010-04-19,11.69375,8.822222222222223,13.961111111111112,11.601851851851853,0.9333333333333332,7.448933333333334,1010.7600000000001,6.97935,2010,4,Spring
2010-04-20,13.51087962962963,8.011111111111113,20.022222222222226,13.035879629629632,0.7575,13.008129166666668,1011.4475000000001,7.668295833333333,2010,4,Spring
2010-04-21,14.181712962962962,7.294444444444445,21.016666666666666,14.121990740740742,0.6733333333333333,11.728850000000001,1012.3612499999999,9.924979166666667,2010,4,Spring
2010-04-22,9.669444444444444,5.538888888888888,12.755555555555556,8.640972222222222,0.6224999999999999,13.0389875,1017.4616666666667,11.5094875,2010,4,Spring
2010-04-23,13.09236111111111,5.411111111111112,18.83888888888889,12.809259259259258,0.6033333333333334,10.830604166666667,1017.3425000000001,11.829475,2010,4,Spring
2010-04-24,15.94537037037037,10.555555555555555,21.20555555555556,15.94537037037037,0.7158333333333333,9.419841666666668,1019.2320833333333,11.531625,2010,4,Spring
2010-04-25,17.67476851851852,12.122222222222222,23.883333333333333,17.67476851851852,0.58875,13.909729166666667,1022.8279166666666,10.636733333333334,2010,4,Spring
2010-04-26,16.37615740740741,11.038888888888888,22.55,16.37615740740741,0.6124999999999999,13.54815,1024.2279166666667,11.883141666666667,2010,4,Spring
2010-04-27,16.298842592592592,8.93888888888889,22.77777777777778,16.117824074074075,0.58,9.055579166666666,1023.86125,11.928758333333334,2010,4,Spring
2010-04-28,14.872685185185185,9.088888888888889,20.9,14.844212962962963,0.7008333333333333,10.3744375,1024.4816666666668,10.901041666666666,2010,4,Spring
2010-04-29,15.309259259259258,6.266666666666668,22.05,15.122685185185185,0.5404166666666667,7.728000000000001,1021.8058333333333,10.715220833333333,2010,4,Spring
2010-04-30,17.915046296296296,8.299999999999999,25.09444444444445,17.852546296296296,0.56125,8.420970833333334,1014.3991666666667,11.8979,2010,4,Spring
2010-05-01,19.196296296296296,9.961111111111112,27.15,19.109953703703702,0.6045833333333334,10.37645,1011.27375,11.895216666666668,2010,5,Spring
2010-05-02,18.857407407407408,12.427777777777775,23.827777777777776,18.857407407407408,0.6095833333333333,8.178129166666666,1011.5816666666666,11.494729166666666,2010,5,Spring
2010-05-03,20.565277777777776,13.933333333333332,26.13333333333334,20.565277777777776,0.6091666666666666,8.350533333333333,1009.9387499999999,11.979070833333333,2010,5,Spring
2010-05-04,20.53101851851852,13.272222222222222,25.100000000000005,20.53101851851852,0.63375,8.6557625,1001.3870833333332,11.393433333333334,2010,5,Spring
2010-05-05,21.475925925925925,16.51111111111111,27.511111111111106,21.46666666666667,0.6224999999999999,12.112566666666668,1000.5416666666666,11.154616666666668,2010,5,Spring
2010-05-06,16.81574074074074,12.733333333333334,23.811111111111117,16.81574074074074,0.8304166666666667,16.326741666666667,999.0033333333332,10.8936625,2010,5,Spring
2010-05-07,15.474537037037038,10.75,21.11111111111111,15.474537037037038,0.7595833333333334,10.840666666666666,1002.1199999999999,11.0868625,2010,5,Spring
2010-05-08,14.631481481481481,11.633333333333333,18.88888888888889,14.631481481481481,0.8545833333333334,6.980691666666666,1004.2320833333333,9.9357125,2010,5,Spring
2010-05-09,14.482407407407408,11.06111111111111,17.84444444444445,14.482407407407408,0.8679166666666666,5.561208333333333,1004.3320833333332,9.915587499999999,2010,5,Spring
2010-05-10,15.360416666666666,10.0,18.83888888888889,15.33587962962963,0.8304166666666667,7.992979166666667,1002.2395833333334,10.736016666666666,2010,5,Spring
2010-05-11,18.560185185185187,11.52777777777778,23.922222222222224,18.560185185185187,0.7395833333333334,9.016670833333334,1006.4441666666667,11.598708333333335,2010,5,Spring
2010-05-12,17.478472222222223,13.116666666666667,23.63333333333334,17.478472222222223,0.8450000000000001,7.9507166666666675,1007.4629166666667,10.534766666666668,2010,5,Spring
2010-05-13,16.23587962962963,12.5,22.47222222222222,16.23587962962963,0.8520833333333333,12.421820833333333,1005.6208333333334,10.334858333333333,2010,5,Spring
2010-05-14,16.76412037037037,11.916666666666668,22.216666666666665,16.76412037037037,0.755,13.885579166666668,1006.7991666666667,11.418254166666665,2010,5,Spring
2010-05-15,14.042824074074074,10.77777777777778,17.016666666666666,14.042824074074074,0.9258333333333333,16.479020833333333,997.2408333333333,8.085554166666666,2010,5,Spring
2010-05-16,9.084953703703704,7.805555555555554,10.533333333333337,6.103472222222223,0.9495833333333333,26.098100000000002,998.0908333333333,6.1065958333333334,2010,5,Spring
2010-05-17,9.383564814814815,8.822222222222223,9.983333333333333,5.743287037037036,0.8404166666666667,31.213875,1006.8962499999999,11.586633333333333,2010,5,Spring
2010-05-18,10.858333333333334,8.366666666666667,12.22222222222222,10.00439814814815,0.7695833333333333,26.69111666666667,1012.1016666666666,11.710066666666668,2010,5,Spring
2010-05-19,11.225462962962963,8.311111111111112,13.816666666666666,10.443518518518518,0.7775,16.98281666666667,1017.4862499999999,12.610325000000001,2010,5,Spring
2010-05-20,12.691666666666668,9.422222222222224,15.994444444444444,12.549305555555556,0.8612500000000001,6.057625000000001,1019.34625,10.353641666666666,2010,5,Spring
2010-05-21,15.17962962962963,8.61111111111111,20.827777777777776,15.147685185185187,0.8533333333333334,10.123545833333333,1017.2287500000001,9.299091666666667,2010,5,Spring
2010-05-22,18.178935185185185,12.77777777777778,23.64444444444445,18.178935185185185,0.71125,15.310429166666667,1014.2891666666666,11.108329166666666,2010,5,Spring
2010-05-23,17.291666666666668,12.694444444444445,23.79444444444444,17.291666666666668,0.7908333333333334,11.492045833333334,1014.5520833333334,11.19755,2010,5,Spring
2010-05-24,18.77800925925926,11.71111111111111,23.88888888888889,18.77800925925926,0.7004166666666666,11.579254166666667,1013.0570833333333,11.035879166666668,2010,5,Spring
2010-05-25,20.556018518518517,14.355555555555558,26.2,20.556018518518517,0.71125,10.515983333333333,1011.5279166666666,11.3001875,2010,5,Spring
2010-05-26,20.826157407407408,14.533333333333331,27.194444444444443,20.800231481481482,0.6554166666666666,13.996266666666669,1010.1666666666666,11.571875,2010,5,Spring
2010-05-27,21.102083333333333,13.733333333333333,27.194444444444443,21.104166666666668,0.6391666666666667,11.498754166666666,1009.1391666666667,11.877775,2010,5,Spring
2010-05-28,20.350925925925925,15.599999999999998,25.038888888888884,20.350925925925925,0.7604166666666666,6.297112500000001,1011.6345833333334,10.982212500000001,2010,5,Spring
2010-05-29,18.565277777777776,15.68888888888889,23.744444444444444,18.565277777777776,0.8529166666666667,6.919645833333334,1015.9904166666666,10.621975,2010,5,Spring
2010-05-30,18.853703703703705,13.75,24.850000000000005,18.853703703703705,0.8295833333333333,7.069912500000001,1010.87875,10.0947,2010,5,Spring
2010-05-31,13.883796296296296,11.116666666666664,15.977777777777776,13.883796296296296,0.9229166666666666,11.814716666666667,1003.9429166666667,9.344708333333333,2010,5,Spring
2010-06-01,12.728935185185186,11.066666666666668,14.772222222222224,12.728935185185186,0.9466666666666667,9.6700625,1000.8225000000001,7.0940625,2010,6,Summer
2010-06-02,13.04212962962963,11.6,15.050000000000002,13.04212962962963,0.9366666666666666,10.202704166666667,1004.7891666666666,9.906866666666668,2010,6,Summer
2010-06-03,14.406944444444443,11.116666666666664,18.65555555555555,14.406944444444443,0.8679166666666666,7.1846250000000005,1010.5408333333334,9.403741666666667,2010,6,Summer
2010-06-04,15.640046296296298,12.266666666666666,17.800000000000004,15.640046296296298,0.9491666666666667,11.620175000000001,1013.09875,7.165841666666666,2010,6,Summer
2010-06-05,18.081712962962964,12.616666666666667,23.022222222222226,18.081712962962964,0.7791666666666667,13.041670833333335,1019.7020833333332,9.872654166666667,2010,6,Summer
2010-06-06,19.90439814814815,11.505555555555556,26.03888888888889,19.90439814814815,0.6958333333333333,5.2264625,1017.7254166666667,11.462529166666668,2010,6,Summer
2010-06-07,22.144444444444446,13.77222222222222,27.80555555555556,22.099999999999998,0.6829166666666667,6.3615125,1012.6070833333333,11.79325,2010,6,Summer
2010-06-08,23.589814814814815,15.105555555555554,28.96111111111111,23.577546296296294,0.6541666666666667,5.867108333333333,1011.6758333333333,11.2720125,2010,6,Summer
2010-06-09,24.693287037037038,17.166666666666668,30.13888888888889,24.751388888888886,0.6383333333333333,6.855245833333334,1012.8358333333334,10.904395833333332,2010,6,Summer
2010-06-10,25.770833333333332,17.705555555555556,32.266666666666666,25.959490740740737,0.6275000000000001,13.112779166666668,1013.5170833333333,11.449783333333334,2010,6,Summer
2010-06-11,26.652314814814815,19.35555555555556,32.87222222222223,27.284953703703707,0.665,10.517995833333334,1011.245,11.554433333333334,2010,6,Summer
2010-06-12,27.715740740740742,19.944444444444446,34.92777777777778,28.51898148148148,0.6620833333333334,7.89705,1009.2308333333334,10.794379166666666,2010,6,Summer
2010-06-13,25.865277777777777,21.05,30.988888888888887,26.544675925925926,0.7116666666666666,5.33715,1009.7420833333334,10.931229166666666,2010,6,Summer
2010-06-14,24.841898148148147,19.03333333333333,31.016666666666666,25.487037037037037,0.7329166666666667,10.960075000000002,1010.3991666666667,10.932570833333331,2010,6,Summer
2010-06-15,22.957407407407405,16.022222222222226,27.866666666666664,23.03935185185185,0.6816666666666666,9.942420833333335,1016.3425000000001,10.960745833333334,2010,6,Summer
2010-06-16,20.745833333333334,17.105555555555554,24.938888888888886,20.745833333333334,0.7958333333333334,16.539395833333334,1013.7120833333333,12.2420375,2010,6,Summer
2010-06-17,21.284027777777776,15.383333333333333,26.03888888888889,21.284027777777776,0.69375,9.749220833333334,1015.4904166666666,11.962299999999999,2010,6,Summer
2010-06-18,19.287037037037038,16.466666666666665,22.46111111111112,19.287037037037038,0.8570833333333333,13.3891625,1008.4704166666667,11.269329166666667,2010,6,Summer
2010-06-19,19.737037037037037,15.677777777777775,24.78888888888889,19.737037037037037,0.8308333333333334,7.487841666666667,1003.0516666666666,10.528729166666666,2010,6,Summer
2010-06-20,19.820138888888888,15.18333333333333,24.694444444444443,19.820138888888888,0.8395833333333332,6.928366666666666,1002.6320833333333,10.469025,2010,6,Summer
2010-06-21,17.642592592592592,15.050000000000002,19.844444444444445,17.642592592592592,0.9483333333333334,9.844479166666668,1004.81,9.244083333333334,2010,6,Summer
2010-06-22,15.4125,14.449999999999998,15.955555555555556,15.4125,0.9016666666666667,21.489475,1008.1904166666667,11.2237125,2010,6,Summer
2010-06-23,18.29398148148148,15.394444444444446,22.2,18.29398148148148,0.66625,18.15811666666667,1012.7141666666666,12.697533333333334,2010,6,Summer
2010-06-24,17.677314814814814,12.983333333333333,22.127777777777776,17.677314814814814,0.7495833333333333,6.778770833333334,1013.5570833333333,12.243379166666665,2010,6,Summer
2010-06-25,17.538425925925925,12.77777777777778,22.10555555555556,17.538425925925925,0.77375,11.925404166666667,1010.9725,11.703358333333334,2010,6,Summer
2010-06-26,15.634027777777776,13.28888888888889,17.15,15.634027777777776,0.9420833333333333,9.549983333333333,1012.1541666666667,5.5363875,2010,6,Summer
2010-06-27,18.550694444444446,15.666666666666666,22.10555555555556,18.550694444444446,0.8283333333333333,14.7697375,1014.64,11.072775,2010,6,Summer
2010-06-28,20.90416666666667,13.894444444444442,27.17777777777778,20.93865740740741,0.8204166666666667,9.1508375,1015.2950000000001,10.992945833333332,2010,6,Summer
2010-06-29,22.57361111111111,16.844444444444445,27.82777777777778,22.764120370370367,0.7320833333333333,13.855391666666668,1014.2687500000001,11.989133333333333,2010,6,Summer
2010-06-30,23.47361111111111,17.733333333333334,29.78888888888889,23.82314814814815,0.7391666666666667,11.5537625,1013.9366666666666,12.018650000000001,2010,6,Summer
2010-07-01,24.162731481481483,17.788888888888884,30.022222222222226,24.72083333333333,0.7370833333333334,9.514429166666668,1014.6620833333333,11.337083333333332,2010,7,Summer
2010-07-02,23.96712962962963,17.733333333333334,30.011111111111106,24.256712962962965,0.7141666666666667,8.166054166666667,1016.1391666666667,11.365258333333335,2010,7,Summer
2010-07-03,21.78009259259259,16.25,30.0,21.960416666666664,0.7949999999999999,6.279670833333333,1015.50375,9.76465,2010,7,Summer
2010-07-04,20.58101851851852,15.633333333333333,26.11111111111111,20.58101851851852,0.7404166666666666,9.906195833333333,1016.0324999999999,11.352512500000001,2010,7,Summer
2010-07-05,21.034027777777776,14.63888888888889,27.655555555555555,21.228472222222223,0.8204166666666667,4.331570833333333,1014.1862500000001,10.77895,2010,7,Summer
2010-07-06,22.07060185185185,15.538888888888888,27.399999999999995,22.168750000000003,0.7416666666666667,11.049295833333334,1014.1495833333333,10.928545833333333,2010,7,Summer
2010-07-07,17.14537037037037,13.377777777777776,20.04444444444444,17.14537037037037,0.8120833333333333,12.873291666666667,1019.0083333333333,11.803312499999999,2010,7,Summer
2010-07-08,19.570138888888888,13.25,24.916666666666664,19.570138888888888,0.7370833333333334,6.72175,1021.1687499999999,10.976175,2010,7,Summer
2010-07-09,20.940277777777776,12.86111111111111,27.24444444444445,20.954398148148147,0.6983333333333334,8.517570833333334,1021.3641666666667,10.082625,2010,7,Summer
2010-07-10,22.488657407407405,14.333333333333334,28.96111111111111,22.615972222222222,0.7091666666666666,10.399258333333334,1019.7966666666666,10.952695833333332,2010,7,Summer
2010-07-11,24.577314814814812,16.65,31.03888888888889,25.18865740740741,0.7374999999999999,8.5913625,1017.23375,12.243379166666665,2010,7,Summer
2010-07-12,25.88287037037037,18.82222222222222,31.23888888888889,26.777546296296297,0.7179166666666666,7.5508999999999995,1014.0970833333334,11.660425000000002,2010,7,Summer
2010-07-13,26.764814814814816,18.63888888888889,32.77777777777778,27.7787037037037,0.6958333333333333,6.442683333333334,1010.9175,10.568308333333333,2010,7,Summer
2010-07-14,27.433101851851855,21.077777777777776,33.00555555555555,28.543055555555554,0.6879166666666667,7.3382458333333345,1010.75,11.3203125,2010,7,Summer
2010-07-15,27.374074074074073,19.994444444444444,33.88333333333333,28.78657407407407,0.7079166666666666,4.7649291666666675,1012.6445833333333,10.840666666666666,2010,7,Summer
2010-07-16,27.541666666666668,21.216666666666665,33.91111111111112,29.077083333333334,0.7191666666666667,6.160262500000001,1015.9679166666666,10.844020833333333,2010,7,Summer
2010-07-17,28.293055555555558,21.52777777777778,33.794444444444444,30.006712962962965,0.6795833333333333,8.0983,1015.1350000000001,11.27805,2010,7,Summer
2010-07-18,25.670833333333334,20.572222222222223,30.85,26.779861111111114,0.7345833333333333,14.011695833333334,1016.4766666666666,11.724154166666667,2010,7,Summer
2010-07-19,23.076157407407408,17.68888888888889,29.911111111111115,23.732870370370375,0.79,10.263079166666667,1018.3829166666666,11.632249999999999,2010,7,Summer
2010-07-20,24.860648148148147,19.81666666666667,31.016666666666666,25.79212962962963,0.7925,7.1960291666666665,1013.8545833333333,11.2639625,2010,7,Summer
2010-07-21,26.686111111111114,20.04444444444444,32.3111111111111,27.897453703703704,0.7433333333333333,4.82195,1012.32125,10.808466666666668,2010,7,Summer
2010-07-22,27.112037037037037,20.97222222222222,32.89444444444444,28.592592592592595,0.735,4.326875,1012.4079166666667,8.854329166666668,2010,7,Summer
2010-07-23,27.8724537037037,21.094444444444445,33.91111111111112,29.301157407407405,0.6920833333333333,8.0178,1011.3558333333334,9.665366666666667,2010,7,Summer
2010-07-24,21.769907407407405,18.311111111111103,24.88333333333334,21.769907407407405,0.8083333333333332,15.043437500000001,1007.15125,10.977516666666666,2010,7,Summer
2010-07-25,16.832175925925927,14.927777777777775,17.77777777777778,16.832175925925927,0.9116666666666666,14.677162500000001,1007.4245833333333,11.546383333333333,2010,7,Summer
2010-07-26,17.26111111111111,14.511111111111113,21.016666666666666,17.26111111111111,0.8795833333333333,5.4397875,1010.1237500000001,9.246766666666668,2010,7,Summer
2010-07-27,18.23726851851852,14.561111111111112,22.08333333333333,18.23726851851852,0.8675,6.564775000000001,1011.59875,9.3883125,2010,7,Summer
2010-07-28,19.462962962962965,15.133333333333336,24.88333333333334,19.462962962962965,0.8033333333333333,12.082379166666668,1012.9241666666667,11.407520833333335,2010,7,Summer
2010-07-29,22.259259259259256,15.866666666666667,27.794444444444444,22.290972222222223,0.6920833333333333,8.127145833333334,1011.5975,11.176754166666667,2010,7,Summer
2010-07-30,22.580092592592592,17.655555555555555,28.63888888888889,22.67638888888889,0.7195833333333334,13.199316666666668,1011.2458333333334,11.756354166666666,2010,7,Summer
2010-07-31,22.39050925925926,17.183333333333334,28.48333333333333,22.69560185185185,0.7941666666666666,10.2456375,1014.4320833333333,10.946658333333334,2010,7,Summer
2010-08-01,22.708547008547008,17.288888888888888,28.88888888888889,23.30363247863248,0.8065384615384615,9.632134615384617,1015.9530769230769,11.203123076923077,2010,8,Summer
2010-08-02,24.194565217391304,15.955555555555556,31.06666666666667,24.47355072463768,0.7126086956521739,3.1738,1015.1932608695652,10.4594,2010,8,Summer
2010-08-03,25.23726851851852,16.688888888888886,32.22222222222222,26.24212962962963,0.7233333333333333,8.347179166666667,1009.0375,10.607216666666668,2010,8,Summer
2010-08-04,20.78449074074074,17.16111111111111,25.9,20.78449074074074,0.8424999999999999,7.491195833333333,1009.32,10.8413375,2010,8,Summer
2010-08-05,22.557870370370367,16.65,27.28888888888889,22.65092592592592,0.7995833333333334,7.170537500000001,1007.3358333333334,10.1913,2010,8,Summer
2010-08-06,22.063888888888886,16.644444444444446,26.877777777777776,22.152546296296293,0.8645833333333334,7.6475,1008.265,10.799075000000002,2010,8,Summer
2010-08-07,19.70787037037037,15.655555555555557,24.92777777777778,19.70787037037037,0.8574999999999999,6.907570833333334,1014.8808333333333,11.021791666666667,2010,8,Summer
2010-08-08,19.955555555555556,14.133333333333333,24.97222222222222,19.955555555555556,0.8045833333333333,6.864637500000001,1017.8095833333333,9.821,2010,8,Summer
2010-08-09,20.70277777777778,14.494444444444447,27.10555555555556,20.75671296296296,0.7908333333333334,6.882079166666667,1017.1675,10.220816666666666,2010,8,Summer
2010-08-10,21.221064814814813,13.777777777777777,27.77777777777778,21.26412037037037,0.7541666666666668,5.793316666666667,1017.31875,12.072987500000002,2010,8,Summer
2010-08-11,22.278240740740742,13.894444444444442,28.86666666666666,22.269444444444446,0.7195833333333334,5.823504166666667,1016.52625,11.701345833333333,2010,8,Summer
2010-08-12,24.308101851851855,14.694444444444445,31.06666666666667,24.513425925925926,0.7050000000000001,5.388804166666667,1014.515,10.660883333333333,2010,8,Summer
2010-08-13,26.732870370370367,20.472222222222214,32.12777777777777,28.51550925925926,0.6979166666666666,10.2858875,1013.5683333333333,10.40865,2010,8,Summer
2010-08-14,26.284722222222225,19.844444444444445,32.083333333333336,27.706944444444446,0.7654166666666667,7.153766666666667,1015.6983333333333,9.145470833333333,2010,8,Summer
2010-08-15,26.45,20.944444444444443,32.55555555555556,27.63518518518519,0.7183333333333333,12.969891666666667,1014.5970833333334,11.2961625,2010,8,Summer
2010-08-16,24.074305555555554,17.016666666666666,32.59444444444445,24.91898148148148,0.7654166666666667,8.893908333333334,1012.4,11.022462500000001,2010,8,Summer
2010-08-17,20.93935185185185,15.627777777777778,27.016666666666666,20.956481481481482,0.7358333333333333,8.646370833333334,1013.11375,11.708725000000001,2010,8,Summer
2010-08-18,19.88587962962963,14.711111111111109,26.03888888888889,19.88587962962963,0.6975000000000001,4.834695833333334,1013.5158333333334,11.914670833333332,2010,8,Summer
2010-08-19,20.789583333333336,13.06666666666667,27.655555555555555,20.884953703703705,0.7475,5.670554166666666,1016.40625,11.159983333333335,2010,8,Summer
2010-08-20,21.57847222222222,15.13888888888889,27.17222222222222,21.556018518518517,0.6216666666666667,8.150625,1022.9508333333333,11.754341666666667,2010,8,Summer
2010-08-21,21.032175925925923,14.372222222222222,27.75555555555555,20.94236111111111,0.6270833333333333,8.013104166666666,1024.6291666666666,11.900583333333332,2010,8,Summer
2010-08-22,21.025462962962965,12.68888888888889,28.86111111111111,20.869907407407407,0.6758333333333333,5.107725,1020.5916666666667,11.818741666666666,2010,8,Summer
2010-08-23,22.481944444444448,12.805555555555554,30.0,22.318055555555556,0.6475,9.173645833333333,1013.8308333333333,11.878445833333332,2010,8,Summer
2010-08-24,23.722685185185185,15.955555555555556,32.45,24.025462962962962,0.6870833333333333,10.828591666666668,1010.6533333333333,11.563825,2010,8,Summer
2010-08-25,20.058101851851852,14.47222222222222,23.75,20.058101851851852,0.7366666666666667,8.76645,1016.4191666666667,12.287654166666668,2010,8,Summer
2010-08-26,21.10972222222222,12.155555555555557,28.86111111111111,21.170833333333334,0.7041666666666666,6.7640125,1017.1679166666667,11.278720833333333,2010,8,Summer
2010-08-27,24.94212962962963,16.644444444444446,33.81666666666667,25.14884259259259,0.6224999999999999,14.161962500000001,1008.4875000000001,11.820083333333335,2010,8,Summer
2010-08-28,18.242361111111112,15.488888888888887,20.20555555555556,18.242361111111112,0.8966666666666666,9.8552125,1009.3833333333333,12.126654166666667,2010,8,Summer
2010-08-29,16.00671296296296,8.916666666666664,22.08333333333333,16.00671296296296,0.7183333333333333,12.674054166666666,1014.60875,10.880245833333333,2010,8,Summer
2010-08-30,14.801851851851852,7.733333333333334,22.05555555555556,14.801851851851852,0.78125,9.3279375,1009.7158333333333,8.5189125,2010,8,Summer
2010-08-31,12.919907407407408,10.999999999999998,17.40555555555555,12.919907407407408,0.82125,19.778850000000002,1006.2141666666666,11.072104166666668,2010,8,Summer
2010-09-01,14.601157407407408,11.683333333333334,17.194444444444443,14.601157407407408,0.73375,25.2266875,1008.63625,12.4553625,2010,9,Fall
2010-09-02,15.315046296296297,10.516666666666667,20.95,15.315046296296297,0.7366666666666667,16.7299125,1015.6120833333333,12.077683333333333,2010,9,Fall
2010-09-03,15.466898148148148,9.522222222222222,21.966666666666672,15.443287037037038,0.7758333333333334,4.839391666666667,1019.7216666666667,11.264633333333334,2010,9,Fall
2010-09-04,16.86388888888889,7.916666666666667,23.67777777777778,16.86388888888889,0.7374999999999999,5.6812875,1017.8758333333334,10.710524999999999,2010,9,Fall
2010-09-05,14.333101851851852,7.788888888888891,19.78888888888889,14.285185185185185,0.8029166666666666,10.695766666666666,1019.3441666666666,10.955379166666667,2010,9,Fall
2010-09-06,12.003935185185185,7.183333333333334,15.838888888888889,11.886111111111111,0.9175,6.376270833333334,1019.5475,9.639875,2010,9,Fall
2010-09-07,13.34513888888889,7.127777777777776,17.75,13.34513888888889,0.8991666666666666,5.196945833333333,1015.1541666666667,6.317908333333334,2010,9,Fall
2010-09-08,18.124537037037037,12.63888888888889,23.67777777777778,18.124537037037037,0.8904166666666667,8.944220833333334,1011.8325,7.5394958333333335,2010,9,Fall
2010-09-09,19.74050925925926,14.905555555555551,25.577777777777783,19.74050925925926,0.8604166666666666,9.260183333333334,1014.9875000000001,8.740958333333333,2010,9,Fall
2010-09-10,17.676620370370372,17.016666666666666,18.766666666666666,17.676620370370372,0.9883333333333333,6.5064125,1016.57,5.579991666666667,2010,9,Fall
2010-09-11,16.919675925925926,16.038888888888888,18.200000000000003,16.919675925925926,0.9145833333333333,5.685983333333334,1018.7383333333333,8.292170833333333,2010,9,Fall
2010-09-12,16.080324074074074,13.822222222222225,18.916666666666668,16.080324074074074,0.9579166666666667,5.889916666666667,1019.1350000000001,4.62875,2010,9,Fall
2010-09-13,17.725925925925925,12.383333333333333,23.65555555555555,17.725925925925925,0.9116666666666666,5.777887500000001,1018.9283333333333,5.1942625,2010,9,Fall
2010-09-14,18.053472222222222,12.68888888888889,24.75,18.053472222222222,0.8429166666666666,7.304033333333334,1020.4966666666668,7.588466666666666,2010,9,Fall
2010-09-15,17.63101851851852,11.072222222222225,23.83888888888889,17.63101851851852,0.82125,7.239633333333334,1017.1120833333333,8.76645,2010,9,Fall
2010-09-16,19.2,12.755555555555556,25.777777777777786,19.2,0.7745833333333333,8.554466666666666,1013.6116666666667,9.949129166666667,2010,9,Fall
2010-09-17,17.717824074074073,15.27777777777778,20.85555555555556,17.717824074074073,0.89875,7.7622125,1013.32125,9.290370833333334,2010,9,Fall
2010-09-18,14.9,12.755555555555556,17.25,14.9,0.9104166666666668,9.779408333333334,1016.55875,9.1347375,2010,9,Fall
2010-09-19,12.628472222222221,10.488888888888887,13.805555555555555,12.628472222222221,0.9754166666666667,13.556200000000002,1015.2833333333333,6.370904166666667,2010,9,Fall
2010-09-20,12.21712962962963,7.177777777777779,19.81111111111111,12.16712962962963,0.8054166666666666,5.983833333333333,1020.9570833333333,8.500129166666666,2010,9,Fall
2010-09-21,13.110416666666667,4.955555555555557,21.016666666666666,13.096064814814815,0.7770833333333332,3.4708916666666667,1022.8808333333333,8.164041666666668,2010,9,Fall
2010-09-22,14.270601851851852,6.094444444444444,22.194444444444443,14.270601851851852,0.7870833333333334,4.293333333333334,1022.1641666666666,8.168066666666666,2010,9,Fall
2010-09-23,15.986111111111112,7.1000000000000005,23.83888888888889,15.986111111111112,0.7591666666666667,5.534375000000001,1020.9341666666666,7.717937500000001,2010,9,Fall
2010-09-24,17.860185185185184,12.505555555555553,24.827777777777776,17.860185185185184,0.6345833333333334,15.005200000000002,1012.0433333333334,11.041916666666665,2010,9,Fall
2010-09-25,18.220138888888886,12.727777777777776,23.64444444444445,18.220138888888886,0.745,18.386870833333333,1002.9045833333333,11.172729166666665,2010,9,Fall
2010-09-26,16.57037037037037,10.577777777777776,21.89444444444444,16.57037037037037,0.87875,15.463379166666668,1001.6095833333334,10.437495833333333,2010,9,Fall
2010-09-27,13.381481481481481,9.38888888888889,17.73888888888889,13.381481481481481,0.8033333333333333,5.229816666666667,1011.1979166666666,10.450241666666667,2010,9,Fall
2010-09-28,14.383564814814816,8.733333333333333,20.944444444444443,14.354861111111111,0.7879166666666667,9.318545833333333,1012.8658333333333,9.994075,2010,9,Fall
2010-09-29,12.446527777777776,7.899999999999999,17.633333333333336,12.06875,0.7654166666666667,14.19215,1014.7679166666667,11.755683333333332,2010,9,Fall
2010-09-30,11.156712962962963,5.755555555555556,16.683333333333334,10.368518518518519,0.7104166666666667,15.25475,1017.2358333333333,12.104516666666667,2010,9,Fall
2010-10-01,8.80787037037037,2.894444444444445,15.766666666666667,8.508333333333333,0.8016666666666666,5.9248,1019.0933333333334,9.882716666666667,2010,10,Fall
2010-10-02,11.343287037037037,6.761111111111112,13.95,11.261805555555556,0.8075,5.975112500000001,1022.2508333333334,10.942633333333333,2010,10,Fall
2010-10-03,12.113657407407407,7.844444444444444,17.66111111111111,11.72175925925926,0.7304166666666667,7.487841666666667,1022.3658333333333,10.829933333333335,2010,10,Fall
2010-10-04,11.956944444444446,8.883333333333335,15.0,11.5625,0.7645833333333334,17.238404166666665,1019.0725000000001,11.386054166666668,2010,10,Fall
2010-10-05,11.416898148148148,8.983333333333334,13.677777777777775,11.31087962962963,0.8850000000000001,16.616541666666667,1016.5749999999999,8.431033333333334,2010,10,Fall
2010-10-06,12.958564814814814,9.883333333333333,17.194444444444443,12.929166666666667,0.8691666666666666,6.444025,1020.2558333333333,10.2858875,2010,10,Fall
2010-10-07,12.194212962962963,9.011111111111113,16.133333333333333,11.891203703703702,0.775,7.725316666666667,1027.05125,12.1233,2010,10,Fall
2010-10-08,8.269907407407407,3.2166666666666663,12.77777777777778,8.04050925925926,0.8520833333333333,5.137241666666667,1028.8345833333333,8.723516666666667,2010,10,Fall
2010-10-09,7.283333333333334,2.1111111111111094,13.861111111111112,6.423148148148148,0.8058333333333333,9.5332125,1023.0770833333335,7.297995833333332,2010,10,Fall
2010-10-10,8.54513888888889,2.622222222222222,14.949999999999998,7.706250000000001,0.7895833333333333,8.037254166666667,1015.8291666666668,8.938854166666667,2010,10,Fall
2010-10-11,8.675231481481482,2.2222222222222223,16.08888888888889,8.61574074074074,0.8191666666666667,3.3447750000000003,1016.0529166666666,7.5126625,2010,10,Fall
2010-10-12,9.354398148148148,2.133333333333335,17.633333333333336,9.338888888888889,0.8166666666666668,3.8794291666666667,1016.1208333333334,6.9632499999999995,2010,10,Fall
2010-10-13,10.100231481481481,4.766666666666666,17.17222222222222,9.292361111111111,0.7520833333333333,9.260854166666666,1014.6941666666667,8.786575000000001,2010,10,Fall
2010-10-14,8.77662037037037,3.588888888888889,13.983333333333334,7.814120370370371,0.7820833333333334,6.990754166666666,1011.7845833333334,8.985141666666665,2010,10,Fall
2010-10-15,8.01689814814815,2.694444444444445,14.81111111111111,7.301388888888888,0.8216666666666667,7.4321625000000004,1010.6916666666666,5.840275000000001,2010,10,Fall
2010-10-16,8.246527777777779,6.044444444444446,9.9,8.014814814814814,0.9670833333333334,4.2067958333333335,1010.4025,2.2788208333333335,2010,10,Fall
2010-10-17,10.531018518518518,7.561111111111111,12.755555555555556,10.343287037037037,0.9199999999999999,7.077291666666667,1013.5437499999999,3.840520833333333,2010,10,Fall
2010-10-18,11.39675925925926,8.816666666666666,14.66111111111111,10.897916666666667,0.8958333333333334,10.998312499999999,1007.9433333333333,9.309825,2010,10,Fall
2010-10-19,9.847685185185185,7.805555555555554,12.227777777777776,8.527546296296297,0.9316666666666666,14.107625,1001.2575,6.831095833333333,2010,10,Fall
2010-10-20,8.247222222222222,5.977777777777777,10.072222222222225,6.601851851851852,0.9320833333333334,10.589104166666667,1008.5720833333334,6.6674125,2010,10,Fall
2010-10-21,6.119212962962963,0.9999999999999984,12.083333333333334,4.498611111111111,0.7637499999999999,15.091066666666668,1023.915,12.301070833333334,2010,10,Fall
2010-10-22,6.185185185185186,-0.1166666666666671,12.9,4.635648148148148,0.68375,12.099150000000002,1027.2620833333333,11.757695833333335,2010,10,Fall
2010-10-23,8.569675925925926,1.1388888888888873,16.133333333333333,7.068287037037037,0.705,11.37465,1020.4666666666667,11.820083333333335,2010,10,Fall
2010-10-24,11.534259259259258,6.094444444444444,17.105555555555554,10.728703703703703,0.7308333333333333,12.5761125,1014.625,11.1271125,2010,10,Fall
2010-10-25,11.321064814814816,8.672222222222222,15.95,10.61111111111111,0.8183333333333334,11.629566666666667,1010.6525,8.354558333333333,2010,10,Fall
2010-10-26,7.377083333333334,5.922222222222221,10.283333333333331,4.976851851851852,0.9483333333333334,14.716070833333333,1020.7841666666667,8.83085,2010,10,Fall
2010-10-27,4.65,0.3500000000000014,8.922222222222224,2.0284722222222222,0.7895833333333333,13.111437500000001,1027.2920833333333,11.0949125,2010,10,Fall
2010-10-28,2.869444444444445,-1.633333333333334,11.066666666666668,2.0050925925925926,0.8158333333333333,4.222895833333333,1026.9766666666667,7.6475,2010,10,Fall
2010-10-29,4.152083333333334,-2.311111111111112,12.15,3.917361111111111,0.8008333333333333,3.325991666666667,1024.6591666666666,5.831554166666667,2010,10,Fall
2010-10-30,5.14675925925926,-1.183333333333333,12.755555555555556,3.818055555555556,0.7999999999999999,9.211883333333335,1020.0891666666666,6.194475000000001,2010,10,Fall
2010-10-31,7.691203703703704,0.7444444444444464,15.038888888888888,6.139814814814815,0.7062499999999999,10.701804166666667,1018.78875,8.608133333333333,2010,10,Fall
2010-11-01,10.116666666666667,4.661111111111111,17.61111111111111,8.816203703703703,0.69625,12.992700000000001,1017.1345833333334,9.2897,2010,11,Fall
2010-11-02,10.630555555555555,5.866666666666668,18.53888888888889,9.919675925925926,0.7479166666666667,8.088908333333334,1016.2054166666667,8.618866666666667,2010,11,Fall
2010-11-03,9.935185185185185,4.905555555555555,17.31111111111111,9.680787037037037,0.7725,6.2085625,1018.02,6.334008333333333,2010,11,Fall
2010-11-04,10.50949074074074,3.827777777777778,18.86111111111111,9.950925925925926,0.8725,8.779866666666667,1027.3225,4.976241666666667,2010,11,Fall
2010-11-05,12.064814814814815,6.122222222222224,21.06111111111111,11.54074074074074,0.8025000000000001,10.1329375,1024.3133333333333,6.797554166666667,2010,11,Fall
2010-11-06,10.949074074074074,4.888888888888888,19.88333333333334,10.52962962962963,0.8083333333333332,6.272291666666668,1015.96125,8.604108333333334,2010,11,Fall
2010-11-07,10.742824074074074,4.288888888888888,17.727777777777774,10.556018518518519,0.8191666666666667,10.464329166666667,1007.245,6.491654166666667,2010,11,Fall
2010-11-08,13.780555555555557,8.683333333333334,16.016666666666666,13.578703703703704,0.7979166666666667,21.975158333333336,991.1833333333334,10.591116666666666,2010,11,Fall
2010-11-09,11.820833333333333,8.88888888888889,13.699999999999998,11.509722222222223,0.90125,16.513233333333336,989.7958333333332,12.091099999999999,2010,11,Fall
2010-11-10,10.723611111111111,7.827777777777779,12.705555555555556,10.366666666666665,0.96625,9.864604166666668,998.0183333333333,8.626916666666666,2010,11,Fall
2010-11-11,8.085185185185185,2.872222222222223,13.75,7.483333333333334,0.8904166666666667,9.7988625,1011.27875,7.084670833333334,2010,11,Fall
2010-11-12,8.486574074074074,2.755555555555556,14.944444444444445,7.05787037037037,0.8508333333333334,13.765500000000001,1007.665,7.084670833333334,2010,11,Fall
2010-11-13,10.807175925925925,5.138888888888889,18.649999999999995,10.141203703703704,0.7933333333333333,8.985141666666667,1011.65125,10.085308333333334,2010,11,Fall
2010-11-14,10.749537037037037,5.072222222222224,18.911111111111115,10.092592592592593,0.8291666666666666,8.610816666666667,1014.2645833333332,8.200266666666666,2010,11,Fall
2010-11-15,11.202777777777778,5.0,19.02777777777778,10.644675925925926,0.8266666666666667,7.070583333333334,1015.1695833333333,7.52675,2010,11,Fall
2010-11-16,11.418981481481481,4.861111111111111,19.74444444444445,11.307175925925925,0.8525,5.437774999999999,1012.5258333333333,6.735166666666667,2010,11,Fall
2010-11-17,12.911111111111111,9.238888888888887,17.650000000000002,12.847916666666668,0.8395833333333332,11.316287500000001,1008.8254166666667,7.551570833333334,2010,11,Fall
2010-11-18,9.559259259259258,5.516666666666667,12.205555555555556,9.469444444444443,0.9812500000000001,5.169441666666667,1012.7833333333333,2.283516666666667,2010,11,Fall
2010-11-19,9.393055555555556,5.511111111111112,14.744444444444444,8.359722222222222,0.9295833333333333,11.333058333333334,1017.8158333333332,6.566116666666667,2010,11,Fall
2010-11-20,6.805324074074075,4.855555555555557,8.033333333333335,6.035416666666667,0.9920833333333333,5.645733333333333,1019.9791666666666,0.4186,2010,11,Fall
2010-11-21,9.385185185185184,6.061111111111109,12.505555555555553,8.340509259259258,0.9054166666666666,12.327233333333334,1013.1525,8.429691666666667,2010,11,Fall
2010-11-22,9.413194444444445,7.966666666666669,10.994444444444444,6.828009259259258,0.9175,24.4619375,1000.54,11.700004166666666,2010,11,Fall
2010-11-23,6.657407407407407,4.155555555555554,8.866666666666667,4.419212962962963,0.86,12.851154166666667,998.7266666666666,10.460975,2010,11,Fall
2010-11-24,4.0442129629629635,1.161111111111113,7.755555555555556,0.9314814814814817,0.7841666666666667,13.565591666666668,1005.58625,11.995841666666665,2010,11,Fall
2010-11-25,3.06875,-1.7499999999999991,7.827777777777779,1.6583333333333332,0.8604166666666666,6.9209875,1008.75375,7.960108333333333,2010,11,Fall
2010-11-26,3.8856481481481477,2.127777777777777,4.994444444444445,1.1599537037037033,0.9366666666666666,12.755895833333334,1002.0300000000001,7.870216666666667,2010,11,Fall
2010-11-27,1.7578703703703706,-1.6666666666666667,4.772222222222224,-2.244444444444445,0.8725,18.591475,1007.4408333333334,10.420725000000001,2010,11,Fall
2010-11-28,2.777777777777778,-1.2277777777777783,5.411111111111112,-0.6796296296296297,0.9045833333333334,14.153241666666666,1007.755,8.337787500000001,2010,11,Fall
2010-11-29,4.964814814814814,0.1444444444444433,8.744444444444447,2.5604166666666663,0.915,13.299270833333333,1001.0995833333333,8.594045833333334,2010,11,Fall
2010-11-30,1.883101851851852,0.2777777777777778,2.855555555555556,0.36574074074074087,0.8354166666666667,6.894825,1014.3270833333332,9.028075,2010,11,Fall
2010-12-01,1.2756944444444445,-1.183333333333333,4.605555555555555,-2.742361111111111,0.96375,15.061550000000002,1004.375,4.579108333333333,2010,12,Winter
2010-12-02,2.826157407407407,1.5722222222222213,3.911111111111111,0.5458333333333331,0.995,9.818316666666666,1009.3929166666667,3.449425,2010,12,Winter
2010-12-03,3.3067129629629624,1.0611111111111091,6.944444444444445,0.4104166666666666,0.9808333333333333,11.8496,1009.0908333333333,5.1258375,2010,12,Winter
2010-12-04,-0.4083333333333332,-2.3888888888888893,1.4388888888888909,-4.933796296296296,0.9041666666666667,15.422458333333333,1018.8033333333333,6.410483333333334,2010,12,Winter
2010-12-05,-1.3868055555555554,-5.161111111111111,1.2333333333333327,-5.049537037037037,0.8779166666666667,11.782516666666668,1021.4854166666668,7.189991666666667,2010,12,Winter
2010-12-06,4.344907407407407,-0.0944444444444453,7.15,0.154861111111111,0.8841666666666667,21.57534166666667,1010.6154166666666,9.197125,2010,12,Winter
2010-12-07,9.287731481481481,6.683333333333334,12.377777777777778,7.697685185185185,0.9145833333333333,15.712929166666667,1007.7541666666666,9.614383333333334,2010,12,Winter
2010-12-08,11.426851851851852,8.961111111111112,12.82777777777778,11.068981481481481,0.8937499999999999,12.639170833333333,1008.1133333333333,9.792825,2010,12,Winter
2010-12-09,6.27337962962963,0.4666666666666685,12.733333333333334,2.744444444444444,0.8216666666666667,25.917645833333335,1008.7808333333334,12.044141666666667,2010,12,Winter
2010-12-10,0.014351851851851893,-2.244444444444444,2.244444444444444,-6.118055555555556,0.72125,27.6618125,1018.7683333333333,12.4312125,2010,12,Winter
2010-12-11,-2.3506944444444446,-6.061111111111111,-0.1999999999999996,-6.606944444444444,0.8991666666666666,12.88,1017.7545833333334,7.290616666666668,2010,12,Winter
2010-12-12,1.2030092592592594,-2.333333333333333,2.8888888888888906,-2.5914351851851856,0.9008333333333334,13.851366666666665,1004.9170833333333,10.320770833333333,2010,12,Winter
2010-12-13,-0.2648148148148148,-2.338888888888889,1.1277777777777784,-4.8805555555555555,0.8366666666666668,16.984829166666668,1000.2383333333332,10.929216666666667,2010,12,Winter
2010-12-14,-3.392361111111111,-4.005555555555556,-2.7999999999999994,-8.371064814814815,0.8833333333333333,14.191479166666667,1016.0995833333333,7.6012125,2010,12,Winter
2010-12-15,-3.3030092592592593,-4.955555555555557,-2.2222222222222223,-6.000231481481482,0.9429166666666666,8.178129166666666,1018.5204166666667,6.326629166666667,2010,12,Winter
2010-12-16,-6.639814814814815,-8.616666666666667,-4.566666666666666,-10.922685185185186,0.9570833333333333,9.317204166666667,1015.6220833333333,3.2005458333333334,2010,12,Winter
2010-12-17,-7.814814814814814,-9.9,-5.161111111111111,-11.129629629629628,0.9429166666666666,7.716595833333334,1006.4166666666666,3.7056833333333334,2010,12,Winter
2010-12-18,-7.524305555555556,-13.194444444444445,-5.0,-13.36064814814815,0.9316666666666666,14.594650000000001,1003.9095833333334,4.045125,2010,12,Winter
2010-12-19,-8.014120370370371,-15.483333333333333,-2.383333333333333,-13.964583333333332,0.8941666666666667,15.296341666666669,1014.5741666666667,5.35325,2010,12,Winter
2010-12-20,0.48935185185185187,-6.194444444444444,3.938888888888891,-3.8831018518518516,0.8795833333333333,16.686308333333333,1010.6958333333333,9.229995833333334,2010,12,Winter
2010-12-21,2.4136574074074075,1.0166666666666655,3.800000000000002,1.057175925925926,0.9495833333333333,6.2367375,1014.44625,4.025670833333334,2010,12,Winter
2010-12-22,5.966203703703704,1.7388888888888905,8.638888888888888,3.5571759259259266,0.9491666666666667,11.905279166666666,1012.5475,5.6692125,2010,12,Winter
2010-12-23,9.786111111111111,6.027777777777779,13.72777777777778,8.662731481481481,0.8745833333333333,14.917991666666667,1007.8795833333334,10.153062499999999,2010,12,Winter
2010-12-24,11.065740740740742,8.883333333333335,12.888888888888893,10.723842592592595,0.8158333333333333,19.25090416666667,999.0170833333333,10.051766666666667,2010,12,Winter
2010-12-25,3.8412037037037035,-0.5777777777777773,9.255555555555553,-0.3474537037037034,0.9466666666666667,20.560370833333334,1001.8529166666667,4.6012458333333335,2010,12,Winter
2010-12-26,-2.438425925925926,-3.4611111111111112,-1.0888888888888897,-7.930092592592593,0.96,18.296308333333332,1017.5866666666666,5.535716666666667,2010,12,Winter
2010-12-27,-5.95324074074074,-13.5,-3.844444444444445,-9.256481481481481,0.9554166666666667,9.523820833333334,1024.07125,2.404266666666667,2010,12,Winter
2010-12-28,-8.900694444444445,-14.955555555555556,-4.755555555555556,-11.376388888888888,0.9520833333333334,7.095404166666667,1024.8095833333334,2.934225,2010,12,Winter
2010-12-29,-7.640277777777778,-9.866666666666664,-5.905555555555555,-9.085416666666665,0.9583333333333334,4.697845833333333,1028.1025,4.0954375,2010,12,Winter
2010-12-30,-7.7726851851851855,-8.383333333333333,-7.133333333333334,-7.8805555555555555,0.9670833333333334,3.2059125,1029.3708333333334,1.0954708333333334,2010,12,Winter
2010-12-31,-7.886342592592592,-8.91111111111111,-7.105555555555555,-8.256481481481481,0.9674999999999999,2.9281875,1026.9420833333334,2.0010958333333337,2010,12,Winter
2011-01-01,-5.585648148148149,-7.1000000000000005,-3.7944444444444434,-8.807175925925925,0.9679166666666666,8.577945833333333,1021.46875,1.4255208333333336,2011,1,Winter
2011-01-02,-3.5976851851851848,-6.322222222222221,-2.0388888888888896,-3.9344907407407406,0.9891666666666666,3.609754166666667,1018.7458333333334,1.2826333333333333,2011,1,Winter
2011-01-03,-4.202777777777778,-7.894444444444446,-2.6444444444444453,-4.6625000000000005,0.9754166666666667,3.4192375,1022.625,4.2524125,2011,1,Winter
2011-01-04,-3.746759259259259,-5.022222222222222,-2.755555555555556,-6.200231481481481,0.9129166666666667,6.876041666666667,1026.30625,10.1691625,2011,1,Winter
2011-01-05,-6.3872685185185185,-8.733333333333333,-2.827777777777777,-9.449305555555556,0.9183333333333333,7.491866666666667,1025.31,5.3190375,2011,1,Winter
2011-01-06,-1.364351851851852,-7.23888888888889,1.1111111111111112,-6.584027777777778,0.8666666666666667,19.476975,1022.7170833333333,9.190416666666668,2011,1,Winter
2011-01-07,1.9710648148148147,1.1555555555555546,2.8888888888888906,-2.1217592592592593,0.8908333333333333,16.3415,1022.3054166666667,9.633166666666666,2011,1,Winter
2011-01-08,5.848611111111111,2.2888888888888874,10.050000000000002,3.3745370370370367,0.8875000000000001,12.217887500000002,1020.6308333333333,10.607216666666668,2011,1,Winter
2011-01-09,6.899768518518518,1.977777777777779,12.838888888888889,5.24212962962963,0.8849999999999999,10.8252375,1020.6566666666666,9.683479166666666,2011,1,Winter
2011-01-10,4.669907407407408,1.1277777777777784,10.838888888888889,2.7782407407407406,0.9383333333333334,8.3337625,1021.4691666666666,4.871591666666666,2011,1,Winter
2011-01-11,4.398611111111111,1.183333333333335,7.688888888888891,2.025694444444445,0.94125,10.822554166666668,1017.1370833333334,7.458325000000001,2011,1,Winter
2011-01-12,3.821296296296296,0.5666666666666684,7.266666666666666,2.2678240740740745,0.9491666666666667,7.479120833333334,1018.6,7.203408333333333,2011,1,Winter
2011-01-13,2.564351851851852,-0.4222222222222231,4.977777777777778,0.35300925925925936,0.9891666666666666,9.0482,1017.1425,2.5323958333333336,2011,1,Winter
2011-01-14,7.437962962962963,3.9611111111111126,12.194444444444446,6.530092592592593,0.9354166666666667,8.783220833333333,1017.2458333333334,6.984045833333333,2011,1,Winter
2011-01-15,7.254861111111111,2.322222222222222,12.07777777777778,5.428703703703704,0.8304166666666667,18.333875000000003,1020.5425,10.253016666666666,2011,1,Winter
2011-01-16,4.985648148148148,0.4888888888888903,10.044444444444444,4.025925925925926,0.87,5.5645625,1029.5745833333333,8.054695833333334,2011,1,Winter
2011-01-17,4.255092592592592,-0.8388888888888898,11.155555555555557,2.8030092592592593,0.915,8.131841666666666,1027.9804166666665,5.441129166666666,2011,1,Winter
2011-01-18,1.9583333333333337,-0.0111111111111108,3.205555555555557,0.09282407407407389,0.9945833333333334,7.072595833333334,1025.7795833333332,2.1070875,2011,1,Winter
2011-01-19,3.2946759259259264,2.6055555555555543,3.844444444444445,2.4798611111111115,0.96375,4.819937500000001,1022.8316666666666,4.815241666666667,2011,1,Winter
2011-01-20,2.076157407407408,1.183333333333335,2.805555555555554,-0.5564814814814812,0.96,10.227525,1020.2295833333333,6.397066666666667,2011,1,Winter
2011-01-21,1.312962962962963,0.0722222222222236,2.2666666666666657,-3.784490740740741,0.7945833333333333,21.973145833333334,1024.0629166666665,9.3923375,2011,1,Winter
2011-01-22,-0.0884259259259257,-1.2055555555555566,1.161111111111113,-5.2375,0.8475,19.511858333333333,1024.30875,8.496104166666667,2011,1,Winter
2011-01-23,-1.4199074074074074,-2.9166666666666665,1.1388888888888873,-5.4571759259259265,0.8329166666666666,13.042341666666667,1019.35875,8.9254375,2011,1,Winter
2011-01-24,-1.9479166666666667,-7.611111111111111,1.1166666666666656,-4.883101851851852,0.89,9.214566666666668,1019.4945833333333,7.913150000000001,2011,1,Winter
2011-01-25,-4.642592592592592,-8.377777777777776,-0.0222222222222217,-7.730555555555555,0.9341666666666666,9.607675,1018.1041666666666,4.406033333333333,2011,1,Winter
2011-01-26,-2.9224537037037037,-5.349999999999999,-0.994444444444444,-6.553703703703704,0.9225,10.5394625,1012.6550000000001,5.017833333333333,2011,1,Winter
2011-01-27,-1.4937500000000001,-2.283333333333333,0.9722222222222222,-4.858101851851852,0.9408333333333334,10.780962500000001,1018.2824999999999,4.277904166666667,2011,1,Winter
2011-01-28,-3.627777777777778,-6.911111111111111,0.1111111111111126,-6.802314814814815,0.9225,9.0180125,1025.2741666666668,4.330229166666666,2011,1,Winter
2011-01-29,-5.73587962962963,-7.638888888888889,-2.366666666666668,-6.006944444444444,0.9766666666666667,2.913429166666667,1026.5966666666666,1.2410416666666666,2011,1,Winter
2011-01-30,-6.002777777777777,-8.38888888888889,-3.711111111111111,-6.342361111111111,0.9700000000000001,3.1737125,1023.9975000000001,0.4930625,2011,1,Winter
2011-01-31,-4.882175925925925,-6.050000000000001,-3.872222222222222,-5.220833333333333,0.9704166666666666,3.1421833333333336,1027.6066666666668,2.6162500000000004,2011,1,Winter
2011-02-01,-5.650231481481481,-6.622222222222224,-4.977777777777778,-6.737037037037037,0.965,4.522758333333333,1029.7945833333333,4.03305,2011,2,Winter
2011-02-02,-5.675,-7.105555555555555,-4.594444444444444,-7.77662037037037,0.9116666666666666,5.625608333333333,1029.9241666666667,5.384108333333334,2011,2,Winter
2011-02-03,-3.562962962962963,-4.994444444444444,-2.683333333333332,-4.5881944444444445,0.8945833333333333,4.331570833333333,1030.3804166666666,5.2318291666666665,2011,2,Winter
2011-02-04,-1.6578703703703705,-3.2722222222222226,0.1611111111111106,-4.837037037037037,0.9237500000000001,9.649266666666668,1030.9845833333334,3.774108333333334,2011,2,Winter
2011-02-05,-0.26249999999999984,-3.7944444444444434,6.438888888888891,-4.13287037037037,0.91,12.617704166666668,1026.1758333333335,3.6479916666666665,2011,2,Winter
2011-02-06,4.415972222222222,-2.0444444444444443,12.77777777777778,2.557175925925926,0.8008333333333333,12.354066666666666,1025.68375,9.218591666666667,2011,2,Winter
2011-02-07,3.778703703703704,-1.6222222222222231,12.449999999999998,1.945138888888889,0.8520833333333333,8.432375,1024.3495833333334,6.604354166666667,2011,2,Winter
2011-02-08,4.267592592592592,-2.261111111111111,12.238888888888887,2.3400462962962956,0.8070833333333334,10.894333333333334,1020.1608333333334,6.7734041666666664,2011,2,Winter
2011-02-09,2.9606481481481484,-1.1000000000000003,9.949999999999998,0.9601851851851849,0.7816666666666667,9.333304166666666,1023.665,11.0264875,2011,2,Winter
2011-02-10,-1.3921296296296293,-3.405555555555555,4.027777777777778,-3.280324074074074,0.9641666666666667,6.267595833333334,1025.51125,3.018079166666667,2011,2,Winter
2011-02-11,2.0814814814814815,-3.861111111111111,6.500000000000002,-0.5187499999999995,0.9266666666666666,9.682808333333334,1016.5308333333334,4.426829166666667,2011,2,Winter
2011-02-12,3.8763888888888887,-4.005555555555556,7.222222222222222,0.8490740740740739,0.7145833333333332,18.250020833333334,1015.7241666666667,10.232891666666667,2011,2,Winter
2011-02-13,-0.5965277777777772,-4.9833333333333325,1.2055555555555566,-1.937962962962963,0.77,5.726904166666667,1019.8241666666667,10.973491666666666,2011,2,Winter
2011-02-14,0.48634259259259255,-0.8944444444444442,2.244444444444444,-3.1178240740740737,0.7258333333333334,12.025358333333335,1015.9583333333334,12.015966666666666,2011,2,Winter
2011-02-15,-0.1828703703703705,-2.783333333333334,2.105555555555555,-3.981018518518519,0.73875,12.178308333333334,1013.2329166666667,10.669604166666666,2011,2,Winter
2011-02-16,1.6620370370370374,-0.1222222222222216,5.044444444444443,-3.4819444444444447,0.7504166666666667,23.15448333333333,1010.75875,10.900370833333334,2011,2,Winter
2011-02-17,1.9847222222222225,0.5111111111111121,4.905555555555555,-1.8215277777777776,0.9095833333333334,14.695275,1009.3395833333334,7.428137500000001,2011,2,Winter
2011-02-18,5.00462962962963,0.4666666666666685,8.77222222222222,2.968287037037037,0.85,9.401058333333333,1010.8445833333334,8.865733333333333,2011,2,Winter
2011-02-19,5.263888888888888,3.150000000000001,8.638888888888888,2.3613425925925933,0.8645833333333334,13.436791666666666,1011.9204166666667,5.582675000000001,2011,2,Winter
2011-02-20,2.3245370370370373,0.5999999999999991,4.027777777777778,0.613888888888889,0.8708333333333332,6.8015791666666665,1013.6112499999999,6.2635708333333335,2011,2,Winter
2011-02-21,-0.46319444444444463,-2.4555555555555566,0.994444444444444,-4.659490740740741,0.8716666666666667,14.646304166666667,1016.5541666666667,5.782583333333334,2011,2,Winter
2011-02-22,-1.927314814814815,-4.016666666666668,1.0888888888888897,-5.988194444444445,0.7545833333333333,11.752329166666668,1016.2333333333332,8.211670833333335,2011,2,Winter
2011-02-23,-1.9817129629629628,-3.888888888888889,-0.0222222222222217,-5.726851851851851,0.8270833333333334,10.862133333333333,1022.6954166666666,5.5363875,2011,2,Winter
2011-02-24,-3.3245370370370364,-4.027777777777778,-2.76111111111111,-7.8032407407407405,0.9633333333333334,12.553304166666665,1027.55125,1.7273958333333335,2011,2,Winter
2011-02-25,-3.8807870370370368,-5.022222222222222,-2.7999999999999994,-8.558564814814815,0.9691666666666667,12.5197625,1027.5841666666668,2.5498375,2011,2,Winter
2011-02-26,-3.3379629629629632,-8.25,2.7111111111111126,-5.681712962962963,0.8291666666666666,6.67345,1026.2904166666667,6.193133333333333,2011,2,Winter
2011-02-27,-5.043981481481481,-11.7,2.177777777777779,-5.496990740740741,0.8920833333333333,3.3689250000000004,1021.2408333333333,2.9416041666666666,2011,2,Winter
2011-02-28,-3.600462962962963,-10.616666666666667,1.161111111111113,-4.254166666666666,0.8766666666666666,3.790879166666667,1026.9966666666667,6.380966666666667,2011,2,Winter
2011-03-01,-2.264583333333333,-6.905555555555555,0.1444444444444433,-3.660416666666667,0.9,4.8320125,1032.32875,5.567245833333334,2011,3,Spring
2011-03-02,-2.484027777777778,-6.466666666666667,-0.8333333333333334,-4.562268518518518,0.9562499999999999,6.658691666666667,1033.4975,2.482083333333333,2011,3,Spring
2011-03-03,0.19629629629629633,-1.6666666666666667,2.627777777777776,-0.958564814814815,0.9445833333333334,5.25665,1033.9825,3.9948125,2011,3,Spring
2011-03-04,-0.580787037037037,-5.827777777777777,2.8500000000000014,-1.3835648148148147,0.88375,4.521416666666667,1033.5674999999999,6.65735,2011,3,Spring
2011-03-05,-1.4155092592592593,-7.905555555555556,2.3888888888888875,-2.884027777777778,0.8745833333333333,5.8838791666666665,1023.91375,5.8141125,2011,3,Spring
2011-03-06,-0.5236111111111111,-4.766666666666666,2.994444444444445,-3.7729166666666667,0.8904166666666667,11.950895833333334,1020.0954166666667,5.267383333333334,2011,3,Spring
2011-03-07,-1.4305555555555556,-6.972222222222222,2.2888888888888874,-6.635416666666667,0.7245833333333334,19.928445833333335,1026.0625,9.959191666666667,2011,3,Spring
2011-03-08,-2.200462962962963,-7.25,2.894444444444445,-4.6446759259259265,0.71625,7.7259875,1015.1716666666666,11.371295833333333,2011,3,Spring
2011-03-09,-2.2405092592592593,-8.816666666666668,2.994444444444445,-3.1905092592592594,0.77875,5.032591666666667,1027.0033333333333,9.802216666666666,2011,3,Spring
2011-03-10,0.9479166666666671,-6.599999999999999,6.300000000000002,-0.5800925925925925,0.7566666666666667,6.676804166666667,1022.8095833333333,8.9898375,2011,3,Spring
2011-03-11,5.795601851851852,-0.1555555555555562,15.072222222222225,4.620833333333333,0.7475,7.2268875,1021.2654166666666,8.062075,2011,3,Spring
2011-03-12,7.946296296296296,0.9222222222222204,16.20555555555556,6.545370370370371,0.7333333333333334,10.717233333333334,1021.3804166666667,7.183954166666666,2011,3,Spring
2011-03-13,10.084490740740742,2.688888888888891,17.77777777777778,8.956712962962962,0.6733333333333333,11.035208333333335,1018.3325,10.966783333333334,2011,3,Spring
2011-03-14,11.697453703703703,6.77777777777778,17.916666666666668,11.29050925925926,0.7458333333333332,11.280733333333332,1020.4125,11.934125,2011,3,Spring
2011-03-15,13.149768518518519,7.127777777777776,18.883333333333333,12.816203703703705,0.75875,5.91675,1020.17625,11.793920833333333,2011,3,Spring
2011-03-16,13.024537037037037,7.066666666666666,17.200000000000003,12.646296296296297,0.7704166666666666,13.699758333333333,1015.2304166666667,8.989166666666668,2011,3,Spring
2011-03-17,12.784953703703705,8.38888888888889,17.061111111111114,12.473148148148148,0.8083333333333332,23.90715833333333,1006.2879166666667,10.895674999999999,2011,3,Spring
2011-03-18,8.122453703703703,4.977777777777778,13.544444444444444,6.09375,0.8516666666666667,15.025995833333333,1013.7804166666666,11.0466125,2011,3,Spring
2011-03-19,3.9990740740740747,2.7777777777777777,5.0,0.8069444444444444,0.9229166666666666,14.423587500000002,1019.6558333333332,7.8588125,2011,3,Spring
2011-03-20,2.978472222222223,2.1499999999999986,3.916666666666665,-1.3027777777777778,0.9491666666666667,19.1127125,1027.4291666666666,9.2112125,2011,3,Spring
2011-03-21,4.836574074074074,2.177777777777779,8.93888888888889,2.5296296296296297,0.8424999999999999,11.080824999999999,1031.0270833333334,10.041033333333333,2011,3,Spring
2011-03-22,7.067361111111111,-0.2277777777777778,13.91111111111111,7.017592592592592,0.7058333333333334,4.573741666666667,1034.3799999999999,7.662929166666667,2011,3,Spring
2011-03-23,9.52662037037037,3.572222222222222,16.08888888888889,9.12800925925926,0.6508333333333333,6.0375000000000005,1031.1770833333333,9.360808333333333,2011,3,Spring
2011-03-24,10.259953703703703,2.2888888888888874,17.305555555555557,9.78425925925926,0.5620833333333334,10.752116666666668,1029.06375,10.92385,2011,3,Spring
2011-03-25,12.169444444444444,3.9000000000000017,20.11111111111111,11.614583333333334,0.5820833333333334,10.103420833333333,1018.65375,11.731533333333333,2011,3,Spring
2011-03-26,12.795833333333334,4.21111111111111,21.06111111111111,12.272222222222224,0.6416666666666667,13.5300375,1012.0275,10.9097625,2011,3,Spring
2011-03-27,8.648148148148149,7.194444444444446,11.016666666666666,7.480092592592592,0.8020833333333334,8.503483333333334,1017.2533333333334,9.472166666666668,2011,3,Spring
2011-03-28,9.210648148148147,6.016666666666666,11.9,8.70486111111111,0.9058333333333334,7.0229541666666675,1014.09125,6.744558333333334,2011,3,Spring
2011-03-29,9.225694444444445,2.5444444444444434,15.083333333333334,9.04513888888889,0.7829166666666666,6.7841375,1016.6662499999999,7.160474999999999,2011,3,Spring
2011-03-30,10.14189814814815,2.105555555555555,17.22222222222222,10.00625,0.7245833333333334,3.3903916666666665,1018.9279166666666,7.7689208333333335,2011,3,Spring
2011-03-31,12.026157407407409,5.677777777777777,18.98333333333333,12.026157407407409,0.6845833333333333,2.7866416666666667,1022.0212499999999,9.207858333333332,2011,3,Spring
2011-04-01,12.304398148148147,4.938888888888889,17.77777777777778,12.29050925925926,0.73625,4.623383333333334,1022.9666666666667,8.449816666666667,2011,4,Spring
2011-04-02,13.475694444444445,6.722222222222223,20.022222222222226,13.181944444444445,0.7170833333333334,7.736720833333333,1020.0866666666667,10.020908333333333,2011,4,Spring
2011-04-03,13.590740740740742,8.011111111111113,19.92777777777778,13.354398148148148,0.6266666666666666,7.766908333333333,1016.1262499999999,11.844904166666666,2011,4,Spring
2011-04-04,14.24074074074074,4.749999999999998,21.20555555555556,14.24074074074074,0.6129166666666667,8.125133333333332,1014.7108333333334,11.792579166666668,2011,4,Spring
2011-04-05,10.461805555555555,7.566666666666666,13.961111111111112,9.31412037037037,0.7775,16.117441666666668,1021.9045833333333,11.828804166666666,2011,4,Spring
2011-04-06,12.548842592592592,4.7111111111111095,18.7,12.125694444444443,0.6608333333333333,10.248991666666667,1024.655,10.375779166666666,2011,4,Spring
2011-04-07,17.969212962962963,11.22777777777778,23.911111111111115,17.969212962962963,0.66375,14.175379166666668,1017.2304166666667,11.880458333333332,2011,4,Spring
2011-04-08,14.380092592592591,10.094444444444443,18.83888888888889,14.380092592592591,0.43083333333333335,30.314287500000002,1012.0658333333334,12.168245833333332,2011,4,Spring
2011-04-09,13.656018518518517,4.788888888888888,17.17222222222222,13.553703703703704,0.4220833333333333,28.610370833333334,1011.5220833333333,12.052862500000002,2011,4,Spring
2011-04-10,10.469212962962962,2.816666666666667,16.06111111111111,9.768287037037036,0.46166666666666667,17.644258333333337,1016.6175,12.06695,2011,4,Spring
2011-04-11,10.297916666666667,5.52777777777778,15.066666666666666,9.793055555555556,0.515,8.050670833333333,1018.4529166666666,11.987791666666666,2011,4,Spring
2011-04-12,14.846064814814815,8.32222222222222,22.10555555555556,14.642592592592592,0.5933333333333334,24.291545833333334,1001.8154166666667,11.435695833333334,2011,4,Spring
2011-04-13,9.203935185185186,4.994444444444445,12.8,6.9185185185185185,0.5558333333333333,26.762895833333335,1002.3991666666666,11.7348875,2011,4,Spring
2011-04-14,7.14074074074074,2.449999999999998,10.977777777777776,4.967129629629629,0.7987500000000001,16.656791666666667,1011.0483333333333,9.982000000000001,2011,4,Spring
2011-04-15,8.62013888888889,3.4999999999999982,11.183333333333334,7.406712962962963,0.7833333333333333,10.844691666666668,1015.0749999999999,10.1248875,2011,4,Spring
2011-04-16,10.378703703703705,4.655555555555557,14.949999999999998,9.634953703703703,0.5645833333333333,12.4593875,1020.2883333333333,11.378004166666665,2011,4,Spring
2011-04-17,10.881018518518518,2.188888888888888,17.12222222222222,10.739583333333334,0.6129166666666667,5.1016875,1023.2245833333333,11.564495833333332,2011,4,Spring
2011-04-18,12.059259259259258,3.755555555555554,18.77777777777778,11.588657407407409,0.57375,7.206091666666667,1021.0616666666666,11.6704875,2011,4,Spring
2011-04-19,13.50925925925926,5.566666666666668,20.0,13.107407407407408,0.5820833333333334,12.931654166666668,1016.5541666666667,11.844904166666666,2011,4,Spring
2011-04-20,14.380555555555555,7.494444444444446,21.21111111111112,14.030324074074073,0.5425,9.150166666666667,1018.1408333333334,11.6221875,2011,4,Spring
2011-04-21,15.574768518518518,4.800000000000001,23.79444444444444,15.574768518518518,0.57375,7.153095833333334,1018.315,10.554220833333334,2011,4,Spring
2011-04-22,17.505092592592593,10.583333333333332,23.98333333333333,17.505092592592593,0.45083333333333336,11.5940125,1015.1387500000001,11.8979,2011,4,Spring
2011-04-23,16.01666666666667,9.41111111111111,22.96111111111111,15.792361111111113,0.4766666666666666,15.872587500000002,1016.09375,12.022675,2011,4,Spring
2011-04-24,14.975694444444445,8.916666666666664,18.96111111111111,14.644675925925926,0.4770833333333333,15.853133333333334,1016.7941666666667,12.335283333333335,2011,4,Spring
2011-04-25,17.040277777777778,12.505555555555553,22.72777777777777,17.040277777777778,0.44333333333333336,14.8824375,1016.78875,11.898570833333332,2011,4,Spring
2011-04-26,15.498842592592593,9.261111111111113,21.15555555555555,15.470833333333333,0.49499999999999994,8.164041666666668,1015.3158333333332,11.898570833333332,2011,4,Spring
2011-04-27,15.931018518518519,7.822222222222221,21.18333333333333,15.931018518518519,0.5183333333333333,7.388558333333333,1013.86625,11.924733333333334,2011,4,Spring
2011-04-28,14.119907407407409,11.627777777777778,17.37777777777778,14.119907407407409,0.6691666666666666,6.508425,1012.9787500000001,11.852954166666665,2011,4,Spring
2011-04-29,14.498842592592593,9.461111111111112,20.96111111111112,14.498842592592593,0.7362500000000001,5.5967625000000005,1011.05125,10.97215,2011,4,Spring
2011-04-30,15.784490740740742,8.472222222222221,22.22222222222222,15.784490740740742,0.6766666666666666,8.673875,1007.96,10.837312500000001,2011,4,Spring
2011-05-01,13.137731481481481,12.566666666666666,13.961111111111112,13.137731481481481,0.9283333333333333,9.539920833333333,1004.7916666666666,7.201395833333334,2011,5,Spring
2011-05-02,14.02361111111111,10.455555555555556,17.983333333333334,14.02361111111111,0.7991666666666667,9.635179166666667,1008.2145833333334,11.32635,2011,5,Spring
2011-05-03,13.710416666666667,7.822222222222221,19.02777777777778,13.08587962962963,0.7866666666666666,17.33030833333333,1005.9166666666666,11.614808333333334,2011,5,Spring
2011-05-04,9.370833333333334,4.977777777777778,13.794444444444444,7.67175925925926,0.7279166666666667,16.7943125,1014.6604166666666,12.552633333333333,2011,5,Spring
2011-05-05,10.186805555555555,3.355555555555555,16.08888888888889,9.310416666666667,0.5479166666666667,12.959829166666667,1022.8670833333334,11.6221875,2011,5,Spring
2011-05-06,10.940277777777778,3.022222222222221,17.22222222222222,10.539583333333333,0.5158333333333333,6.733825,1027.9424999999999,11.865699999999999,2011,5,Spring
2011-05-07,12.925694444444446,3.2222222222222205,22.15,12.79351851851852,0.5654166666666667,13.760133333333334,1021.6120833333333,11.915341666666668,2011,5,Spring
2011-05-08,8.687037037037037,7.15,11.02777777777778,7.562268518518519,0.8945833333333333,9.0300875,1021.6591666666667,11.027829166666669,2011,5,Spring
2011-05-09,13.320370370370371,7.177777777777779,19.95555555555556,12.874305555555557,0.7291666666666666,13.6105375,1025.3291666666667,11.990474999999998,2011,5,Spring
2011-05-10,17.21087962962963,8.361111111111109,24.88333333333334,17.005555555555556,0.6958333333333333,12.982637500000001,1023.7533333333334,12.185016666666668,2011,5,Spring
2011-05-11,17.46064814814815,11.43888888888889,23.83888888888889,17.46064814814815,0.5783333333333334,12.107870833333335,1018.7504166666666,11.926745833333333,2011,5,Spring
2011-05-12,17.302546296296295,8.305555555555557,24.994444444444444,17.208564814814817,0.5670833333333333,7.239633333333334,1015.6045833333333,11.913329166666665,2011,5,Spring
2011-05-13,16.36712962962963,9.038888888888891,24.86111111111111,16.29398148148148,0.6575,12.166904166666667,1017.9491666666667,12.121287500000001,2011,5,Spring
2011-05-14,18.025694444444444,8.055555555555555,25.0,17.99398148148148,0.5658333333333333,7.523395833333333,1016.7950000000001,11.8717375,2011,5,Spring
2011-05-15,16.41736111111111,10.02222222222222,23.41111111111111,16.41736111111111,0.715,15.733054166666667,1011.9429166666667,10.343579166666666,2011,5,Spring
2011-05-16,11.535416666666668,9.372222222222222,13.866666666666667,10.68773148148148,0.8745833333333333,16.469629166666667,1017.3733333333333,10.812491666666666,2011,5,Spring
2011-05-17,15.088194444444445,12.055555555555555,20.05,15.088194444444445,0.7445833333333334,10.4267625,1020.6091666666666,11.622858333333333,2011,5,Spring
2011-05-18,18.55185185185185,12.2,23.93333333333333,18.55185185185185,0.7433333333333333,6.8512208333333335,1020.7933333333334,11.4249625,2011,5,Spring
2011-05-19,19.54837962962963,11.588888888888889,27.2,19.55787037037037,0.7366666666666667,4.070616666666667,1019.23,9.298420833333333,2011,5,Spring
2011-05-20,20.828703703703706,13.194444444444445,27.73333333333333,20.739814814814817,0.6629166666666667,3.75935,1018.9554166666667,10.1691625,2011,5,Spring
2011-05-21,21.316898148148148,13.27777777777778,28.511111111111106,21.26851851851852,0.6745833333333334,7.4160625,1018.6625,11.053991666666667,2011,5,Spring
2011-05-22,21.148842592592594,14.483333333333333,27.77777777777778,21.07777777777778,0.67,7.821916666666667,1018.19,11.365929166666668,2011,5,Spring
2011-05-23,20.82037037037037,14.988888888888887,27.266666666666666,20.879398148148148,0.7200000000000001,9.50705,1020.8570833333333,11.477958333333333,2011,5,Spring
2011-05-24,21.727546296296296,14.266666666666667,28.81666666666667,21.785185185185185,0.7062499999999999,4.3255333333333335,1020.2912500000001,10.951354166666667,2011,5,Spring
2011-05-25,21.427314814814817,14.955555555555556,27.56666666666667,21.471064814814813,0.6325,12.162208333333334,1020.4108333333334,11.124429166666665,2011,5,Spring
2011-05-26,19.92476851851852,11.905555555555557,27.127777777777776,19.895833333333332,0.51625,8.593375,1019.7091666666666,11.894545833333332,2011,5,Spring
2011-05-27,22.500694444444445,15.655555555555557,27.89444444444444,22.501388888888886,0.62875,19.252916666666668,1013.7495833333332,11.703358333333334,2011,5,Spring
2011-05-28,18.976388888888888,14.305555555555555,25.566666666666663,18.976388888888888,0.7400000000000001,13.901679166666668,1012.4966666666666,12.235999999999999,2011,5,Spring
2011-05-29,17.638425925925926,12.644444444444442,23.81666666666667,17.638425925925926,0.6716666666666667,9.9236375,1017.6866666666666,12.183004166666668,2011,5,Spring
2011-05-30,20.88101851851852,11.683333333333334,27.68333333333333,20.871064814814815,0.6670833333333333,5.871804166666667,1019.7158333333333,11.249875000000001,2011,5,Spring
2011-05-31,21.700000000000003,14.81666666666667,28.916666666666668,21.62291666666667,0.6654166666666667,5.912725000000001,1012.8320833333333,9.9558375,2011,5,Spring
2011-06-01,21.469907407407405,16.11111111111111,27.56666666666667,21.477777777777774,0.7395833333333334,7.281225,1015.0970833333334,12.670700000000002,2011,6,Summer
2011-06-02,21.792592592592595,16.283333333333335,27.57222222222222,21.877314814814813,0.7695833333333333,12.150133333333335,1017.8416666666667,10.6038625,2011,6,Summer
2011-06-03,23.07013888888889,17.627777777777776,27.73333333333333,23.280324074074073,0.7091666666666666,8.785904166666667,1020.30625,11.5255875,2011,6,Summer
2011-06-04,23.677777777777777,17.772222222222226,29.827777777777776,23.77638888888889,0.6870833333333334,5.0171625,1017.1737499999999,11.872408333333333,2011,6,Summer
2011-06-05,24.17523148148148,17.25,29.97777777777777,24.08148148148148,0.6333333333333333,9.1548625,1013.0920833333333,11.626883333333334,2011,6,Summer
2011-06-06,24.394907407407405,19.15555555555556,29.78888888888889,24.607638888888886,0.655,14.818708333333333,1010.8041666666667,12.186358333333333,2011,6,Summer
2011-06-07,24.720601851851853,18.95555555555556,30.0,24.78912037037037,0.60375,17.392025,1009.0558333333333,11.856308333333333,2011,6,Summer
2011-06-08,23.516898148148147,18.33333333333333,28.661111111111115,23.68310185185185,0.6695833333333333,14.543666666666667,1006.5870833333333,11.907291666666667,2011,6,Summer
2011-06-09,19.368518518518517,15.505555555555553,24.50555555555556,19.368518518518517,0.7891666666666667,15.678716666666666,1008.42125,12.507687500000001,2011,6,Summer
2011-06-10,17.82708333333333,12.983333333333333,21.22777777777777,17.82708333333333,0.7408333333333333,12.615691666666669,1010.5029166666667,11.685916666666666,2011,6,Summer
2011-06-11,17.77314814814815,15.538888888888888,20.13888888888889,17.77314814814815,0.78625,4.603929166666667,1012.8575000000001,11.557116666666666,2011,6,Summer
2011-06-12,19.314814814814813,14.983333333333333,24.00555555555555,19.314814814814813,0.6983333333333334,9.318545833333333,1014.17625,11.064054166666667,2011,6,Summer
2011-06-13,20.303472222222222,12.555555555555555,26.06111111111111,20.303472222222222,0.6329166666666667,10.1913,1014.6662499999999,11.443745833333333,2011,6,Summer
2011-06-14,20.753703703703703,12.427777777777775,27.46111111111112,20.693287037037038,0.6466666666666666,7.9393125,1015.3945833333333,11.974375,2011,6,Summer
2011-06-15,21.507175925925925,14.488888888888887,27.63888888888889,21.47662037037037,0.6587500000000001,5.6906791666666665,1017.25375,11.721470833333333,2011,6,Summer
2011-06-16,23.049537037037037,13.033333333333337,29.90555555555555,22.856712962962963,0.6116666666666667,4.148433333333334,1016.2258333333334,10.917812499999998,2011,6,Summer
2011-06-17,24.018055555555552,16.555555555555557,31.016666666666666,23.94861111111111,0.6466666666666666,7.079304166666667,1014.7970833333334,11.518879166666666,2011,6,Summer
2011-06-18,25.024074074074075,17.711111111111112,31.016666666666666,25.00763888888889,0.62375,12.075670833333334,1010.87125,10.734675000000001,2011,6,Summer
2011-06-19,15.890972222222222,11.67222222222222,19.78888888888889,15.890972222222222,0.8145833333333333,15.868562500000001,1012.3120833333334,11.6101125,2011,6,Summer
2011-06-20,17.315277777777776,9.5,23.42777777777778,17.25601851851852,0.6358333333333334,12.5841625,1018.0949999999999,10.95605,2011,6,Summer
2011-06-21,22.048148148148147,13.172222222222224,28.872222222222224,21.836574074074075,0.5483333333333333,10.466341666666667,1019.26625,12.13135,2011,6,Summer
2011-06-22,24.980092592592595,15.56666666666667,32.733333333333334,24.665509259259263,0.5454166666666667,8.8771375,1017.5529166666666,11.893875,2011,6,Summer
2011-06-23,25.223842592592593,17.03333333333333,31.15555555555555,25.593981481481478,0.63375,7.477779166666667,1014.6045833333333,12.067620833333335,2011,6,Summer
2011-06-24,20.777314814814815,16.688888888888886,26.094444444444445,20.777314814814815,0.6941666666666667,17.952170833333334,1015.9533333333334,12.2259375,2011,6,Summer
2011-06-25,18.20486111111111,10.677777777777775,22.68888888888889,18.20486111111111,0.5599999999999999,20.32625,1019.64,12.287654166666668,2011,6,Summer
2011-06-26,17.186574074074073,9.083333333333334,22.22222222222222,17.070833333333333,0.6191666666666666,12.451337500000001,1021.4570833333333,11.987791666666666,2011,6,Summer
2011-06-27,19.047453703703706,11.25,24.95,19.047453703703706,0.6220833333333333,10.536779166666667,1018.87875,12.193066666666667,2011,6,Summer
2011-06-28,18.713657407407407,12.977777777777778,23.88888888888889,18.713657407407407,0.6675,12.426516666666666,1013.0558333333333,11.34245,2011,6,Summer
2011-06-29,19.974305555555556,15.02777777777778,24.92777777777778,19.974305555555556,0.81875,10.232891666666667,1008.5412499999999,11.392091666666667,2011,6,Summer
2011-06-30,19.538888888888888,16.783333333333335,24.727777777777774,19.538888888888888,0.8666666666666667,9.613041666666668,1008.43375,12.028041666666667,2011,6,Summer
2011-07-01,16.520833333333332,12.683333333333332,19.97222222222222,16.520833333333332,0.7070833333333333,22.801625,1012.0329166666667,12.548608333333334,2011,7,Summer
2011-07-02,14.022222222222224,7.950000000000001,20.92777777777778,13.988425925925926,0.8066666666666666,9.213895833333334,1012.7533333333334,11.649020833333333,2011,7,Summer
2011-07-03,17.149305555555554,8.366666666666667,22.72777777777777,17.08287037037037,0.6737500000000001,9.725741666666666,1010.1,10.818529166666666,2011,7,Summer
2011-07-04,18.714351851851852,14.57222222222222,22.883333333333333,18.714351851851852,0.7366666666666667,12.699545833333334,1011.4562500000001,12.1877,2011,7,Summer
2011-07-05,19.57199074074074,12.938888888888888,25.99444444444445,19.57199074074074,0.7441666666666666,11.080824999999999,1010.2716666666666,12.303083333333333,2011,7,Summer
2011-07-06,19.90416666666667,11.511111111111113,27.216666666666665,19.876851851851853,0.6679166666666667,10.422066666666668,1009.9758333333333,10.690399999999999,2011,7,Summer
2011-07-07,23.75833333333333,13.499999999999998,31.25555555555556,23.54722222222222,0.6220833333333333,6.8767125,1012.0404166666667,10.071891666666666,2011,7,Summer
2011-07-08,26.22685185185185,16.461111111111112,33.91111111111112,26.463194444444444,0.6029166666666667,11.257254166666668,1013.8125,10.991604166666667,2011,7,Summer
2011-07-09,27.366203703703704,16.894444444444442,36.06666666666667,27.710416666666664,0.6054166666666666,5.656466666666667,1017.00875,10.4146875,2011,7,Summer
2011-07-10,28.514814814814816,19.422222222222217,37.22222222222222,28.61967592592593,0.54625,9.1146125,1014.80875,11.1834625,2011,7,Summer
2011-07-11,27.20023148148148,19.183333333333334,33.916666666666664,28.19259259259259,0.6029166666666667,8.127145833333334,1013.72375,11.8636875,2011,7,Summer
2011-07-12,24.945833333333336,18.188888888888886,31.13333333333334,24.958333333333332,0.5966666666666667,9.775383333333334,1015.7950000000001,11.267316666666666,2011,7,Summer
2011-07-13,25.712731481481484,16.072222222222223,32.800000000000004,25.55925925925926,0.5825,8.3055875,1012.8175,11.136504166666667,2011,7,Summer
2011-07-14,27.9875,19.78888888888889,34.050000000000004,28.10185185185185,0.5287499999999999,14.337720833333334,1011.6329166666666,11.024475,2011,7,Summer
2011-07-15,26.011342592592595,18.311111111111103,32.577777777777776,26.499074074074073,0.5675,13.911070833333333,1012.8645833333334,11.288112499999999,2011,7,Summer
2011-07-16,21.648611111111112,14.449999999999998,28.916666666666668,21.485185185185184,0.6091666666666666,7.883633333333333,1013.2487500000001,12.602275,2011,7,Summer
2011-07-17,24.066435185185185,13.238888888888887,31.22777777777777,23.689814814814813,0.5916666666666667,5.3955125,1007.6862500000001,11.8979,2011,7,Summer
2011-07-18,26.39953703703704,19.09444444444445,32.17777777777778,26.951851851851853,0.64125,6.388345833333333,1005.9658333333333,11.722812500000002,2011,7,Summer
2011-07-19,27.736574074074074,19.93333333333333,34.88333333333334,28.153472222222224,0.5808333333333333,11.100279166666667,1004.3312500000001,11.793920833333333,2011,7,Summer
2011-07-20,19.576157407407408,15.050000000000002,23.833333333333336,19.576157407407408,0.8279166666666667,9.407766666666667,1001.0958333333333,12.317841666666666,2011,7,Summer
2011-07-21,16.681944444444444,14.97222222222222,19.633333333333336,16.681944444444444,0.8354166666666667,16.61050416666667,1004.2529166666667,12.621058333333336,2011,7,Summer
2011-07-22,19.249537037037037,13.977777777777776,26.700000000000003,19.26458333333333,0.7691666666666667,9.629141666666667,1007.74375,12.37285,2011,7,Summer
2011-07-23,18.800462962962964,14.394444444444442,24.63888888888889,18.800462962962964,0.8666666666666667,7.700495833333334,1008.645,9.755929166666666,2011,7,Summer
2011-07-24,20.105324074074073,16.08888888888889,24.838888888888885,20.105324074074073,0.8054166666666666,4.662291666666667,1004.9770833333333,10.246979166666668,2011,7,Summer
2011-07-25,16.610648148148147,14.422222222222224,20.816666666666663,16.610648148148147,0.9158333333333334,10.121533333333334,1007.3125,10.807795833333335,2011,7,Summer
2011-07-26,17.675694444444446,14.327777777777776,21.06666666666667,17.675694444444446,0.84125,5.357945833333333,1013.065,11.437708333333333,2011,7,Summer
2011-07-27,19.747916666666665,14.516666666666667,25.883333333333336,19.747916666666665,0.7891666666666667,7.157791666666667,1017.46375,11.206941666666667,2011,7,Summer
2011-07-28,20.69074074074074,15.488888888888887,26.072222222222223,20.69074074074074,0.7941666666666666,8.391454166666668,1014.33875,10.823225,2011,7,Summer
2011-07-29,19.26736111111111,15.599999999999998,22.62777777777778,19.26736111111111,0.8937499999999999,4.7656,1010.3008333333333,8.070124999999999,2011,7,Summer
2011-07-30,19.254398148148148,15.011111111111113,24.838888888888885,19.254398148148148,0.7758333333333334,15.285608333333334,1009.2704166666667,11.273354166666666,2011,7,Summer
2011-07-31,17.32199074074074,13.672222222222222,21.06111111111111,17.32199074074074,0.80375,11.720129166666666,1011.9870833333333,12.693508333333334,2011,7,Summer
2011-08-01,18.772453703703704,12.82777777777778,23.244444444444447,18.772453703703704,0.8016666666666666,9.789470833333334,1013.2358333333333,11.9945,2011,8,Summer
2011-08-02,19.870601851851852,15.072222222222225,25.09444444444445,19.870601851851852,0.86,4.448966666666666,1016.4320833333333,9.657316666666667,2011,8,Summer
2011-08-03,22.363425925925927,14.916666666666666,28.81666666666667,22.46134259259259,0.7195833333333334,5.188225,1017.3129166666666,9.8109375,2011,8,Summer
2011-08-04,22.47361111111111,17.755555555555556,27.044444444444448,22.513425925925926,0.66125,8.9777625,1014.6149999999999,12.094454166666667,2011,8,Summer
2011-08-05,21.542824074074073,16.15555555555555,27.31111111111111,21.66875,0.7625000000000001,6.797554166666667,1015.2058333333333,11.4652125,2011,8,Summer
2011-08-06,23.202546296296294,16.622222222222224,28.81666666666667,23.413425925925925,0.7066666666666667,10.948,1013.1266666666667,10.395233333333334,2011,8,Summer
2011-08-07,25.924537037037037,18.205555555555552,32.68333333333333,26.56736111111111,0.6687500000000001,13.4455125,1009.5708333333333,11.898570833333332,2011,8,Summer
2011-08-08,25.463194444444444,17.22222222222222,33.788888888888884,25.952546296296294,0.68,12.828345833333335,1009.0187500000001,10.713879166666667,2011,8,Summer
2011-08-09,19.263657407407408,15.788888888888891,24.88333333333334,19.263657407407408,0.7062499999999999,12.631120833333334,1015.7395833333334,12.077683333333333,2011,8,Summer
2011-08-10,18.431944444444444,13.794444444444444,23.75,18.431944444444444,0.61375,18.046758333333333,1018.4183333333334,11.894545833333334,2011,8,Summer
2011-08-11,17.4375,11.45,23.88888888888889,17.4375,0.6295833333333333,7.850762500000001,1019.3112500000001,11.653045833333332,2011,8,Summer
2011-08-12,19.71342592592593,10.377777777777778,27.24444444444445,19.677314814814817,0.6675,4.705225,1014.1429166666667,11.592,2011,8,Summer
2011-08-13,22.00208333333333,11.738888888888887,29.627777777777776,21.902546296296293,0.6583333333333333,5.717512500000001,1011.1966666666667,11.689941666666668,2011,8,Summer
2011-08-14,22.712962962962962,13.93888888888889,30.022222222222226,22.655324074074073,0.6783333333333333,4.613320833333334,1011.5504166666666,11.805995833333334,2011,8,Summer
2011-08-15,24.2525462962963,14.31666666666667,32.583333333333336,24.03148148148148,0.62625,5.503516666666667,1012.12,10.954708333333334,2011,8,Summer
2011-08-16,22.67013888888889,17.677777777777777,28.86666666666666,22.709027777777777,0.6829166666666667,11.881129166666668,1015.6295833333334,12.318512499999999,2011,8,Summer
2011-08-17,22.575462962962963,14.88888888888889,29.92777777777778,22.554861111111112,0.6529166666666667,7.849420833333333,1017.3791666666666,12.049508333333334,2011,8,Summer
2011-08-18,23.016203703703706,12.805555555555554,32.2,22.702546296296294,0.6158333333333333,4.448966666666666,1018.2049999999999,11.373979166666667,2011,8,Summer
2011-08-19,25.426620370370372,14.538888888888891,33.91111111111112,25.034259259259258,0.5583333333333333,7.738733333333333,1016.9274999999999,11.363245833333332,2011,8,Summer
2011-08-20,23.551157407407405,13.32222222222222,30.97222222222222,23.454398148148147,0.6325,13.348912499999999,1019.7816666666666,12.384925,2011,8,Summer
2011-08-21,21.15,10.144444444444442,31.088888888888885,20.727777777777778,0.6033333333333334,3.4480833333333334,1020.4825000000001,11.895216666666668,2011,8,Summer
2011-08-22,23.86712962962963,12.266666666666666,32.82222222222222,23.524537037037035,0.5916666666666667,2.948983333333333,1019.0225,11.773795833333333,2011,8,Summer
2011-08-23,26.801620370370372,16.094444444444445,35.07222222222222,26.556712962962962,0.5441666666666667,5.0634500000000005,1018.0579166666666,11.639629166666666,2011,8,Summer
2011-08-24,27.64050925925926,17.666666666666668,37.25,27.58935185185185,0.5616666666666666,5.865095833333334,1010.9954166666666,12.354737499999999,2011,8,Summer
2011-08-25,28.155787037037033,18.82222222222222,37.8,28.16412037037037,0.5495833333333333,4.823291666666667,1013.7191666666668,11.090216666666665,2011,8,Summer
2011-08-26,28.893055555555552,23.01666666666667,35.16111111111112,28.99513888888889,0.4716666666666667,17.847520833333334,1014.5020833333333,11.388066666666667,2011,8,Summer
2011-08-27,26.01273148148148,19.4,32.31666666666667,25.636342592592595,0.4495833333333333,18.97116666666667,1013.4554166666667,11.8194125,2011,8,Summer
2011-08-28,21.98680555555556,16.06666666666667,29.772222222222226,21.83611111111111,0.57875,7.215483333333334,1017.6041666666666,11.883141666666667,2011,8,Summer
2011-08-29,21.902314814814815,12.249999999999998,30.0,21.515046296296294,0.5866666666666667,7.169195833333333,1013.7966666666666,11.725495833333333,2011,8,Summer
2011-08-30,23.049074074074074,12.36111111111111,32.03888888888889,22.54351851851852,0.5220833333333333,6.7841375,1010.765,11.7751375,2011,8,Summer
2011-08-31,21.14884259259259,13.866666666666667,28.79444444444444,20.934490740740742,0.5270833333333333,8.723516666666667,1013.0904166666668,12.385595833333333,2011,8,Summer
2011-09-01,22.668287037037036,12.2,31.03888888888889,22.330555555555552,0.5533333333333333,6.076408333333333,1013.5891666666666,11.6262125,2011,9,Fall
2011-09-02,21.18773148148148,15.555555555555555,28.744444444444444,21.13587962962963,0.71625,5.9630374999999995,1014.4033333333333,11.854966666666668,2011,9,Fall
2011-09-03,21.9974537037037,12.405555555555557,31.08333333333333,21.694212962962965,0.6054166666666666,4.479825,1016.01625,11.948883333333333,2011,9,Fall
2011-09-04,23.73472222222222,14.494444444444447,32.266666666666666,23.287731481481483,0.49416666666666664,8.363279166666667,1015.3833333333333,12.1695875,2011,9,Fall
2011-09-05,25.400694444444444,18.73333333333333,32.800000000000004,25.156944444444445,0.5379166666666667,11.069420833333334,1014.1204166666666,11.064725000000001,2011,9,Fall
2011-09-06,19.512962962962963,12.666666666666664,25.99444444444445,19.512962962962963,0.6979166666666666,12.522445833333334,1020.0804166666667,12.331929166666667,2011,9,Fall
2011-09-07,19.113657407407405,10.744444444444447,27.15,19.080787037037037,0.6870833333333333,4.6804041666666665,1014.8933333333333,11.474604166666666,2011,9,Fall
2011-09-08,17.735648148148147,14.033333333333331,22.25,17.735648148148147,0.685,8.719491666666666,1012.2941666666667,11.892533333333333,2011,9,Fall
2011-09-09,18.240277777777777,12.92222222222222,23.79444444444444,18.240277777777777,0.6749999999999999,12.837737500000001,1014.74625,11.834170833333333,2011,9,Fall
2011-09-10,21.46064814814815,12.2,28.927777777777774,21.342361111111114,0.6004166666666667,7.065887500000001,1017.6216666666666,11.7872125,2011,9,Fall
2011-09-11,23.800462962962964,15.905555555555557,32.82222222222222,23.47986111111111,0.5629166666666666,7.031675,1015.1004166666667,11.883141666666667,2011,9,Fall
2011-09-12,22.582175925925927,15.438888888888888,30.97222222222222,22.47685185185185,0.5879166666666666,10.019566666666668,1010.9775,11.870395833333333,2011,9,Fall
2011-09-13,21.806481481481484,13.827777777777778,31.03888888888889,21.413888888888888,0.5683333333333334,6.3608416666666665,1015.46875,12.111225,2011,9,Fall
2011-09-14,23.46134259259259,12.938888888888888,32.77777777777778,23.09375,0.5495833333333333,6.620454166666668,1014.1445833333333,11.883141666666667,2011,9,Fall
2011-09-15,20.129398148148148,15.533333333333337,27.22222222222222,20.078240740740743,0.5629166666666666,10.986237500000001,1017.9970833333333,12.132020833333334,2011,9,Fall
2011-09-16,18.496064814814815,11.505555555555556,26.06111111111111,18.496064814814815,0.5541666666666667,6.081775,1018.97375,12.111225,2011,9,Fall
2011-09-17,20.49699074074074,10.944444444444446,27.800000000000004,20.378703703703703,0.5395833333333333,7.645487500000001,1016.6370833333334,11.6242,2011,9,Fall
2011-09-18,23.829629629629633,12.844444444444443,31.13333333333334,23.595138888888886,0.4891666666666667,15.158150000000001,1009.0670833333334,11.883141666666667,2011,9,Fall
2011-09-19,24.16712962962963,18.22222222222222,31.11111111111111,23.83055555555556,0.5270833333333333,20.836083333333335,1007.4433333333333,11.2357875,2011,9,Fall
2011-09-20,17.11226851851852,14.955555555555556,19.77777777777777,17.11226851851852,0.8933333333333334,9.0139875,1015.8970833333333,8.813408333333333,2011,9,Fall
2011-09-21,18.84699074074074,13.794444444444444,26.0,18.84699074074074,0.7679166666666667,10.878233333333334,1016.9787500000001,11.3344,2011,9,Fall
2011-09-22,18.22615740740741,11.161111111111111,26.994444444444447,18.231018518518518,0.7633333333333333,6.4648208333333335,1017.2083333333334,8.368645833333334,2011,9,Fall
2011-09-23,17.06388888888889,11.094444444444443,24.67222222222222,17.06388888888889,0.6483333333333333,10.978858333333335,1016.8641666666667,10.377120833333334,2011,9,Fall
2011-09-24,15.77962962962963,7.688888888888891,23.81666666666667,15.661111111111111,0.62125,9.085766666666666,1018.6216666666666,11.867712500000001,2011,9,Fall
2011-09-25,16.094675925925927,7.105555555555555,24.97222222222222,16.094675925925927,0.585,5.9019916666666665,1022.6395833333332,11.852283333333332,2011,9,Fall
2011-09-26,17.77060185185185,9.044444444444444,27.10555555555556,17.710185185185185,0.6062500000000001,5.488758333333333,1025.14625,11.8013,2011,9,Fall
2011-09-27,18.177546296296295,10.994444444444444,27.17222222222222,18.12152777777778,0.6195833333333333,4.156483333333333,1026.9545833333334,11.790566666666665,2011,9,Fall
2011-09-28,18.50601851851852,8.916666666666664,27.17222222222222,18.405324074074073,0.5458333333333333,11.331716666666667,1026.7137500000001,11.089545833333332,2011,9,Fall
2011-09-29,16.592824074074073,10.47222222222222,24.59444444444444,16.592824074074073,0.48374999999999996,11.982425000000001,1026.6475,12.122629166666668,2011,9,Fall
2011-09-30,16.830324074074074,7.755555555555556,26.088888888888885,16.796759259259257,0.6124999999999999,9.333975,1026.2608333333333,11.890520833333333,2011,9,Fall
2011-10-01,17.671759259259257,8.794444444444444,27.15,17.575,0.6208333333333333,7.108150000000001,1024.8125,11.880458333333332,2011,10,Fall
2011-10-02,16.423148148148147,8.455555555555556,26.088888888888885,16.356944444444444,0.6354166666666666,8.368645833333334,1022.7629166666667,12.057558333333333,2011,10,Fall
2011-10-03,15.212962962962964,7.216666666666669,25.09444444444445,15.17453703703704,0.6145833333333334,3.449425,1023.3345833333333,11.870395833333333,2011,10,Fall
2011-10-04,16.366666666666667,6.161111111111113,27.0,16.311805555555555,0.6204166666666667,3.924375,1021.3304166666667,11.13315,2011,10,Fall
2011-10-05,17.83587962962963,8.988888888888889,27.17222222222222,17.788194444444446,0.6195833333333333,8.116412500000001,1020.73875,11.844233333333333,2011,10,Fall
2011-10-06,17.219675925925927,8.872222222222222,26.11111111111111,17.219675925925927,0.6425,7.006183333333333,1017.1725,11.155958333333333,2011,10,Fall
2011-10-07,13.233796296296298,7.827777777777779,22.48888888888889,12.330092592592592,0.7091666666666666,18.714908333333334,1007.5383333333333,11.234445833333334,2011,10,Fall
2011-10-08,9.825000000000001,6.0888888888888895,13.794444444444444,8.720601851851852,0.71375,12.719000000000001,1010.6708333333332,12.4775,2011,10,Fall
2011-10-09,8.534722222222221,5.555555555555555,12.6,6.753935185185185,0.7904166666666667,15.407029166666668,1013.6112499999999,12.319854166666667,2011,10,Fall
2011-10-10,7.993981481481481,2.2888888888888874,14.927777777777775,7.107175925925926,0.7104166666666667,8.503483333333334,1017.6529166666666,12.2822875,2011,10,Fall
2011-10-11,12.163194444444443,7.799999999999999,17.89444444444444,11.769212962962962,0.8675,6.653325,1017.5916666666667,10.490491666666667,2011,10,Fall
2011-10-12,15.09212962962963,10.75,21.06111111111111,15.09212962962963,0.7225,14.430295833333334,1015.8945833333333,12.266187500000001,2011,10,Fall
2011-10-13,10.204166666666667,4.466666666666666,15.97222222222222,9.252777777777778,0.7279166666666667,9.941079166666666,1021.8808333333333,12.003220833333332,2011,10,Fall
2011-10-14,6.267361111111112,1.7777777777777797,12.66111111111111,4.91087962962963,0.7295833333333333,10.2617375,1029.2666666666667,12.464754166666667,2011,10,Fall
2011-10-15,6.1499999999999995,-1.15,12.266666666666666,4.344907407407407,0.6587500000000001,11.536320833333333,1030.8387500000001,11.544370833333334,2011,10,Fall
2011-10-16,4.85162037037037,-2.2888888888888896,11.183333333333334,2.4131944444444446,0.5825,13.884908333333334,1031.62625,12.235999999999999,2011,10,Fall
2011-10-17,3.1761574074074073,-3.861111111111111,11.22777777777778,2.2509259259259258,0.5995833333333334,6.539954166666667,1027.9395833333333,11.0788125,2011,10,Fall
2011-10-18,4.469444444444444,-6.061111111111111,13.983333333333334,3.8210648148148145,0.53125,5.710804166666667,1023.3170833333334,10.0947,2011,10,Fall
2011-10-19,11.154398148148148,0.0,20.04444444444444,10.086805555555555,0.5354166666666667,14.833466666666666,1019.5124999999999,10.3422375,2011,10,Fall
2011-10-20,10.51574074074074,7.177777777777779,13.783333333333337,9.652777777777779,0.7395833333333334,13.355620833333333,1020.4579166666666,10.807125,2011,10,Fall
2011-10-21,7.013425925925927,3.905555555555556,10.050000000000002,5.296990740740741,0.8520833333333333,11.182120833333334,1026.3079166666666,11.192183333333332,2011,10,Fall
2011-10-22,6.369907407407407,2.2000000000000006,9.144444444444446,5.1875,0.84875,6.988741666666667,1027.03875,9.176329166666667,2011,10,Fall
2011-10-23,9.432407407407409,7.616666666666668,10.994444444444444,8.59675925925926,0.9579166666666666,9.027404166666667,1024.5129166666668,2.32645,2011,10,Fall
2011-10-24,9.26875,8.333333333333334,10.088888888888889,7.960416666666666,0.9116666666666666,10.6743,1022.3754166666666,4.850795833333334,2011,10,Fall
2011-10-25,9.812037037037038,6.983333333333333,13.816666666666666,8.152777777777779,0.7591666666666667,20.42217916666667,1020.9758333333333,10.844020833333333,2011,10,Fall
2011-10-26,10.572916666666666,6.694444444444443,16.06666666666667,9.073611111111111,0.6733333333333333,18.8671875,1022.5958333333333,11.775808333333332,2011,10,Fall
2011-10-27,10.093981481481482,6.527777777777778,15.050000000000002,8.430092592592592,0.6170833333333333,18.598183333333335,1025.4312499999999,11.977729166666668,2011,10,Fall
2011-10-28,8.691203703703703,4.511111111111109,15.02222222222222,7.424768518518518,0.6587500000000001,11.446429166666666,1028.9816666666668,12.011270833333333,2011,10,Fall
2011-10-29,7.571527777777778,2.7111111111111126,15.02222222222222,7.351851851851852,0.7145833333333332,4.446954166666667,1029.3433333333335,10.844020833333333,2011,10,Fall
2011-10-30,8.04675925925926,2.0111111111111097,14.97222222222222,7.620601851851852,0.6833333333333332,5.3613,1026.3666666666666,8.445791666666667,2011,10,Fall
2011-10-31,7.633796296296296,1.1388888888888873,15.050000000000002,7.532175925925926,0.7058333333333334,3.583591666666667,1023.9783333333334,7.533458333333333,2011,10,Fall
2011-11-01,6.472453703703704,-1.0611111111111111,15.005555555555553,6.395601851851851,0.7533333333333334,2.123858333333333,1023.1820833333333,4.6468625,2011,11,Fall
2011-11-02,6.124074074074074,-0.7944444444444443,14.916666666666666,6.018518518518519,0.7570833333333334,5.590054166666667,1023.0995833333333,4.1605083333333335,2011,11,Fall
2011-11-03,5.355092592592594,-0.0999999999999998,13.583333333333336,4.888194444444445,0.8108333333333334,5.807404166666667,1020.3391666666666,3.711720833333333,2011,11,Fall
2011-11-04,7.830092592592592,-1.8833333333333335,13.705555555555556,6.224537037037037,0.7174999999999999,13.028925000000001,1018.4979166666667,7.607920833333334,2011,11,Fall
2011-11-05,10.438657407407408,6.022222222222224,17.800000000000004,9.305092592592592,0.6204166666666667,12.747845833333335,1018.6104166666668,10.7809625,2011,11,Fall
2011-11-06,10.102083333333333,5.727777777777779,16.177777777777777,8.669907407407408,0.6241666666666666,15.4499625,1022.1829166666666,11.6785375,2011,11,Fall
2011-11-07,9.510185185185184,6.038888888888888,13.733333333333333,7.8217592592592595,0.6920833333333333,19.04361666666667,1026.5145833333333,11.826791666666667,2011,11,Fall
2011-11-08,9.020833333333334,2.7500000000000018,16.038888888888888,7.957407407407406,0.7145833333333332,11.015754166666667,1027.3608333333334,10.955379166666667,2011,11,Fall
2011-11-09,6.703240740740742,0.0277777777777761,16.08888888888889,6.298148148148148,0.7504166666666667,3.5024208333333333,1023.8933333333333,6.327970833333333,2011,11,Fall
2011-11-10,4.54212962962963,0.9111111111111114,9.772222222222224,2.5613425925925926,0.7383333333333333,9.959191666666667,1022.8370833333333,7.939983333333333,2011,11,Fall
2011-11-11,2.764351851851852,-2.216666666666666,7.777777777777778,0.7363425925925924,0.7304166666666667,7.9996875,1031.7458333333332,10.383158333333332,2011,11,Fall
2011-11-12,1.8557870370370366,-4.583333333333333,7.783333333333331,1.313657407407407,0.69375,4.343645833333333,1037.3404166666667,8.431033333333334,2011,11,Fall
2011-11-13,-0.022222222222222088,-5.944444444444445,7.85,-0.35370370370370346,0.7625000000000001,2.5887458333333333,1036.925,5.349895833333334,2011,11,Fall
2011-11-14,0.6805555555555558,-5.844444444444444,7.85,0.622453703703704,0.7670833333333333,3.3991124999999998,1030.72,4.5978916666666665,2011,11,Fall
2011-11-15,0.7923611111111114,-4.627777777777776,8.838888888888887,0.44120370370370404,0.7579166666666667,3.114679166666667,1024.76625,4.447625,2011,11,Fall
2011-11-16,-0.37337962962962984,-5.694444444444445,6.277777777777776,-2.0125,0.8008333333333333,6.756633333333333,1026.4516666666666,5.107054166666667,2011,11,Fall
2011-11-17,-1.1384259259259255,-6.061111111111111,7.249999999999998,-1.2537037037037033,0.8466666666666667,2.3311458333333337,1028.6554166666667,3.2461625,2011,11,Fall
2011-11-18,-1.1493055555555551,-7.244444444444444,6.622222222222224,-2.081944444444445,0.8804166666666666,4.897754166666667,1027.8479166666666,1.675741666666667,2011,11,Fall
2011-11-19,1.5706018518518523,-0.127777777777778,2.805555555555554,0.7909722222222227,0.8441666666666667,4.6837583333333335,1027.835,3.6708000000000003,2011,11,Fall
2011-11-20,1.4094907407407413,0.2500000000000015,2.155555555555557,0.9358796296296301,0.7725,3.6614083333333336,1028.7533333333333,5.117116666666667,2011,11,Fall
2011-11-21,-0.5256944444444449,-1.6444444444444448,0.0277777777777761,-1.561805555555556,0.8233333333333333,4.831341666666667,1028.1420833333334,6.2286875,2011,11,Fall
2011-11-22,-1.5259259259259261,-2.177777777777779,-0.9611111111111114,-2.652083333333333,0.8624999999999999,5.150658333333333,1027.5466666666666,5.5075416666666674,2011,11,Fall
2011-11-23,-2.079861111111111,-4.405555555555555,0.9722222222222222,-3.985648148148148,0.8670833333333333,6.157579166666667,1032.0320833333333,3.7291625000000006,2011,11,Fall
2011-11-24,-2.2805555555555554,-4.866666666666668,0.3388888888888886,-3.359259259259259,0.9291666666666667,4.881654166666666,1037.2129166666666,1.3248958333333334,2011,11,Fall
2011-11-25,-0.5763888888888888,-2.294444444444444,1.0611111111111091,-0.9381944444444442,0.9258333333333333,3.746604166666667,1035.4112499999999,2.4203666666666668,2011,11,Fall
2011-11-26,-0.04513888888888897,-1.1944444444444438,0.9555555555555548,-1.746527777777778,0.91,6.422558333333334,1032.4783333333332,3.077783333333333,2011,11,Fall
2011-11-27,1.095138888888889,-3.077777777777777,3.800000000000002,-1.9358796296296295,0.88875,11.644325,1028.1379166666668,5.899979166666667,2011,11,Fall
2011-11-28,1.97962962962963,-3.099999999999999,11.08888888888889,-0.11157407407407395,0.8529166666666667,8.871770833333334,1029.1858333333332,4.422804166666666,2011,11,Fall
2011-11-29,-1.6370370370370368,-2.5,-0.7055555555555553,-4.229398148148149,0.9566666666666667,7.578404166666666,1031.2333333333333,0.34682083333333336,2011,11,Fall
2011-11-30,-2.5439814814814814,-3.838888888888889,-1.3333333333333326,-3.703240740740741,0.9645833333333332,4.818595833333334,1030.7595833333332,0.7969500000000002,2011,11,Fall
2011-12-01,-1.7210648148148149,-2.9777777777777774,-1.033333333333333,-2.9701388888888887,0.9529166666666667,4.6871125000000005,1030.76125,2.321754166666667,2011,12,Winter
2011-12-02,-1.0111111111111113,-3.266666666666666,1.211111111111111,-3.865046296296297,0.9529166666666667,8.5511125,1023.5058333333333,0.6560750000000001,2011,12,Winter
2011-12-03,4.900462962962963,0.4611111111111101,8.783333333333335,4.057638888888889,0.93125,5.767825000000001,1018.7725,3.4843083333333333,2011,12,Winter
2011-12-04,8.76898148148148,5.98888888888889,13.983333333333334,7.315740740740741,0.8491666666666666,11.881129166666668,1012.2645833333332,10.907079166666668,2011,12,Winter
2011-12-05,8.937268518518518,5.755555555555556,12.805555555555554,7.281481481481482,0.7758333333333334,19.015441666666668,1006.38625,12.17965,2011,12,Winter
2011-12-06,3.0578703703703702,-1.1555555555555546,7.122222222222222,1.5085648148148145,0.8029166666666666,7.788375000000001,1014.3129166666666,9.195783333333333,2011,12,Winter
2011-12-07,1.6270833333333334,-2.6333333333333324,5.95,-0.8199074074074072,0.8879166666666666,9.828379166666666,1014.42875,5.337820833333333,2011,12,Winter
2011-12-08,4.8567129629629635,1.0444444444444458,8.883333333333335,0.96875,0.6633333333333333,21.488804166666668,1019.315,11.465883333333332,2011,12,Winter
2011-12-09,3.1664351851851857,-2.6333333333333324,7.294444444444445,0.06736111111111107,0.7595833333333334,13.638712499999999,1021.3229166666666,11.631579166666667,2011,12,Winter
2011-12-10,7.291666666666667,4.516666666666668,12.244444444444444,5.923842592592593,0.8241666666666667,9.920954166666666,1016.4008333333333,9.934370833333334,2011,12,Winter
2011-12-11,5.533796296296296,3.355555555555555,7.805555555555554,4.48125,0.7420833333333333,6.635883333333333,1022.1366666666667,11.017766666666667,2011,12,Winter
2011-12-12,7.6469907407407405,2.82777777777778,11.066666666666668,5.452546296296297,0.85125,15.431849999999999,1016.5229166666667,11.556445833333335,2011,12,Winter
2011-12-13,6.144907407407408,2.822222222222221,7.877777777777778,4.395138888888889,0.9166666666666666,8.706745833333335,1016.5966666666667,6.292416666666667,2011,12,Winter
2011-12-14,5.582407407407408,2.272222222222224,7.616666666666668,2.9703703703703703,0.9454166666666667,12.719670833333334,1017.9525,2.5028791666666668,2011,12,Winter
2011-12-15,7.083101851851851,5.805555555555557,7.866666666666664,6.053935185185185,0.9320833333333334,7.104795833333334,1013.11,4.799141666666666,2011,12,Winter
2011-12-16,6.89675925925926,2.7333333333333343,8.961111111111112,3.3020833333333335,0.8120833333333333,23.274562500000002,1003.4558333333333,9.7867875,2011,12,Winter
2011-12-17,4.440509259259259,1.1166666666666656,9.35,0.019907407407407485,0.8304166666666667,24.245258333333336,994.7208333333333,11.813375,2011,12,Winter
2011-12-18,2.1414351851851854,-1.0611111111111111,7.172222222222221,-0.9238425925925927,0.78125,11.022462500000001,1013.42125,12.007916666666667,2011,12,Winter
2011-12-19,0.1800925925925927,-0.1444444444444453,1.1333333333333329,-3.9291666666666667,0.8816666666666667,13.951991666666666,1015.6520833333334,7.345625000000001,2011,12,Winter
2011-12-20,-1.0956018518518518,-4.872222222222222,1.0888888888888897,-4.477083333333334,0.9058333333333334,10.582395833333335,1013.45375,7.846066666666666,2011,12,Winter
2011-12-21,-2.924768518518519,-6.655555555555556,-0.5111111111111121,-6.021296296296296,0.86125,9.399045833333334,1016.42875,9.969925,2011,12,Winter
2011-12-22,-0.15069444444444446,-0.9388888888888896,0.1500000000000017,-2.5949074074074074,0.9004166666666666,8.2250875,1021.8304166666667,6.301808333333334,2011,12,Winter
2011-12-23,-1.6812500000000001,-2.2222222222222223,-0.1611111111111106,-4.864120370370371,0.9329166666666667,9.206516666666667,1026.0333333333333,4.709920833333333,2011,12,Winter
2011-12-24,-0.06597222222222224,-2.2000000000000006,1.0388888888888874,-2.837037037037037,0.8766666666666666,9.523150000000001,1022.2091666666666,5.919433333333334,2011,12,Winter
2011-12-25,1.1516203703703705,-1.2833333333333323,2.333333333333335,-1.2256944444444444,0.8891666666666667,9.197795833333334,1030.8725000000002,7.84875,2011,12,Winter
2011-12-26,-0.20162037037037098,-3.905555555555556,2.7999999999999994,-1.5263888888888892,0.9191666666666668,5.800025000000001,1038.8604166666667,6.1065958333333334,2011,12,Winter
2011-12-27,2.0930555555555554,0.0333333333333345,3.911111111111111,0.22384259259259257,0.9125000000000001,7.4288083333333335,1039.3525,7.393925,2011,12,Winter
2011-12-28,3.1203703703703702,1.872222222222221,4.905555555555555,2.660185185185185,0.9345833333333333,3.9813958333333335,1033.5554166666668,4.503304166666667,2011,12,Winter
2011-12-29,2.0446759259259264,0.6500000000000009,3.7944444444444434,0.7664351851851854,0.8808333333333334,5.6692125,1023.3854166666666,5.438445833333334,2011,12,Winter
2011-12-30,1.0722222222222222,-1.083333333333333,3.894444444444444,-1.1777777777777776,0.9170833333333334,7.809841666666667,1013.9870833333333,3.819054166666667,2011,12,Winter
2011-12-31,1.0752314814814816,-2.894444444444445,6.111111111111111,-1.055787037037037,0.8295833333333333,8.775170833333334,1017.1466666666666,9.871983333333334,2011,12,Winter
2012-01-01,0.31990740740740725,-5.116666666666667,4.977777777777778,-2.389583333333334,0.8291666666666666,9.115283333333334,1022.8979166666667,7.8051458333333334,2012,1,Winter
2012-01-02,3.5018518518518515,-0.0166666666666672,8.88888888888889,0.5393518518518514,0.7966666666666667,11.785200000000001,1020.7025,9.200479166666666,2012,1,Winter
2012-01-03,5.109027777777778,0.5555555555555556,10.0,3.4115740740740743,0.83625,9.040820833333333,1023.6566666666668,9.610358333333332,2012,1,Winter
2012-01-04,4.047453703703703,-1.1111111111111112,7.777777777777778,1.193287037037037,0.8845833333333334,12.224595833333334,1018.41375,6.527208333333334,2012,1,Winter
2012-01-05,4.210185185185185,-1.7555555555555555,7.222222222222222,0.8217592592592594,0.7425,16.7138125,1005.3633333333333,12.202458333333333,2012,1,Winter
2012-01-06,3.8988425925925925,2.2222222222222223,6.127777777777778,-0.25,0.7270833333333333,21.190954166666668,998.7904166666667,12.317841666666666,2012,1,Winter
2012-01-07,1.3872685185185185,-2.7777777777777777,4.027777777777778,-2.191666666666667,0.6991666666666667,16.231483333333333,1015.1795833333334,11.729520833333334,2012,1,Winter
2012-01-08,2.154166666666667,0.0,3.922222222222224,-0.04606481481481487,0.9270833333333334,8.852316666666667,1013.1316666666667,5.112420833333334,2012,1,Winter
2012-01-09,2.5131944444444443,-0.5555555555555556,5.0,0.2511574074074073,0.8841666666666667,9.3239125,1020.5412500000001,10.397916666666667,2012,1,Winter
2012-01-10,1.1664351851851855,-0.5555555555555556,2.2222222222222223,-1.017361111111111,0.9170833333333334,8.04195,1025.8320833333335,9.809595833333335,2012,1,Winter
2012-01-11,3.2858796296296298,1.1111111111111112,7.222222222222222,1.4872685185185184,0.84625,7.986941666666667,1030.5170833333334,11.043929166666667,2012,1,Winter
2012-01-12,4.1611111111111105,0.0,8.88888888888889,1.4548611111111107,0.8254166666666666,11.145895833333334,1026.57125,11.398129166666665,2012,1,Winter
2012-01-13,2.9317129629629632,-0.5555555555555556,7.222222222222222,-1.2377314814814815,0.7329166666666667,20.2055,1016.4829166666667,11.295491666666669,2012,1,Winter
2012-01-14,1.3886574074074076,-1.6666666666666667,5.0,-3.8997685185185187,0.6862499999999999,24.231841666666668,1015.6149999999999,12.284970833333333,2012,1,Winter
2012-01-15,-0.5877314814814815,-3.888888888888889,2.7777777777777777,-5.666203703703704,0.6541666666666667,18.8853,1017.6420833333333,12.300400000000002,2012,1,Winter
2012-01-16,-2.874537037037037,-5.750000000000001,1.022222222222224,-4.719907407407407,0.73875,5.932849999999999,1023.61125,12.584833333333334,2012,1,Winter
2012-01-17,-1.8148148148148149,-6.111111111111111,0.1055555555555542,-5.503935185185185,0.8575,10.694425,1024.49,7.517358333333334,2012,1,Winter
2012-01-18,-1.619212962962963,-4.444444444444445,0.1388888888888889,-3.4534722222222225,0.9195833333333333,6.586241666666667,1030.9095833333333,3.2448208333333337,2012,1,Winter
2012-01-19,0.2812499999999997,-4.444444444444445,4.444444444444445,-3.513888888888889,0.8783333333333333,12.496283333333333,1022.3691666666667,7.189991666666667,2012,1,Winter
2012-01-20,4.322916666666667,2.2222222222222223,5.8500000000000005,1.2365740740740745,0.86375,14.006329166666667,1012.17875,9.286345833333334,2012,1,Winter
2012-01-21,1.5509259259259263,-1.1111111111111112,5.016666666666668,-2.5349537037037035,0.7637499999999999,15.709575000000001,1014.065,12.231304166666668,2012,1,Winter
2012-01-22,4.54212962962963,1.2166666666666657,8.93888888888889,1.053935185185185,0.7204166666666666,18.675329166666668,1008.7108333333334,10.835970833333334,2012,1,Winter
2012-01-23,5.463425925925926,0.0,10.0,2.926851851851852,0.7329166666666667,15.499604166666666,1013.6479166666667,12.491587500000001,2012,1,Winter
2012-01-24,3.589814814814815,1.1111111111111112,5.0,1.788657407407407,0.88125,8.5974,1014.7691666666666,12.537204166666667,2012,1,Winter
2012-01-25,1.0710648148148152,0.0,2.794444444444445,-4.550231481481482,0.7129166666666666,25.521183333333337,1015.7891666666666,11.953579166666666,2012,1,Winter
2012-01-26,-0.6104166666666665,-1.1111111111111112,0.0500000000000019,-5.262962962962963,0.8825,15.989983333333335,1019.9558333333333,7.0524708333333335,2012,1,Winter
2012-01-27,-2.0358796296296293,-4.688888888888889,2.2222222222222223,-4.643518518518518,0.7799999999999999,8.262654166666666,1028.4424999999999,7.149070833333333,2012,1,Winter
2012-01-28,-1.373611111111111,-3.333333333333333,2.2222222222222223,-4.6030092592592595,0.7637499999999999,10.630025,1032.105,8.457866666666666,2012,1,Winter
2012-01-29,-2.7428240740740737,-6.666666666666667,1.1111111111111112,-4.828935185185185,0.73875,7.006183333333333,1032.4729166666666,10.104091666666667,2012,1,Winter
2012-01-30,-5.648611111111111,-10.0,-1.1111111111111112,-7.736111111111111,0.76375,5.989870833333334,1032.9591666666668,7.281225,2012,1,Winter
2012-01-31,-6.438657407407407,-11.283333333333337,0.0,-9.0375,0.7383333333333333,7.050458333333334,1030.835,10.029629166666668,2012,1,Winter
2012-02-01,-6.415046296296296,-10.88888888888889,-2.2222222222222223,-9.760185185185184,0.6095833333333334,8.561845833333335,1027.5445833333333,10.548854166666667,2012,2,Winter
2012-02-02,-9.922916666666667,-13.905555555555557,-6.111111111111111,-14.520833333333334,0.57375,9.734462500000001,1028.7058333333332,11.719458333333334,2012,2,Winter
2012-02-03,-11.202314814814814,-12.655555555555557,-9.95,-18.825462962962963,0.68,17.921312500000003,1028.86375,5.658479166666667,2012,2,Winter
2012-02-04,-10.774768518518519,-11.11111111111111,-10.0,-17.355555555555554,0.8450000000000001,14.362541666666667,1027.1570833333333,3.077783333333334,2012,2,Winter
2012-02-05,-12.38263888888889,-17.77777777777778,-8.88888888888889,-15.606944444444444,0.7579166666666667,6.501045833333333,1029.3733333333332,8.193558333333334,2012,2,Winter
2012-02-06,-11.163194444444445,-13.144444444444444,-9.444444444444445,-17.703703703703706,0.8045833333333333,13.596449999999999,1027.6095833333334,4.777675,2012,2,Winter
2012-02-07,-9.236805555555556,-15.0,-6.111111111111111,-13.799537037037036,0.7999999999999999,10.976175,1023.9945833333333,5.3914875,2012,2,Winter
2012-02-08,-15.310185185185185,-20.0,-8.816666666666668,-17.641435185185184,0.6366666666666667,5.948279166666667,1035.1825000000001,4.70925,2012,2,Winter
2012-02-09,-15.372685185185185,-21.11111111111111,-7.777777777777778,-18.048842592592592,0.6345833333333334,6.581545833333333,1031.05875,5.3639833333333335,2012,2,Winter
2012-02-10,-15.958796296296297,-21.822222222222223,-8.88888888888889,-17.815509259259258,0.7479166666666667,4.7629166666666665,1033.8425,2.1620958333333333,2012,2,Winter
2012-02-11,-12.762500000000001,-20.55555555555556,-9.444444444444445,-16.678703703703704,0.7033333333333333,7.493208333333333,1029.89375,5.486745833333334,2012,2,Winter
2012-02-12,-8.600925925925926,-10.0,-7.672222222222222,-12.124537037037037,0.7779166666666666,8.066770833333335,1027.27125,5.329770833333334,2012,2,Winter
2012-02-13,-6.494212962962963,-8.333333333333334,-3.888888888888889,-8.701157407407408,0.8291666666666666,5.8422875,1020.335,4.596550000000001,2012,2,Winter
2012-02-14,-8.825231481481483,-12.77777777777778,-5.0,-11.34236111111111,0.7966666666666667,6.684854166666667,1016.1741666666667,4.978925,2012,2,Winter
2012-02-15,-4.49537037037037,-11.877777777777778,0.5555555555555556,-10.657407407407407,0.8195833333333332,20.546283333333335,1004.6079166666667,8.448475,2012,2,Winter
2012-02-16,-0.7337962962962962,-8.88888888888889,1.1277777777777784,-6.440046296296296,0.6725,24.456570833333334,1010.38625,12.148791666666668,2012,2,Winter
2012-02-17,-4.058101851851852,-12.77777777777778,1.6666666666666667,-7.237962962962963,0.9,9.598954166666667,1019.47625,6.664058333333333,2012,2,Winter
2012-02-18,1.548611111111111,-5.0,7.777777777777778,-1.0261574074074074,0.82375,9.849845833333333,1020.3804166666667,9.942420833333333,2012,2,Winter
2012-02-19,0.27013888888888876,-2.844444444444445,2.3277777777777766,-3.6136574074074073,0.8508333333333334,14.4276125,1021.09625,7.31745,2012,2,Winter
2012-02-20,1.0287037037037037,0.0,1.961111111111112,-1.881712962962963,0.9049999999999999,10.318758333333333,1029.3091666666667,4.720654166666667,2012,2,Winter
2012-02-21,-0.6293981481481481,-6.111111111111111,6.111111111111111,-2.573611111111111,0.7508333333333334,7.575720833333334,1033.8933333333332,6.211916666666667,2012,2,Winter
2012-02-22,-4.198379629629629,-8.88888888888889,2.2222222222222223,-5.9875,0.8762500000000001,5.8838791666666665,1032.825,2.612225,2012,2,Winter
2012-02-23,-4.396296296296296,-10.0,1.6666666666666667,-8.336574074074074,0.9258333333333333,11.534308333333334,1025.8620833333332,1.536879166666667,2012,2,Winter
2012-02-24,4.083333333333333,0.0,7.222222222222222,0.7442129629629632,0.7995833333333334,14.671795833333334,1020.4325,10.599166666666667,2012,2,Winter
2012-02-25,6.507175925925925,1.6666666666666667,11.11111111111111,3.6520833333333336,0.715,20.0706625,1016.2608333333333,11.475945833333334,2012,2,Winter
2012-02-26,4.368518518518519,0.5555555555555556,8.88888888888889,0.6777777777777777,0.7016666666666667,18.527745833333334,1013.7908333333334,12.255454166666667,2012,2,Winter
2012-02-27,1.3506944444444444,-1.6666666666666667,3.888888888888889,-2.438425925925926,0.5804166666666667,14.19215,1020.9,12.616362500000001,2012,2,Winter
2012-02-28,-1.3347222222222221,-5.0,1.1111111111111112,-4.665972222222222,0.81,10.377791666666667,1020.6941666666667,8.841583333333334,2012,2,Winter
2012-02-29,6.153935185185184,0.0,11.144444444444446,4.009722222222222,0.7945833333333333,16.459566666666667,1014.1229166666667,10.404625000000001,2012,2,Winter
2012-03-01,5.043287037037037,-1.1111111111111112,11.11111111111111,3.6993055555555556,0.7258333333333334,7.1061375,1024.27375,11.981754166666667,2012,3,Spring
2012-03-02,8.87962962962963,3.888888888888889,14.011111111111113,7.480324074074075,0.7808333333333333,13.917108333333333,1020.6025,11.798616666666668,2012,3,Spring
2012-03-03,4.707870370370371,0.294444444444445,10.0,3.613425925925926,0.7045833333333333,7.082658333333334,1024.1320833333332,11.300858333333332,2012,3,Spring
2012-03-04,2.813657407407407,-3.888888888888889,7.866666666666664,0.5763888888888888,0.5775,9.874666666666668,1023.88,11.637616666666666,2012,3,Spring
2012-03-05,1.5129629629629626,-3.333333333333333,7.222222222222222,-1.490509259259259,0.5454166666666667,12.010600000000002,1021.6970833333334,11.950895833333334,2012,3,Spring
2012-03-06,-0.6307870370370369,-6.111111111111111,5.072222222222224,-3.6532407407407406,0.5654166666666667,11.873750000000001,1025.7683333333332,10.483112499999999,2012,3,Spring
2012-03-07,-1.425,-7.222222222222222,3.888888888888889,-4.6819444444444445,0.48875,9.543275,1030.0495833333332,11.966995833333334,2012,3,Spring
2012-03-08,0.6594907407407408,-5.555555555555555,7.255555555555556,-1.7224537037037038,0.5745833333333333,8.245212500000001,1025.0054166666666,11.349158333333333,2012,3,Spring
2012-03-09,1.8284722222222223,-3.888888888888889,7.777777777777778,1.1921296296296298,0.6358333333333334,4.479825,1034.47875,10.310708333333332,2012,3,Spring
2012-03-10,2.2300925925925923,-5.0,10.0,1.9219907407407408,0.64875,3.650675,1034.1425,7.485829166666666,2012,3,Spring
2012-03-11,3.6715277777777775,-3.333333333333333,11.11111111111111,1.0842592592592593,0.7329166666666667,16.919758333333334,1019.9820833333333,9.8511875,2012,3,Spring
2012-03-12,4.621759259259259,-2.2222222222222223,11.11111111111111,2.25787037037037,0.4795833333333333,14.538970833333332,1019.9279166666666,11.982425,2012,3,Spring
2012-03-13,6.602777777777778,1.6666666666666667,12.22222222222222,5.988888888888888,0.5679166666666666,6.117329166666667,1024.9533333333334,11.9643125,2012,3,Spring
2012-03-14,7.675462962962963,1.2833333333333343,12.22222222222222,5.89837962962963,0.65625,13.884908333333334,1024.2545833333334,11.396116666666666,2012,3,Spring
2012-03-15,6.887962962962963,2.1000000000000005,13.88888888888889,5.365277777777778,0.6358333333333334,10.811820833333334,1027.97125,12.325891666666665,2012,3,Spring
2012-03-16,8.59212962962963,0.0,17.77777777777778,7.9750000000000005,0.4658333333333333,8.560504166666666,1028.3408333333334,11.966995833333334,2012,3,Spring
2012-03-17,11.644907407407407,1.1111111111111112,22.77777777777778,10.558564814814815,0.4479166666666667,11.893875000000001,1020.8204166666666,11.456491666666667,2012,3,Spring
2012-03-18,13.440277777777778,3.888888888888889,22.77777777777778,12.52337962962963,0.42333333333333334,15.044779166666666,1019.1429166666667,11.695979166666667,2012,3,Spring
2012-03-19,13.17314814814815,6.111111111111111,20.0,12.424537037037036,0.55,16.4642625,1023.9266666666667,12.0206625,2012,3,Spring
2012-03-20,10.735879629629629,4.444444444444445,17.77777777777778,10.099074074074075,0.4695833333333333,8.528975,1033.3054166666666,11.950895833333334,2012,3,Spring
2012-03-21,10.94675925925926,2.2222222222222223,20.0,10.777314814814815,0.43583333333333335,8.6195375,1033.6316666666667,11.950895833333334,2012,3,Spring
2012-03-22,12.045138888888888,2.2222222222222223,21.11111111111111,12.004629629629628,0.4633333333333333,2.7309625000000004,1030.6408333333334,11.950895833333334,2012,3,Spring
2012-03-23,12.706249999999999,2.7777777777777777,22.22222222222222,12.638657407407408,0.48374999999999996,3.3628875,1025.7416666666666,11.2961625,2012,3,Spring
2012-03-24,12.813194444444443,3.888888888888889,22.22222222222222,12.75023148148148,0.49666666666666665,5.131204166666667,1022.7624999999999,11.6704875,2012,3,Spring
2012-03-25,13.634953703703703,3.888888888888889,22.22222222222222,13.450925925925928,0.4383333333333333,11.508816666666668,1021.6520833333334,12.0045625,2012,3,Spring
2012-03-26,10.093981481481482,4.444444444444445,15.016666666666667,8.855787037037038,0.2975,17.242429166666668,1026.7658333333334,11.950895833333334,2012,3,Spring
2012-03-27,9.14398148148148,-1.1111111111111112,16.11111111111111,8.623842592592593,0.36000000000000004,13.707808333333334,1024.9641666666666,11.966995833333334,2012,3,Spring
2012-03-28,11.822685185185186,2.7777777777777777,17.77777777777778,11.284490740740742,0.4395833333333334,9.543275,1021.7333333333332,11.311591666666667,2012,3,Spring
2012-03-29,14.063194444444443,9.444444444444445,18.88888888888889,13.768981481481482,0.4033333333333333,24.263370833333337,1010.8941666666666,12.430541666666668,2012,3,Spring
2012-03-30,10.142592592592592,7.222222222222222,13.75,7.8657407407407405,0.5783333333333334,30.429670833333333,1007.3408333333333,11.753670833333333,2012,3,Spring
2012-03-31,12.39074074074074,7.777777777777778,18.038888888888888,11.205324074074076,0.5408333333333334,22.732529166666666,1003.93,12.617704166666668,2012,3,Spring
2012-04-01,5.787731481481482,-0.5555555555555556,10.0,2.1300925925925926,0.43083333333333335,22.589641666666665,1011.9170833333333,12.105858333333332,2012,4,Spring
2012-04-02,7.941435185185185,-2.7777777777777777,16.11111111111111,6.45324074074074,0.3779166666666667,16.344854166666668,1013.6329166666666,12.029383333333334,2012,4,Spring
2012-04-03,12.162962962962963,2.2222222222222223,21.11111111111111,11.292361111111111,0.49833333333333335,14.5926375,1010.35,12.0206625,2012,4,Spring
2012-04-04,16.65324074074074,9.844444444444443,23.88888888888889,16.629398148148148,0.55625,10.219475000000001,1008.9050000000001,11.966995833333334,2012,4,Spring
2012-04-05,17.238194444444442,7.777777777777778,25.0,17.007638888888888,0.5795833333333333,7.992979166666667,1009.2191666666666,11.966995833333334,2012,4,Spring
2012-04-06,15.020833333333334,11.11111111111111,21.11111111111111,15.020833333333334,0.6970833333333334,16.897620833333335,1005.1708333333332,11.220358333333335,2012,4,Spring
2012-04-07,11.598611111111111,7.777777777777778,17.344444444444445,11.243287037037037,0.7983333333333333,10.127570833333333,1002.5716666666667,9.983341666666666,2012,4,Spring
2012-04-08,6.515972222222222,3.888888888888889,8.977777777777776,2.426388888888889,0.57125,26.21817916666667,1003.0904166666666,12.119275,2012,4,Spring
2012-04-09,3.1453703703703706,-2.2222222222222223,6.283333333333335,0.8541666666666666,0.6066666666666667,10.972820833333335,1012.235,11.8556375,2012,4,Spring
2012-04-10,5.949537037037037,-3.888888888888889,12.77777777777778,4.878472222222222,0.5425,9.710983333333333,1013.3312500000001,9.385629166666666,2012,4,Spring
2012-04-11,11.887500000000001,2.7777777777777777,19.01666666666667,10.911111111111111,0.4875,13.340191666666668,1004.3416666666667,11.765745833333334,2012,4,Spring
2012-04-12,11.620601851851852,4.688888888888887,17.17777777777778,11.24375,0.6333333333333333,15.962479166666668,1003.505,12.6405125,2012,4,Spring
2012-04-13,12.689814814814815,2.4555555555555566,17.944444444444443,12.515972222222222,0.5775,8.932145833333333,1003.785,12.159525,2012,4,Spring
2012-04-14,11.355555555555554,8.88888888888889,13.95,10.900925925925925,0.93,8.8087125,995.5454166666667,8.797308333333334,2012,4,Spring
2012-04-15,13.56875,10.1,17.633333333333336,13.56875,0.7745833333333333,10.814504166666666,996.6420833333333,9.840454166666667,2012,4,Spring
2012-04-16,12.638194444444444,8.527777777777779,17.366666666666664,12.236805555555556,0.725,12.498295833333335,1004.6154166666666,11.5940125,2012,4,Spring
2012-04-17,7.630787037037037,6.683333333333334,8.027777777777779,4.923611111111112,0.89875,16.93787083333333,1007.0416666666666,8.699366666666668,2012,4,Spring
2012-04-18,8.220601851851852,6.255555555555555,11.11111111111111,6.932175925925925,0.8929166666666667,8.160016666666666,1001.5204166666667,8.687291666666667,2012,4,Spring
2012-04-19,10.017824074074074,2.7777777777777777,16.022222222222226,9.531018518518518,0.8258333333333333,9.852529166666667,998.9029166666666,7.336233333333333,2012,4,Spring
2012-04-20,12.919212962962964,5.0,17.82777777777778,12.575462962962964,0.6983333333333334,9.602979166666666,999.7458333333334,9.689516666666668,2012,4,Spring
2012-04-21,12.275231481481482,8.88888888888889,17.22222222222222,11.846990740740742,0.7991666666666667,12.295033333333334,1005.8620833333333,12.496283333333333,2012,4,Spring
2012-04-22,12.88125,6.022222222222224,20.0,12.340277777777779,0.7525,12.775350000000001,1009.8566666666667,12.384254166666667,2012,4,Spring
2012-04-23,13.081481481481482,8.88888888888889,17.77777777777778,12.944212962962963,0.7912500000000001,9.570108333333334,1011.4279166666666,11.365929166666668,2012,4,Spring
2012-04-24,15.157175925925927,7.777777777777778,20.12222222222222,14.943055555555555,0.7308333333333333,17.517470833333334,1006.8333333333334,12.347358333333334,2012,4,Spring
2012-04-25,12.027777777777779,7.777777777777778,17.22222222222222,11.622916666666667,0.7475,11.4652125,1010.8420833333333,12.590200000000001,2012,4,Spring
2012-04-26,15.661342592592591,6.666666666666667,22.77777777777778,15.246527777777779,0.605,14.388033333333333,1014.3116666666666,11.3686125,2012,4,Spring
2012-04-27,18.524074074074075,7.777777777777778,26.11111111111111,18.5,0.5420833333333334,9.1951125,1019.1941666666667,11.9965125,2012,4,Spring
2012-04-28,20.61388888888889,11.11111111111111,27.77777777777778,20.46875,0.53875,9.101195833333334,1022.1225,11.966995833333334,2012,4,Spring
2012-04-29,21.310185185185187,13.88888888888889,27.82777777777778,21.01666666666667,0.43083333333333335,18.433829166666666,1018.8691666666667,11.983095833333332,2012,4,Spring
2012-04-30,21.6375,11.11111111111111,30.0,21.27824074074074,0.46625,9.445333333333334,1016.025,11.948883333333333,2012,4,Spring
2012-05-01,21.889814814814816,12.22222222222222,30.0,21.485648148148147,0.49041666666666667,6.0435375,1012.81625,12.237341666666666,2012,5,Spring
2012-05-02,22.4087962962963,13.333333333333334,31.11111111111111,21.959027777777777,0.5275,5.8785125,1012.1004166666667,11.982425,2012,5,Spring
2012-05-03,22.742824074074075,15.0,30.0,22.486342592592592,0.4979166666666666,9.930345833333334,1007.2104166666667,11.2438375,2012,5,Spring
2012-05-04,17.91574074074074,11.666666666666666,22.811111111111117,17.91574074074074,0.735,11.017766666666667,1006.61375,11.888508333333334,2012,5,Spring
2012-05-05,17.80763888888889,10.416666666666666,25.0,17.80763888888889,0.6425,11.1955375,1008.5154166666666,12.0367625,2012,5,Spring
2012-05-06,19.608564814814816,12.77777777777778,25.0,19.608564814814816,0.49374999999999997,12.776020833333334,1011.6116666666667,11.998525,2012,5,Spring
2012-05-07,15.993518518518519,13.88888888888889,17.77777777777778,15.993518518518519,0.81,10.361020833333333,1012.4116666666667,12.629108333333335,2012,5,Spring
2012-05-08,14.30486111111111,10.555555555555555,18.88888888888889,14.30486111111111,0.7925,8.7684625,1017.9354166666667,11.710066666666668,2012,5,Spring
2012-05-09,16.37962962962963,9.444444444444445,22.77777777777778,16.37962962962963,0.6749999999999999,6.111291666666667,1020.91375,11.209625,2012,5,Spring
2012-05-10,18.362962962962964,10.0,25.0,18.362962962962964,0.625,5.537058333333333,1024.62125,12.065608333333335,2012,5,Spring
2012-05-11,20.81736111111111,10.866666666666667,27.82777777777778,20.63449074074074,0.57875,3.9257166666666667,1024.7958333333333,11.998525,2012,5,Spring
2012-05-12,22.200925925925926,12.77777777777778,30.0,21.877314814814813,0.5570833333333334,11.425633333333336,1018.5491666666667,10.463658333333333,2012,5,Spring
2012-05-13,11.047916666666667,8.88888888888889,12.86111111111111,10.002777777777778,0.7637499999999999,18.266120833333336,1021.47625,11.126441666666667,2012,5,Spring
2012-05-14,9.764814814814814,7.777777777777778,11.11111111111111,8.405555555555555,0.86375,12.452679166666668,1014.7712499999999,11.568520833333332,2012,5,Spring
2012-05-15,11.883564814814816,9.444444444444445,13.88888888888889,11.526620370370372,0.8891666666666667,10.014870833333333,1009.3966666666666,11.883141666666667,2012,5,Spring
2012-05-16,13.677546296296297,10.555555555555555,17.77777777777778,13.677546296296297,0.7529166666666667,16.5568375,1007.4120833333333,11.865699999999999,2012,5,Spring
2012-05-17,11.529398148148147,10.0,13.005555555555553,11.252546296296297,0.7170833333333334,14.6188,1014.3995833333333,12.488233333333334,2012,5,Spring
2012-05-18,12.97662037037037,7.638888888888889,17.77777777777778,12.609953703703704,0.6266666666666666,9.060275,1018.3904166666666,12.341320833333334,2012,5,Spring
2012-05-19,16.17152777777778,7.305555555555555,22.77777777777778,16.17152777777778,0.67875,4.098791666666667,1017.1220833333333,11.453137499999999,2012,5,Spring
2012-05-20,19.78865740740741,10.27777777777778,27.22222222222222,19.778472222222224,0.625,7.123579166666667,1013.2516666666667,12.132691666666666,2012,5,Spring
2012-05-21,21.071296296296296,13.88888888888889,26.11111111111111,21.071296296296296,0.6183333333333333,18.394920833333334,1008.8145833333333,12.063595833333332,2012,5,Spring
2012-05-22,16.819675925925925,14.444444444444445,20.0,16.819675925925925,0.8695833333333334,9.1387625,1005.6766666666667,12.055545833333333,2012,5,Spring
2012-05-23,18.306018518518517,14.394444444444442,23.88888888888889,18.306018518518517,0.8354166666666667,6.471529166666667,1009.4808333333334,10.4831125,2012,5,Spring
2012-05-24,20.180324074074075,15.488888888888887,24.844444444444445,20.180324074074075,0.6941666666666667,22.179091666666668,1006.4566666666666,12.590200000000001,2012,5,Spring
2012-05-25,17.732407407407408,11.833333333333332,22.21111111111112,17.732407407407408,0.5554166666666667,20.1753125,1014.3291666666668,12.026029166666667,2012,5,Spring
2012-05-26,14.596064814814815,8.91111111111111,19.050000000000004,14.302314814814816,0.6741666666666667,14.056641666666666,1016.9108333333334,12.441275,2012,5,Spring
2012-05-27,15.872916666666669,10.0,21.12777777777778,15.872916666666669,0.62375,11.256583333333333,1015.7779166666666,12.158183333333334,2012,5,Spring
2012-05-28,15.389583333333334,7.733333333333334,21.11111111111111,15.331018518518519,0.6679166666666667,9.334645833333335,1012.0679166666667,12.27625,2012,5,Spring
2012-05-29,15.694444444444445,10.0,20.0,15.694444444444445,0.7279166666666667,8.2049625,998.6816666666665,11.795933333333332,2012,5,Spring
2012-05-30,18.914120370370373,10.0,25.11666666666666,18.914120370370373,0.6404166666666667,8.892566666666667,1008.9195833333333,10.9620875,2012,5,Spring
2012-05-31,20.088194444444444,13.711111111111112,26.11111111111111,20.088194444444444,0.6091666666666667,8.747666666666667,1015.9720833333334,11.956262500000001,2012,5,Spring
2012-06-01,18.443981481481483,13.699999999999998,23.744444444444444,18.443981481481483,0.6895833333333333,13.2845125,1013.0445833333333,12.3990125,2012,6,Summer
2012-06-02,18.017592592592592,14.43888888888889,22.64444444444445,18.017592592592592,0.6608333333333333,8.608133333333333,1016.5095833333334,12.400354166666666,2012,6,Summer
2012-06-03,22.544212962962963,13.933333333333332,28.86666666666666,22.583333333333332,0.6616666666666667,13.202670833333334,1012.44875,12.240025000000001,2012,6,Summer
2012-06-04,22.57199074074074,16.34444444444445,29.95,22.49259259259259,0.6333333333333333,11.570533333333335,1008.3566666666667,11.7751375,2012,6,Summer
2012-06-05,15.966898148148147,10.02222222222222,18.86666666666666,15.966898148148147,0.7579166666666667,18.835658333333335,1009.59625,12.278262499999999,2012,6,Summer
2012-06-06,15.849305555555555,9.227777777777778,22.16111111111111,15.514583333333334,0.6620833333333334,9.31385,1013.3991666666667,12.374862499999999,2012,6,Summer
2012-06-07,20.364814814814817,11.716666666666669,27.272222222222226,20.34328703703704,0.6520833333333333,8.550441666666666,1011.5116666666667,12.1816625,2012,6,Summer
2012-06-08,23.46666666666667,17.322222222222223,29.08888888888889,23.552314814814817,0.6383333333333333,12.072987500000002,1010.7866666666667,12.049508333333334,2012,6,Summer
2012-06-09,25.36898148148148,17.299999999999997,32.0611111111111,25.534259259259258,0.6108333333333333,7.493879166666667,1012.6641666666666,11.845574999999998,2012,6,Summer
2012-06-10,22.864583333333332,17.849999999999998,28.50555555555556,23.12013888888889,0.7012499999999999,9.822341666666668,1009.7624999999999,12.327233333333334,2012,6,Summer
2012-06-11,20.166666666666668,17.244444444444444,24.88888888888889,20.166666666666668,0.7983333333333333,8.879150000000001,1005.89125,12.398341666666667,2012,6,Summer
2012-06-12,19.0962962962963,15.511111111111113,24.65,19.0962962962963,0.8633333333333333,11.270670833333334,1004.9770833333333,12.013954166666666,2012,6,Summer
2012-06-13,18.57847222222222,13.88888888888889,22.649999999999995,18.57847222222222,0.7404166666666666,15.347995833333334,1000.7049999999999,10.860791666666666,2012,6,Summer
2012-06-14,18.4712962962963,12.094444444444449,23.88888888888889,18.4712962962963,0.685,9.648595833333333,995.4045833333331,11.322995833333332,2012,6,Summer
2012-06-15,20.372916666666665,10.911111111111111,27.17222222222222,20.327546296296294,0.61875,4.299370833333334,1015.0570833333333,11.064054166666667,2012,6,Summer
2012-06-16,22.63611111111111,12.272222222222224,29.92777777777778,22.3849537037037,0.5716666666666667,7.287933333333334,1021.98,12.348700000000001,2012,6,Summer
2012-06-17,24.76226851851852,15.488888888888887,31.15555555555555,24.59375,0.5670833333333333,8.281437500000001,1020.3420833333333,11.913329166666665,2012,6,Summer
2012-06-18,25.46087962962963,16.116666666666664,32.24444444444445,25.361342592592592,0.57625,8.763095833333333,1018.725,11.928087499999998,2012,6,Summer
2012-06-19,26.462731481481484,17.22222222222222,32.77777777777778,26.508333333333336,0.5599999999999999,8.7684625,1006.4033333333333,11.391420833333333,2012,6,Summer
2012-06-20,27.35046296296296,17.82777777777778,33.888888888888886,27.18912037037037,0.5120833333333333,11.882470833333334,994.1504166666665,10.685704166666666,2012,6,Summer
2012-06-21,28.022916666666664,18.09444444444444,35.0,28.028240740740742,0.46875,13.262375,992.7624999999998,10.681008333333333,2012,6,Summer
2012-06-22,24.818287037037038,18.88888888888889,29.05555555555556,25.089814814814815,0.6229166666666667,13.106070833333334,1001.6708333333332,12.268870833333333,2012,6,Summer
2012-06-23,24.350231481481483,18.277777777777786,29.97222222222222,24.13032407407408,0.5283333333333333,12.854508333333333,1019.6166666666667,12.026029166666667,2012,6,Summer
2012-06-24,23.683564814814815,15.211111111111112,30.97222222222222,23.332407407407405,0.5316666666666666,8.013775,1017.8170833333334,11.913329166666665,2012,6,Summer
2012-06-25,21.57314814814815,15.872222222222222,29.83333333333333,21.580324074074074,0.6904166666666667,11.498754166666666,1012.7754166666667,12.284970833333333,2012,6,Summer
2012-06-26,19.11087962962963,11.716666666666669,23.93888888888889,19.11087962962963,0.55875,15.042095833333335,1018.2824999999999,11.971691666666667,2012,6,Summer
2012-06-27,19.259953703703705,10.050000000000002,26.06111111111111,19.259953703703705,0.5329166666666666,9.423866666666667,1018.9566666666666,11.9160125,2012,6,Summer
2012-06-28,22.366435185185185,12.372222222222224,28.950000000000003,22.26597222222222,0.5654166666666667,7.579745833333334,1015.0795833333333,11.9763875,2012,6,Summer
2012-06-29,26.016666666666666,16.06666666666667,32.794444444444444,25.729166666666668,0.53125,5.790633333333333,1014.1070833333333,11.8918625,2012,6,Summer
2012-06-30,28.254166666666666,19.33333333333333,36.13333333333334,27.9400462962963,0.4779166666666667,8.488054166666666,1014.62875,12.156841666666667,2012,6,Summer
2012-07-01,29.28912037037037,20.48333333333333,36.2,29.43263888888889,0.4791666666666667,8.730895833333333,1014.65125,11.898570833333332,2012,7,Summer
2012-07-02,28.971759259259258,19.288888888888888,35.138888888888886,29.12060185185185,0.4870833333333333,11.043258333333334,1016.44125,11.8979,2012,7,Summer
2012-07-03,28.256944444444443,19.65,35.11666666666666,27.74791666666667,0.42791666666666667,14.5725125,1014.4783333333334,11.928087499999998,2012,7,Summer
2012-07-04,27.87523148148148,17.89444444444444,35.111111111111114,27.374305555555555,0.44416666666666665,5.7094625,1011.64875,11.913329166666665,2012,7,Summer
2012-07-05,28.648611111111112,18.811111111111117,37.24444444444445,28.197916666666668,0.45125,6.6875375,1009.3391666666666,11.418925,2012,7,Summer
2012-07-06,29.12476851851852,21.23888888888889,37.02777777777778,29.198842592592595,0.45916666666666667,12.223254166666669,1010.1887499999999,11.783187499999999,2012,7,Summer
2012-07-07,27.90949074074074,20.09444444444445,35.06666666666667,27.977546296296296,0.5441666666666667,4.174595833333334,1010.8516666666666,12.170258333333335,2012,7,Summer
2012-07-08,29.061805555555555,19.90555555555555,37.06666666666667,29.38564814814815,0.5158333333333334,7.474425,1009.6570833333334,12.049508333333334,2012,7,Summer
2012-07-09,27.659259259259258,19.488888888888887,33.91111111111112,27.58101851851852,0.4991666666666667,12.376875,1006.855,11.786541666666666,2012,7,Summer
2012-07-10,25.799999999999997,19.444444444444443,32.58888888888888,25.76226851851852,0.5516666666666666,8.588008333333333,1010.80125,11.740924999999999,2012,7,Summer
2012-07-11,25.893287037037037,16.71666666666667,32.77777777777778,25.874537037037033,0.5566666666666666,7.1302875000000006,1005.5504166666666,11.099608333333334,2012,7,Summer
2012-07-12,22.178472222222222,16.783333333333335,27.73333333333333,22.127083333333335,0.6679166666666667,12.5398875,1012.2624999999999,11.781175,2012,7,Summer
2012-07-13,22.82476851851852,15.18888888888889,29.95,22.649768518518517,0.5633333333333334,9.367516666666667,1006.57,11.98645,2012,7,Summer
2012-07-14,24.868518518518517,14.994444444444447,32.91111111111111,24.671296296296294,0.5620833333333334,8.190204166666668,1009.8895833333332,12.192395833333334,2012,7,Summer
2012-07-15,21.49328703703704,15.95,26.244444444444444,21.49328703703704,0.6033333333333334,14.93275,1012.3220833333334,12.022004166666667,2012,7,Summer
2012-07-16,19.572453703703705,13.333333333333334,24.88333333333334,19.572453703703705,0.5650000000000001,18.976533333333332,1019.7220833333334,12.015295833333333,2012,7,Summer
2012-07-17,20.621296296296297,12.622222222222222,26.06111111111111,20.621296296296297,0.4741666666666666,14.928725,1021.5991666666667,11.928087499999998,2012,7,Summer
2012-07-18,20.96712962962963,13.722222222222223,27.08333333333333,20.913194444444446,0.5408333333333334,11.2035875,1019.4341666666666,12.079025,2012,7,Summer
2012-07-19,24.436574074074073,14.31111111111111,32.266666666666666,23.88564814814815,0.455,14.386691666666666,1013.4170833333334,11.915341666666665,2012,7,Summer
2012-07-20,25.050462962962964,17.68888888888889,31.266666666666666,24.74189814814815,0.49374999999999997,11.785200000000001,1012.8795833333334,11.898570833333332,2012,7,Summer
2012-07-21,23.081249999999997,18.7,27.694444444444443,23.024537037037035,0.5204166666666666,19.787570833333334,1013.0100000000001,11.922049999999999,2012,7,Summer
2012-07-22,19.258564814814815,16.16111111111111,22.800000000000004,19.258564814814815,0.7091666666666666,16.091279166666666,1018.61375,12.636487500000001,2012,7,Summer
2012-07-23,22.326851851851853,15.511111111111113,28.005555555555556,22.34166666666667,0.5670833333333333,19.405195833333334,1020.7466666666666,11.928087499999998,2012,7,Summer
2012-07-24,20.875462962962963,17.783333333333335,26.977777777777774,20.896527777777777,0.76625,11.976387500000001,1017.9508333333333,10.028958333333334,2012,7,Summer
2012-07-25,21.625694444444445,18.86666666666666,25.155555555555555,21.625694444444445,0.8583333333333334,6.154225,1014.1270833333333,9.852529166666667,2012,7,Summer
2012-07-26,21.799074074074074,17.31111111111111,26.15555555555555,21.799074074074074,0.8591666666666667,6.466833333333334,1014.1408333333334,9.425879166666666,2012,7,Summer
2012-07-27,23.3,17.68888888888889,29.738888888888887,23.686805555555555,0.7625000000000001,5.547791666666668,1013.4679166666666,10.010175,2012,7,Summer
2012-07-28,25.755787037037038,17.82777777777778,32.71111111111111,26.0625,0.6595833333333333,4.0089,1011.89125,10.901041666666666,2012,7,Summer
2012-07-29,24.83125,18.594444444444445,33.861111111111114,25.233101851851853,0.6720833333333333,11.885825000000002,1010.7329166666667,11.682562500000001,2012,7,Summer
2012-07-30,23.91898148148148,17.800000000000004,28.911111111111115,24.068749999999998,0.6804166666666666,10.105433333333334,1014.61625,12.0770125,2012,7,Summer
2012-07-31,24.091898148148147,17.800000000000004,30.95,23.95925925925926,0.61,12.965195833333334,1015.7725,11.3183,2012,7,Summer
2012-08-01,24.95625,16.783333333333335,31.13333333333334,24.675925925925924,0.5637500000000001,8.986483333333334,1015.1516666666666,11.8979,2012,8,Summer
2012-08-02,25.547916666666666,17.433333333333334,32.800000000000004,25.693055555555556,0.63375,3.5903000000000005,1014.4133333333334,12.180320833333333,2012,8,Summer
2012-08-03,26.03888888888889,18.28888888888889,32.333333333333336,26.29398148148148,0.6191666666666666,4.275220833333333,1013.4045833333333,12.0407875,2012,8,Summer
2012-08-04,27.049074074074074,17.96111111111111,34.861111111111114,27.231712962962963,0.5829166666666666,5.979808333333334,1013.4816666666667,12.007245833333334,2012,8,Summer
2012-08-05,28.79976851851852,18.89444444444445,37.10555555555556,28.77337962962963,0.5091666666666667,9.429904166666667,1011.245,12.123970833333333,2012,8,Summer
2012-08-06,29.96041666666667,20.677777777777777,37.82222222222222,29.674074074074074,0.44708333333333333,10.037679166666667,1012.2483333333333,11.786541666666666,2012,8,Summer
2012-08-07,25.56226851851852,16.583333333333332,31.00555555555556,25.191666666666666,0.4429166666666667,18.485483333333335,1018.105,11.642312500000001,2012,8,Summer
2012-08-08,23.775000000000002,14.511111111111113,31.0,23.2912037037037,0.45333333333333337,13.551504166666668,1019.8083333333334,11.901254166666666,2012,8,Summer
2012-08-09,23.320138888888888,15.116666666666667,29.86111111111111,22.967361111111114,0.43124999999999997,13.098691666666667,1019.5975,11.913329166666665,2012,8,Summer
2012-08-10,21.43726851851852,13.883333333333336,27.75,21.25162037037037,0.43875,12.712291666666667,1018.6658333333334,11.706041666666666,2012,8,Summer
2012-08-11,18.691898148148148,12.727777777777776,25.95,18.691898148148148,0.5279166666666667,12.8216375,1016.3833333333333,11.716104166666668,2012,8,Summer
2012-08-12,16.796296296296294,8.972222222222221,23.72222222222222,16.67037037037037,0.6437499999999999,9.615054166666667,1015.4362500000001,12.199104166666666,2012,8,Summer
2012-08-13,17.42638888888889,8.872222222222222,25.016666666666666,17.411805555555556,0.59875,5.7738625,1014.9404166666667,11.979070833333333,2012,8,Summer
2012-08-14,19.274074074074075,9.927777777777775,27.17222222222222,19.211574074074075,0.45,14.571170833333333,1013.9629166666667,11.697320833333334,2012,8,Summer
2012-08-15,19.87476851851852,8.761111111111113,28.86111111111111,19.540972222222223,0.48041666666666666,7.440883333333333,1014.3095833333333,11.883141666666667,2012,8,Summer
2012-08-16,21.236805555555552,10.694444444444445,29.92777777777778,20.81921296296296,0.48125,8.779195833333334,1014.7358333333333,11.898570833333332,2012,8,Summer
2012-08-17,22.70023148148148,12.766666666666664,30.966666666666665,22.3224537037037,0.4979166666666666,6.332666666666667,1018.46125,11.913329166666665,2012,8,Summer
2012-08-18,22.910416666666666,16.005555555555556,29.95,22.559722222222224,0.4925,11.192854166666669,1021.3479166666666,11.928087499999998,2012,8,Summer
2012-08-19,22.41365740740741,12.711111111111112,31.08333333333333,21.89837962962963,0.49291666666666667,8.636979166666666,1023.0454166666667,11.949554166666667,2012,8,Summer
2012-08-20,24.95787037037037,12.805555555555554,34.95,24.28333333333333,0.4683333333333333,3.5970083333333336,1020.8495833333333,12.142083333333334,2012,8,Summer
2012-08-21,26.914583333333336,15.633333333333333,36.15555555555555,26.213657407407407,0.4483333333333333,4.094095833333333,1016.9033333333333,11.8979,2012,8,Summer
2012-08-22,27.977314814814815,17.183333333333334,37.727777777777774,27.399074074074075,0.4466666666666667,6.549345833333334,1014.4083333333333,11.9784,2012,8,Summer
2012-08-23,28.53148148148148,17.76111111111111,37.61111111111112,28.09837962962963,0.4345833333333333,7.405329166666667,1013.12125,11.8979,2012,8,Summer
2012-08-24,29.11388888888889,18.077777777777783,38.86111111111112,28.62476851851852,0.4345833333333333,8.608133333333333,1010.7758333333333,11.883141666666667,2012,8,Summer
2012-08-25,28.049537037037037,18.87777777777778,37.65555555555555,27.54212962962963,0.4175,7.3677625,1010.0995833333333,11.8979,2012,8,Summer
2012-08-26,24.574537037037036,16.116666666666664,32.52777777777778,24.305324074074075,0.5033333333333333,18.829620833333333,1008.9333333333334,12.199104166666666,2012,8,Summer
2012-08-27,19.60925925925926,13.861111111111112,26.03888888888889,19.60925925925926,0.6229166666666667,18.256058333333332,1016.4779166666667,11.559129166666667,2012,8,Summer
2012-08-28,18.024768518518517,8.955555555555556,26.06111111111111,18.024768518518517,0.5399999999999999,6.314554166666667,1006.0295833333333,11.152604166666665,2012,8,Summer
2012-08-29,20.367824074074075,9.038888888888891,29.92777777777778,20.022453703703704,0.5208333333333334,3.29245,1007.6845833333332,11.410874999999999,2012,8,Summer
2012-08-30,22.93773148148148,12.666666666666664,32.17222222222222,22.365740740740744,0.49041666666666667,4.2644875,1017.6037500000001,11.928087499999998,2012,8,Summer
2012-08-31,25.09583333333333,13.261111111111113,33.90555555555555,24.255092592592593,0.3875,12.981295833333334,1012.7183333333334,11.528941666666666,2012,8,Summer
2012-09-01,23.477546296296296,16.666666666666668,30.933333333333337,23.124074074074073,0.4666666666666666,9.721045833333333,1015.6204166666666,11.912658333333333,2012,9,Fall
2012-09-02,23.822685185185183,14.511111111111113,32.111111111111114,23.482870370370367,0.51,10.148366666666668,1019.8508333333333,11.8979,2012,9,Fall
2012-09-03,23.855787037037036,14.67777777777778,32.24444444444445,23.308564814814815,0.4741666666666667,6.083116666666666,1017.6854166666667,11.942845833333335,2012,9,Fall
2012-09-04,23.874537037037033,16.072222222222223,31.127777777777776,23.377314814814813,0.45208333333333334,7.249695833333334,1015.4479166666666,11.6141375,2012,9,Fall
2012-09-05,24.006944444444446,14.255555555555553,30.85555555555556,23.77291666666667,0.5558333333333333,6.645945833333333,1014.1933333333333,10.9218375,2012,9,Fall
2012-09-06,21.269444444444446,14.994444444444447,25.60555555555556,21.269444444444446,0.6670833333333334,11.14925,1016.6149999999999,11.944858333333334,2012,9,Fall
2012-09-07,17.428472222222222,10.905555555555557,23.972222222222225,17.428472222222222,0.4991666666666667,9.1105875,1022.7191666666666,11.883141666666667,2012,9,Fall
2012-09-08,20.005555555555556,9.966666666666663,28.86111111111111,19.73541666666667,0.5091666666666667,9.897475,1019.7020833333332,11.898570833333332,2012,9,Fall
2012-09-09,21.72939814814815,12.13888888888889,28.838888888888885,21.462037037037035,0.4920833333333334,9.054237500000001,1019.3216666666667,11.898570833333332,2012,9,Fall
2012-09-10,21.561805555555555,12.2,31.03888888888889,21.146064814814814,0.47,8.657775,1019.2795833333333,11.913329166666665,2012,9,Fall
2012-09-11,22.39375,13.733333333333333,30.988888888888887,22.011342592592595,0.42875,12.80755,1017.0025,12.134033333333333,2012,9,Fall
2012-09-12,22.04861111111111,14.75,28.93333333333333,21.70277777777778,0.38666666666666666,15.616999999999999,1010.1320833333333,11.942845833333335,2012,9,Fall
2012-09-13,16.13726851851852,12.68888888888889,19.7,16.13726851851852,0.695,16.095975,1006.0079166666666,12.121958333333334,2012,9,Fall
2012-09-14,17.241203703703704,12.711111111111112,22.322222222222223,17.241203703703704,0.7741666666666666,12.339979166666668,1010.3879166666667,10.839995833333333,2012,9,Fall
2012-09-15,16.423842592592592,10.6,22.36111111111111,16.423842592592592,0.68125,12.305766666666669,1013.0808333333333,12.198433333333334,2012,9,Fall
2012-09-16,16.895833333333332,8.355555555555554,23.83888888888889,16.78125,0.5558333333333333,13.01685,1017.17625,11.867712500000001,2012,9,Fall
2012-09-17,18.18912037037037,13.47222222222222,23.83888888888889,18.18912037037037,0.5895833333333333,5.681287500000001,1017.33625,12.111895833333334,2012,9,Fall
2012-09-18,20.73472222222222,12.011111111111113,27.633333333333333,20.69074074074074,0.5833333333333334,8.732908333333333,1015.2329166666667,11.634933333333334,2012,9,Fall
2012-09-19,20.141666666666666,14.377777777777778,27.027777777777786,20.13912037037037,0.63,15.4781375,1011.2354166666668,11.840208333333335,2012,9,Fall
2012-09-20,11.556018518518519,9.611111111111107,14.372222222222222,11.364351851851852,0.8816666666666667,18.932258333333333,1018.0995833333333,11.557116666666667,2012,9,Fall
2012-09-21,11.43125,5.511111111111112,17.82222222222222,10.912731481481481,0.7083333333333334,10.5616,1022.38125,12.064266666666667,2012,9,Fall
2012-09-22,13.574537037037038,4.961111111111111,22.127777777777776,13.353703703703703,0.6616666666666667,8.626245833333334,1017.1554166666666,11.864358333333334,2012,9,Fall
2012-09-23,15.902777777777779,10.027777777777777,22.31111111111111,15.902777777777779,0.7345833333333333,5.510225000000001,1017.9254166666666,11.559129166666667,2012,9,Fall
2012-09-24,20.855555555555558,11.416666666666664,29.811111111111103,20.728472222222223,0.6166666666666667,11.885154166666666,1008.5779166666666,11.530283333333335,2012,9,Fall
2012-09-25,20.05787037037037,14.86111111111111,26.03888888888889,20.05787037037037,0.6066666666666667,14.549704166666666,1008.93375,11.949554166666667,2012,9,Fall
2012-09-26,21.105324074074073,12.666666666666664,29.95,20.83310185185185,0.5495833333333333,12.686129166666667,1012.7783333333333,12.111225,2012,9,Fall
2012-09-27,23.075925925925926,14.633333333333336,32.016666666666666,22.70023148148148,0.515,12.4795125,1012.9766666666666,11.895216666666668,2012,9,Fall
2012-09-28,16.55,13.894444444444442,21.811111111111117,16.55,0.8279166666666667,6.4742125,1020.4041666666667,11.957604166666668,2012,9,Fall
2012-09-29,18.61689814814815,12.13888888888889,24.133333333333333,18.61689814814815,0.8420833333333334,4.882325000000001,1018.0708333333333,8.1928875,2012,9,Fall
2012-09-30,20.644444444444442,16.177777777777777,25.97222222222222,20.644444444444442,0.7345833333333333,11.578583333333334,1018.0379166666667,10.966783333333334,2012,9,Fall
2012-10-01,19.822916666666668,15.97222222222222,25.022222222222226,19.822916666666668,0.7441666666666666,7.703179166666668,1017.8741666666666,10.395904166666666,2012,10,Fall
2012-10-02,19.02060185185185,14.955555555555556,23.905555555555555,19.02060185185185,0.8691666666666666,12.497625000000001,1015.6070833333333,9.588220833333333,2012,10,Fall
2012-10-03,15.82013888888889,10.933333333333334,21.15555555555555,15.82013888888889,0.8020833333333334,10.744737500000001,1017.8345833333333,9.829720833333333,2012,10,Fall
2012-10-04,15.11064814814815,7.222222222222222,22.77777777777778,15.11064814814815,0.7741666666666666,2.7430375,1016.8616666666667,9.623104166666666,2012,10,Fall
2012-10-05,15.04699074074074,9.355555555555558,21.016666666666666,14.979861111111111,0.6041666666666666,9.546629166666667,1020.2391666666667,11.3827,2012,10,Fall
2012-10-06,15.829166666666666,7.200000000000001,25.97222222222222,15.771064814814814,0.655,6.090495833333333,1018.9004166666667,11.506133333333333,2012,10,Fall
2012-10-07,15.886805555555554,9.422222222222224,22.75555555555555,15.725462962962963,0.7795833333333334,14.589954166666667,1012.53375,11.104975000000001,2012,10,Fall
2012-10-08,9.99537037037037,4.288888888888888,14.949999999999998,9.019675925925926,0.7025,15.451304166666667,1019.5075,12.277591666666666,2012,10,Fall
2012-10-09,9.871296296296295,2.688888888888891,17.17777777777778,9.375694444444443,0.6908333333333333,9.145470833333334,1013.69,11.950225000000001,2012,10,Fall
2012-10-10,11.075694444444444,5.0666666666666655,15.988888888888887,10.649074074074074,0.7229166666666668,9.791483333333334,1013.3770833333333,10.613925,2012,10,Fall
2012-10-11,9.963657407407407,5.644444444444442,15.044444444444444,9.713888888888889,0.7883333333333332,8.118425,1015.4666666666667,10.045058333333333,2012,10,Fall
2012-10-12,11.775231481481482,5.955555555555555,17.15,11.72800925925926,0.7308333333333333,8.206304166666667,1014.1558333333332,11.090887500000001,2012,10,Fall
2012-10-13,12.353472222222223,9.466666666666663,17.733333333333334,12.286111111111111,0.8108333333333334,6.118670833333333,1015.0170833333333,9.6137125,2012,10,Fall
2012-10-14,13.291666666666666,11.57777777777778,14.327777777777776,13.291666666666666,0.9425,5.704095833333334,1010.4483333333333,6.154895833333334,2012,10,Fall
2012-10-15,16.150694444444444,12.161111111111111,22.066666666666663,16.150694444444444,0.8716666666666667,12.983979166666666,1009.1508333333333,9.02405,2012,10,Fall
2012-10-16,14.326620370370371,7.138888888888889,20.727777777777774,14.055092592592594,0.8570833333333333,20.168604166666668,1010.6041666666666,12.199104166666666,2012,10,Fall
2012-10-17,11.785416666666668,6.738888888888891,17.800000000000004,11.09212962962963,0.7975,10.943304166666666,1022.2516666666667,11.722141666666666,2012,10,Fall
2012-10-18,13.546296296296296,7.711111111111112,22.127777777777776,12.92060185185185,0.6841666666666666,11.716775,1023.2483333333333,10.61795,2012,10,Fall
2012-10-19,14.695601851851853,8.172222222222224,24.88333333333334,14.23564814814815,0.7291666666666666,9.117295833333333,1021.4200000000001,11.441733333333334,2012,10,Fall
2012-10-20,15.103703703703703,7.66111111111111,24.88333333333334,14.92824074074074,0.73,7.998345833333334,1019.9,11.347145833333334,2012,10,Fall
2012-10-21,13.972916666666665,7.750000000000002,22.194444444444443,13.972916666666665,0.735,10.236916666666668,1021.1745833333333,10.171845833333334,2012,10,Fall
2012-10-22,11.80023148148148,3.866666666666667,21.06111111111111,11.738425925925926,0.8091666666666667,4.752183333333334,1022.0904166666668,5.621583333333334,2012,10,Fall
2012-10-23,10.31875,3.866666666666667,18.88888888888889,10.199537037037038,0.8866666666666667,4.424145833333333,1022.2995833333333,4.016279166666666,2012,10,Fall
2012-10-24,9.972222222222223,4.044444444444445,15.933333333333334,9.72175925925926,0.85,4.3899333333333335,1020.0445833333333,7.020941666666666,2012,10,Fall
2012-10-25,10.561574074074073,9.105555555555556,12.0,10.40625,0.9379166666666667,4.1920375000000005,1014.7716666666666,3.4205791666666667,2012,10,Fall
2012-10-26,10.470138888888888,3.8555555555555534,16.083333333333332,9.916666666666666,0.7937500000000001,9.605662500000001,1009.9683333333332,8.964345833333335,2012,10,Fall
2012-10-27,13.32314814814815,8.933333333333332,17.77777777777778,12.975000000000001,0.8241666666666667,26.390583333333336,994.07375,11.180108333333335,2012,10,Fall
2012-10-28,3.9250000000000003,2.688888888888891,8.855555555555554,-0.05486111111111122,0.92875,19.552779166666667,1003.3908333333334,10.397916666666667,2012,10,Fall
2012-10-29,2.844907407407408,2.061111111111112,3.866666666666667,-0.2571759259259257,0.9387500000000001,12.238012500000002,1009.9825000000001,8.677900000000001,2012,10,Fall
2012-10-30,2.6497685185185187,-0.0722222222222216,6.93888888888889,-0.8858796296296294,0.8204166666666667,14.352479166666669,1012.90625,11.2639625,2012,10,Fall
2012-10-31,4.236805555555555,-0.1833333333333323,8.977777777777776,1.073148148148148,0.8125,13.638041666666666,1014.1975000000001,11.651033333333332,2012,10,Fall
2012-11-01,10.124074074074075,5.216666666666667,13.816666666666666,8.796296296296296,0.8391666666666667,25.073066666666666,1001.44875,11.720129166666666,2012,11,Fall
2012-11-02,10.210648148148147,5.327777777777779,17.07222222222222,9.353009259259258,0.9199999999999999,10.817858333333334,1008.1316666666667,8.121779166666666,2012,11,Fall
2012-11-03,8.283564814814815,2.5333333333333345,14.988888888888887,6.898148148148148,0.9787499999999999,11.261279166666668,1015.44,3.5084583333333335,2012,11,Fall
2012-11-04,12.924537037037036,6.0888888888888895,20.022222222222226,12.205324074074076,0.8075,14.302166666666666,1012.0529166666666,9.751233333333333,2012,11,Fall
2012-11-05,12.116435185185184,7.6,18.28888888888889,10.791666666666666,0.8341666666666666,25.97735,1002.6070833333333,11.443075,2012,11,Fall
2012-11-06,8.598148148148148,4.027777777777778,13.75,7.4594907407407405,0.8075,7.628045833333334,1015.40375,12.180320833333333,2012,11,Fall
2012-11-07,7.523611111111111,2.116666666666668,11.11111111111111,5.81712962962963,0.7258333333333332,12.096466666666666,1024.2541666666666,12.186358333333333,2012,11,Fall
2012-11-08,8.37800925925926,3.9611111111111126,12.894444444444446,7.063657407407407,0.80875,10.727966666666667,1024.4116666666666,11.7791625,2012,11,Fall
2012-11-09,7.667592592592594,3.1333333333333337,12.77777777777778,6.531018518518518,0.8112499999999999,11.091558333333333,1019.2824999999999,11.733545833333332,2012,11,Fall
2012-11-10,5.191435185185185,1.5277777777777777,8.177777777777777,2.7814814814814817,0.9608333333333333,12.609654166666667,1021.7433333333333,3.9760291666666667,2012,11,Fall
2012-11-11,9.737037037037037,6.111111111111111,13.838888888888889,7.884722222222223,0.7158333333333333,20.642883333333334,1019.0612500000001,11.834841666666668,2012,11,Fall
2012-11-12,10.495601851851852,6.994444444444446,15.0,9.691435185185185,0.7904166666666667,7.294641666666667,1023.02875,11.0184375,2012,11,Fall
2012-11-13,9.197685185185184,6.177777777777776,11.08888888888889,7.663888888888889,0.8954166666666666,13.7272625,1028.6495833333333,9.774041666666667,2012,11,Fall
2012-11-14,4.798148148148148,1.1333333333333329,7.294444444444445,2.907870370370371,0.8558333333333333,8.791941666666668,1031.62125,10.509275,2012,11,Fall
2012-11-15,6.01574074074074,2.3888888888888875,9.83888888888889,5.5122685185185185,0.93125,4.935320833333333,1028.1812499999999,4.819937500000001,2012,11,Fall
2012-11-16,5.1090277777777775,2.1722222222222203,9.955555555555556,3.6847222222222222,0.94625,7.2785416666666665,1025.4966666666667,3.8546083333333336,2012,11,Fall
2012-11-17,5.887037037037037,1.71111111111111,11.066666666666668,4.13912037037037,0.9104166666666668,10.417370833333335,1021.4441666666667,6.654666666666667,2012,11,Fall
2012-11-18,7.127777777777777,3.916666666666665,12.66111111111111,4.992824074074074,0.855,13.698416666666667,1018.4429166666667,10.526716666666667,2012,11,Fall
2012-11-19,5.857638888888889,2.3666666666666654,11.133333333333333,5.200462962962963,0.9016666666666667,6.507083333333334,1020.3375,6.394383333333334,2012,11,Fall
2012-11-20,4.805787037037037,-0.0277777777777781,9.855555555555558,2.926388888888889,0.9445833333333334,9.49095,1022.7770833333334,3.592983333333333,2012,11,Fall
2012-11-21,5.342361111111111,2.933333333333334,7.944444444444443,4.462037037037037,0.9475000000000001,5.891258333333334,1023.7945833333333,5.490770833333333,2012,11,Fall
2012-11-22,7.443287037037038,5.883333333333336,8.827777777777778,5.936342592592593,0.8537499999999999,8.982458333333334,1025.8666666666666,10.288570833333333,2012,11,Fall
2012-11-23,7.756481481481482,6.133333333333333,8.961111111111112,7.053009259259259,0.89125,5.789291666666667,1024.7370833333332,9.219933333333334,2012,11,Fall
2012-11-24,7.486342592592592,1.183333333333335,11.08888888888889,7.346990740740741,0.9258333333333333,3.323979166666667,1025.1312500000001,3.9183375000000003,2012,11,Fall
2012-11-25,5.055787037037038,2.2000000000000006,8.816666666666666,4.386574074074074,0.9874999999999999,5.164075,1022.8129166666666,2.0393333333333334,2012,11,Fall
2012-11-26,7.868055555555556,5.022222222222222,12.127777777777776,6.253240740740741,0.9187500000000001,11.490033333333335,1018.6316666666667,6.897508333333334,2012,11,Fall
2012-11-27,9.162268518518518,6.800000000000001,14.11111111111111,7.427777777777778,0.8566666666666666,13.7473875,1012.8104166666667,10.359008333333334,2012,11,Fall
2012-11-28,10.544444444444444,6.133333333333333,14.894444444444446,9.524768518518519,0.7975,18.920183333333334,1004.7575,11.518879166666666,2012,11,Fall
2012-11-29,11.384953703703703,7.933333333333334,15.02222222222222,10.78101851851852,0.8466666666666667,20.945429166666667,995.4979166666667,12.029383333333334,2012,11,Fall
2012-11-30,5.163657407407407,3.866666666666667,6.71111111111111,2.771296296296297,0.8758333333333334,10.992945833333335,1003.7579166666666,12.2339875,2012,11,Fall
2012-12-01,3.8231481481481477,0.6444444444444426,7.177777777777779,2.4868055555555553,0.8329166666666666,6.2930874999999995,1013.4441666666667,10.556904166666667,2012,12,Winter
2012-12-02,3.576620370370371,0.6166666666666664,4.888888888888888,1.4662037037037035,0.9674999999999999,9.592916666666667,1009.9716666666667,4.442929166666667,2012,12,Winter
2012-12-03,1.0782407407407406,-0.6277777777777772,2.205555555555555,-4.035185185185186,0.8612500000000001,21.53509166666667,1008.0354166666666,8.3176625,2012,12,Winter
2012-12-04,0.6226851851851853,-3.822222222222221,3.955555555555554,-3.09375,0.8416666666666667,13.375075,1007.3808333333333,10.632708333333333,2012,12,Winter
2012-12-05,0.10856481481481496,-1.4833333333333345,1.2444444444444456,-1.4680555555555557,0.9754166666666667,6.7982249999999995,1002.3887500000001,4.2859541666666665,2012,12,Winter
2012-12-06,-1.8787037037037038,-3.4777777777777787,-1.1055555555555547,-2.683564814814815,0.9945833333333334,3.8955291666666665,1010.2275,2.8503708333333333,2012,12,Winter
2012-12-07,-1.7111111111111112,-2.994444444444445,1.0166666666666655,-4.933333333333334,0.7616666666666667,9.246766666666668,1016.0241666666667,10.772912499999999,2012,12,Winter
2012-12-08,-2.737731481481481,-3.327777777777777,-2.294444444444444,-9.604861111111111,0.8691666666666666,27.249920833333334,1011.5875,6.15825,2012,12,Winter
2012-12-09,-5.276851851851851,-13.094444444444443,-2.111111111111112,-11.037731481481481,0.8020833333333334,20.27727916666667,1014.235,8.1083625,2012,12,Winter
2012-12-10,-7.977777777777778,-12.716666666666669,-4.761111111111111,-12.02037037037037,0.8454166666666666,8.602766666666666,1012.5324999999999,7.310741666666668,2012,12,Winter
2012-12-11,-4.759722222222222,-9.744444444444444,-1.6888888888888884,-8.76689814814815,0.8458333333333333,10.092016666666668,1013.3954166666667,6.635883333333333,2012,12,Winter
2012-12-12,-3.3847222222222224,-7.266666666666666,-2.155555555555555,-9.713194444444445,0.78125,21.8859375,1019.0366666666667,9.892779166666667,2012,12,Winter
2012-12-13,-7.851157407407407,-13.22777777777778,-3.811111111111111,-14.062037037037037,0.765,15.682741666666667,1025.3583333333333,11.429658333333334,2012,12,Winter
2012-12-14,-2.015972222222222,-5.527777777777778,-0.0222222222222217,-8.769444444444444,0.7283333333333334,27.56051666666667,1019.8266666666667,12.600933333333332,2012,12,Winter
2012-12-15,1.0155092592592598,-1.1333333333333329,2.2000000000000006,-5.129166666666666,0.82,30.172070833333336,1016.3583333333332,11.889179166666667,2012,12,Winter
2012-12-16,1.0789351851851847,0.68888888888889,1.183333333333335,-0.9696759259259259,0.9908333333333333,8.025179166666666,1015.2120833333333,2.435795833333333,2012,12,Winter
2012-12-17,2.1541666666666672,1.0888888888888897,2.7833333333333323,-0.6217592592592591,0.96125,10.177883333333334,1013.6574999999999,8.29955,2012,12,Winter
2012-12-18,2.0990740740740743,0.0833333333333325,3.866666666666667,-0.6303240740740739,0.9733333333333333,10.042375000000002,1013.0920833333333,6.193133333333333,2012,12,Winter
2012-12-19,2.7171296296296297,1.3000000000000018,4.005555555555556,1.2437500000000001,0.9475000000000001,6.501045833333333,1018.7079166666667,7.9473625000000006,2012,12,Winter
2012-12-20,0.6842592592592592,-4.516666666666666,2.844444444444443,-1.2997685185185188,0.9125,7.5649875,1020.2429166666667,4.750170833333333,2012,12,Winter
2012-12-21,-2.6710648148148146,-3.9166666666666665,-2.205555555555555,-4.937731481481482,0.99125,6.632529166666667,1017.5879166666667,1.5026666666666666,2012,12,Winter
2012-12-22,-3.2217592592592594,-4.938888888888889,-2.2000000000000006,-5.093518518518518,0.9766666666666667,5.820820833333333,1023.5591666666666,2.9664250000000005,2012,12,Winter
2012-12-23,-0.949537037037037,-2.2222222222222223,-0.0111111111111108,-4.486342592592592,0.9116666666666666,10.887625,1021.4679166666666,5.861070833333334,2012,12,Winter
2012-12-24,1.9629629629629628,0.0166666666666672,6.0555555555555545,-0.8104166666666667,0.9166666666666666,10.030970833333333,1019.5179166666667,4.960141666666667,2012,12,Winter
2012-12-25,3.254398148148148,-1.072222222222222,7.411111111111113,0.3344907407407403,0.8945833333333333,11.459845833333334,1016.8491666666667,5.499491666666667,2012,12,Winter
2012-12-26,7.272916666666667,4.072222222222221,11.894444444444442,5.393055555555556,0.8833333333333333,11.111683333333334,1015.8825,9.144129166666668,2012,12,Winter
2012-12-27,4.7034722222222225,2.2666666666666657,7.894444444444446,1.7874999999999999,0.9691666666666667,13.170470833333333,1017.7029166666666,9.280308333333334,2012,12,Winter
2012-12-28,3.9479166666666665,1.0166666666666655,7.638888888888889,0.7300925925925924,0.8670833333333333,16.581658333333333,1019.5324999999999,9.242741666666667,2012,12,Winter
2012-12-29,-0.9793981481481485,-3.077777777777777,2.2666666666666657,-4.40462962962963,0.7733333333333333,11.686587500000002,1031.4058333333335,11.109670833333332,2012,12,Winter
2012-12-30,-0.5717592592592593,-3.011111111111112,4.53888888888889,-3.2145833333333336,0.8383333333333334,8.2371625,1027.3825,7.088695833333333,2012,12,Winter
2012-12-31,-3.2493055555555554,-4.977777777777778,-1.2055555555555566,-5.51574074074074,0.99125,6.624479166666667,1020.8275,1.0981541666666665,2012,12,Winter
2013-01-01,-3.3754629629629633,-4.927777777777779,-1.2055555555555566,-3.723148148148148,0.9883333333333333,3.2099375,1020.3425000000001,1.0672958333333333,2013,1,Winter
2013-01-02,-2.7148148148148152,-4.927777777777779,-0.5833333333333337,-3.5997685185185184,0.9916666666666667,4.306079166666667,1024.5666666666668,1.6831208333333334,2013,1,Winter
2013-01-03,1.3090277777777777,-2.805555555555556,6.155555555555555,-0.1824074074074075,0.9291666666666667,6.782125000000001,1032.4195833333333,7.833991666666667,2013,1,Winter
2013-01-04,7.180787037037036,3.8333333333333326,10.072222222222225,3.8004629629629627,0.7633333333333333,25.046904166666668,1024.09125,12.1454375,2013,1,Winter
2013-01-05,5.620833333333334,1.122222222222224,7.950000000000001,2.8319444444444444,0.9016666666666667,15.040754166666668,1016.4433333333333,11.312262500000001,2013,1,Winter
2013-01-06,0.47939814814814813,-2.1333333333333333,2.822222222222221,-1.5881944444444447,0.8758333333333334,7.305375000000001,1019.8604166666668,8.805358333333333,2013,1,Winter
2013-01-07,-2.022222222222222,-7.483333333333332,0.6388888888888881,-6.130787037037037,0.7754166666666666,13.102716666666666,1024.2958333333333,11.304883333333335,2013,1,Winter
2013-01-08,-5.103935185185185,-8.722222222222221,-1.25,-7.386111111111112,0.7816666666666667,6.454758333333334,1028.8533333333332,11.762391666666666,2013,1,Winter
2013-01-09,-3.3245370370370364,-4.183333333333334,-2.055555555555556,-7.033564814814816,0.9587500000000001,10.19935,1023.6166666666667,3.871379166666667,2013,1,Winter
2013-01-10,-0.8796296296296298,-3.822222222222221,1.1055555555555567,-3.4872685185185186,0.99125,8.6557625,1013.8154166666667,1.131025,2013,1,Winter
2013-01-11,0.7675925925925929,-1.761111111111112,4.000000000000002,-1.8763888888888889,0.9225,10.621975,1010.7604166666666,7.674333333333333,2013,1,Winter
2013-01-12,-2.2729166666666667,-6.083333333333333,1.1055555555555567,-5.087731481481481,0.7712500000000001,8.78255,1019.1675,11.7872125,2013,1,Winter
2013-01-13,-0.55625,-2.366666666666668,0.994444444444444,-4.528935185185185,0.7933333333333333,12.8256625,1018.9308333333333,11.51955,2013,1,Winter
2013-01-14,3.28125,0.4111111111111122,4.955555555555557,-1.361342592592593,0.7833333333333333,23.5563125,1014.2270833333333,11.263291666666667,2013,1,Winter
2013-01-15,4.831018518518518,2.688888888888891,7.522222222222221,2.0083333333333333,0.9075000000000001,13.754766666666669,1011.1895833333333,9.869970833333333,2013,1,Winter
2013-01-16,3.884259259259259,3.694444444444444,4.772222222222224,1.4937500000000004,0.9904166666666666,10.18325,1002.11,4.58045,2013,1,Winter
2013-01-17,3.618287037037037,2.6611111111111105,4.811111111111109,0.9333333333333332,0.9583333333333334,11.628895833333333,1001.6970833333334,6.458783333333334,2013,1,Winter
2013-01-18,0.0611111111111113,-1.2000000000000002,1.7000000000000013,-3.0384259259259263,0.9795833333333334,11.791237500000001,999.4925,4.1678875,2013,1,Winter
2013-01-19,-2.0567129629629632,-2.855555555555556,-0.816666666666666,-4.859027777777778,0.9120833333333334,8.281437500000001,1002.3491666666667,7.5958458333333345,2013,1,Winter
2013-01-20,2.9437499999999996,-1.094444444444444,7.472222222222224,-0.5326388888888887,0.9029166666666667,15.175591666666667,1001.5908333333333,10.219475000000001,2013,1,Winter
2013-01-21,9.283796296296297,6.577777777777779,12.105555555555554,7.524537037037038,0.8270833333333334,17.00294166666667,996.86,11.732204166666667,2013,1,Winter
2013-01-22,2.2613425925925923,-0.5777777777777773,6.833333333333332,-1.6828703703703705,0.9195833333333333,15.9732125,1001.3470833333334,9.414475000000001,2013,1,Winter
2013-01-23,1.33125,-0.5999999999999991,3.816666666666665,-2.086574074074074,0.9383333333333334,11.856308333333333,1009.62875,6.9491625,2013,1,Winter
2013-01-24,1.042824074074074,-1.911111111111112,5.833333333333333,-3.3319444444444444,0.92625,19.106675,1006.2295833333333,7.245,2013,1,Winter
2013-01-25,-0.6726851851851849,-2.2666666666666657,0.5111111111111121,-6.973148148148148,0.7525,27.070808333333336,1009.3070833333333,11.479970833333333,2013,1,Winter
2013-01-26,-1.6902777777777775,-2.844444444444445,0.0,-5.081018518518518,0.8054166666666668,11.2156625,1014.96875,12.352054166666667,2013,1,Winter
2013-01-27,-0.7534722222222222,-2.45,2.105555555555555,-3.005555555555555,0.8495833333333334,7.8869875,1017.03625,8.568554166666667,2013,1,Winter
2013-01-28,-0.020138888888889376,-2.177777777777779,2.105555555555555,-2.796527777777778,0.9429166666666666,9.079729166666667,1016.6225,5.088941666666667,2013,1,Winter
2013-01-29,1.7268518518518514,-2.2888888888888896,5.922222222222221,-1.4006944444444442,0.9129166666666667,12.015295833333333,1016.55125,5.301595833333334,2013,1,Winter
2013-01-30,5.096064814814815,1.311111111111111,7.355555555555558,2.594444444444444,0.9104166666666668,11.451125,1010.4720833333332,9.129370833333335,2013,1,Winter
2013-01-31,7.067129629629629,2.4833333333333325,11.194444444444445,4.761342592592592,0.7129166666666666,20.35845,1008.17875,11.492045833333334,2013,1,Winter
2013-02-01,6.388888888888889,1.6666666666666667,11.044444444444444,4.1372685185185185,0.715,15.0796625,1006.1916666666666,12.178979166666666,2013,2,Winter
2013-02-02,6.891898148148148,4.905555555555555,9.944444444444445,3.2238425925925926,0.86,22.748629166666664,993.5637499999999,10.743395833333333,2013,2,Winter
2013-02-03,1.6761574074074075,-0.6666666666666663,4.855555555555557,-2.967592592592592,0.935,20.54494166666667,1003.745,9.876679166666667,2013,2,Winter
2013-02-04,0.9050925925925927,-2.377777777777778,3.0388888888888883,-2.802546296296297,0.8279166666666667,12.996054166666667,1014.8229166666666,11.977058333333334,2013,2,Winter
2013-02-05,3.729861111111111,-0.994444444444444,7.622222222222222,0.8282407407407407,0.8341666666666666,12.038775000000001,1009.9320833333333,11.79325,2013,2,Winter
2013-02-06,4.6625000000000005,2.5277777777777763,8.655555555555555,2.3481481481481485,0.8849999999999999,10.072562500000002,996.9154166666667,9.558033333333332,2013,2,Winter
2013-02-07,2.1479166666666667,0.5111111111111121,3.811111111111111,-2.007175925925926,0.8312499999999999,17.1143,999.1658333333334,10.730649999999999,2013,2,Winter
2013-02-08,1.6798611111111112,-0.255555555555556,3.938888888888891,-1.9409722222222223,0.7670833333333333,14.502745833333334,1006.1658333333334,12.472804166666668,2013,2,Winter
2013-02-09,-1.0597222222222222,-2.6555555555555563,-0.0499999999999999,-4.22662037037037,0.9416666666666668,9.395691666666666,1010.1825,7.753491666666666,2013,2,Winter
2013-02-10,-1.2076388888888887,-3.583333333333333,0.8999999999999986,-4.51412037037037,0.9495833333333333,9.937054166666668,1010.0941666666666,4.996366666666667,2013,2,Winter
2013-02-11,-3.3703703703703702,-6.388888888888889,-0.2277777777777778,-7.198611111111112,0.8954166666666666,11.023133333333334,1008.3508333333333,5.811429166666667,2013,2,Winter
2013-02-12,2.3018518518518523,-2.4055555555555546,4.772222222222224,-2.5305555555555554,0.7404166666666666,22.491699999999998,1006.6808333333333,11.522904166666669,2013,2,Winter
2013-02-13,5.067361111111111,2.2222222222222223,8.661111111111113,3.1148148148148143,0.8204166666666667,9.187733333333334,1008.8299999999999,10.8091375,2013,2,Winter
2013-02-14,4.493055555555555,2.7111111111111126,7.07222222222222,3.478009259259259,0.9683333333333333,5.522970833333333,1007.1133333333332,4.557641666666667,2013,2,Winter
2013-02-15,4.648148148148148,2.755555555555556,7.222222222222222,4.255324074074074,0.9474999999999999,3.9082749999999997,1011.375,4.3322416666666665,2013,2,Winter
2013-02-16,4.180555555555556,1.5499999999999996,7.777777777777778,1.9868055555555557,0.89,9.176329166666667,1012.1383333333333,7.379837500000001,2013,2,Winter
2013-02-17,1.7893518518518514,-0.0166666666666672,3.838888888888887,-0.07939814814814816,0.8962500000000001,7.139008333333334,1019.15375,8.229783333333334,2013,2,Winter
2013-02-18,0.9763888888888886,-0.5111111111111121,2.955555555555556,-2.5953703703703703,0.8054166666666666,12.329245833333333,1021.0579166666666,10.589775,2013,2,Winter
2013-02-19,1.670138888888889,-2.2222222222222223,7.083333333333333,-0.1534722222222226,0.79,7.399962500000001,1016.0404166666667,9.054908333333334,2013,2,Winter
2013-02-20,2.6590277777777778,-0.6055555555555555,7.011111111111109,-0.23611111111111113,0.7520833333333333,11.259266666666669,1015.9841666666666,10.396575,2013,2,Winter
2013-02-21,-0.13703703703703696,-2.272222222222222,2.2000000000000006,-3.6155092592592593,0.81625,12.358091666666667,1017.1304166666667,9.725070833333334,2013,2,Winter
2013-02-22,0.329861111111111,-1.183333333333333,2.083333333333333,-2.182175925925926,0.9899999999999999,8.704062500000001,1008.92875,2.5927708333333332,2013,2,Winter
2013-02-23,4.550462962962963,0.5277777777777793,8.683333333333334,0.8043981481481485,0.9129166666666667,19.315975,1006.8449999999999,7.960779166666668,2013,2,Winter
2013-02-24,6.882638888888889,5.627777777777779,7.88888888888889,2.7803240740740747,0.8595833333333333,27.35054583333333,1011.0620833333332,11.792579166666668,2013,2,Winter
2013-02-25,8.482407407407408,4.938888888888889,12.07222222222222,6.8835648148148145,0.8608333333333333,12.421150000000003,1017.66375,11.123758333333335,2013,2,Winter
2013-02-26,7.250462962962963,6.116666666666665,7.872222222222224,6.45925925925926,0.9695833333333334,5.9348625,1020.065,9.5634,2013,2,Winter
2013-02-27,5.326388888888889,3.938888888888891,6.066666666666667,4.757407407407407,0.9674999999999999,4.359075,1023.5404166666667,6.0951916666666675,2013,2,Winter
2013-02-28,4.314120370370371,-0.5999999999999991,7.433333333333334,3.7016203703703696,0.9125,4.3785291666666675,1026.2450000000001,6.308516666666667,2013,2,Winter
2013-03-01,2.888425925925926,-1.6666666666666667,7.083333333333333,0.9831018518518521,0.9070833333333334,9.152179166666667,1019.7725,6.222650000000001,2013,3,Spring
2013-03-02,3.4636574074074082,-0.688888888888888,7.733333333333334,0.9240740740740739,0.7258333333333334,10.515983333333333,1020.8229166666666,11.333729166666666,2013,3,Spring
2013-03-03,3.0127314814814814,-2.8888888888888884,9.949999999999998,0.9145833333333334,0.7145833333333332,10.256370833333333,1019.72625,10.348945833333334,2013,3,Spring
2013-03-04,2.718287037037037,-2.2500000000000004,8.88888888888889,0.5379629629629633,0.6829166666666667,9.565412499999999,1024.6283333333333,10.7387,2013,3,Spring
2013-03-05,3.9682870370370367,-3.9166666666666665,12.17222222222222,2.127314814814815,0.6358333333333334,13.440145833333334,1026.1441666666667,9.898816666666667,2013,3,Spring
2013-03-06,8.756712962962963,1.6222222222222231,15.944444444444445,6.731018518518518,0.61375,19.75604166666667,1016.3208333333333,11.977729166666668,2013,3,Spring
2013-03-07,9.541898148148148,7.733333333333334,12.261111111111113,7.908101851851852,0.8166666666666668,16.210016666666668,1008.2624999999999,12.150804166666667,2013,3,Spring
2013-03-08,12.486574074074076,5.250000000000002,19.88333333333334,11.846296296296297,0.7620833333333333,12.065608333333335,1004.3420833333333,11.750316666666668,2013,3,Spring
2013-03-09,12.266203703703702,9.138888888888893,17.016666666666666,12.029398148148147,0.8529166666666667,7.677016666666667,1002.1908333333334,9.932358333333333,2013,3,Spring
2013-03-10,10.758333333333333,7.366666666666664,13.905555555555557,10.189814814814815,0.9358333333333334,8.107020833333333,999.8408333333333,6.520500000000001,2013,3,Spring
2013-03-11,9.415277777777778,6.011111111111111,13.93888888888889,8.789120370370371,0.84625,7.81655,992.9545833333333,8.15465,2013,3,Spring
2013-03-12,8.562037037037037,1.0611111111111091,12.894444444444446,8.182175925925925,0.8054166666666666,8.158004166666666,995.5825,9.739829166666667,2013,3,Spring
2013-03-13,9.208333333333334,4.955555555555557,13.677777777777775,8.222453703703705,0.89125,10.4489,997.9499999999999,9.5634,2013,3,Spring
2013-03-14,4.1506944444444445,-0.7111111111111117,7.755555555555556,-0.14791666666666667,0.9795833333333334,22.488345833333337,991.1095833333334,6.579533333333334,2013,3,Spring
2013-03-15,-2.426851851851852,-3.922222222222222,-1.0888888888888897,-8.197222222222223,0.9170833333333334,20.705270833333334,1001.9562500000001,8.654420833333335,2013,3,Spring
2013-03-16,-2.334027777777778,-5.927777777777779,1.0611111111111091,-4.585648148148148,0.7408333333333333,7.815879166666666,1018.94,12.082379166666668,2013,3,Spring
2013-03-17,-1.6201388888888888,-8.983333333333334,2.211111111111109,-4.294675925925926,0.7245833333333334,9.354770833333333,1020.9387499999999,10.6360625,2013,3,Spring
2013-03-18,3.0319444444444446,-1.1555555555555546,5.022222222222222,-2.3326388888888885,0.7679166666666667,29.606558333333336,1006.0904166666666,12.1233,2013,3,Spring
2013-03-19,7.322222222222222,3.883333333333335,11.133333333333333,4.691666666666666,0.8108333333333334,17.549000000000003,1000.4995833333334,11.977729166666668,2013,3,Spring
2013-03-20,8.817361111111111,1.0444444444444458,14.97222222222222,7.682407407407408,0.7079166666666666,12.175625000000002,1008.4362500000001,11.199562499999999,2013,3,Spring
2013-03-21,6.639583333333333,2.244444444444444,9.86111111111111,3.05162037037037,0.8795833333333333,22.40315,1005.9391666666667,11.017095833333334,2013,3,Spring
2013-03-22,2.1972222222222224,-0.5999999999999991,7.155555555555556,-3.393981481481482,0.8254166666666666,29.99966666666667,1010.3104166666667,8.5994125,2013,3,Spring
2013-03-23,0.8814814814814813,-1.683333333333334,3.7722222222222217,-2.296527777777778,0.6883333333333334,11.4169125,1018.1841666666666,12.354066666666666,2013,3,Spring
2013-03-24,-2.0921296296296297,-6.0888888888888895,0.0888888888888869,-8.126157407407407,0.5183333333333333,21.80745,1020.2108333333334,12.003220833333332,2013,3,Spring
2013-03-25,-0.9043981481481483,-2.244444444444444,-0.0666666666666672,-6.2696759259259265,0.8033333333333333,19.797633333333334,1011.0212499999999,7.2107874999999995,2013,3,Spring
2013-03-26,-0.9372685185185187,-2.244444444444444,0.038888888888889,-4.229398148148149,0.9870833333333334,9.989379166666668,1005.27375,2.7470625,2013,3,Spring
2013-03-27,-0.5791666666666667,-1.2055555555555566,0.0666666666666652,-3.53287037037037,0.9816666666666666,8.702720833333334,1011.0183333333333,5.129191666666666,2013,3,Spring
2013-03-28,0.5842592592592588,-5.78888888888889,3.955555555555554,-1.9472222222222222,0.8791666666666668,9.757270833333335,1017.0279166666666,6.709004166666666,2013,3,Spring
2013-03-29,4.268750000000001,1.0444444444444458,7.538888888888888,0.24398148148148133,0.8916666666666666,20.915241666666667,1009.7329166666667,10.302658333333333,2013,3,Spring
2013-03-30,9.09537037037037,4.261111111111112,13.355555555555554,8.144907407407407,0.9512499999999999,9.600295833333334,1004.34,7.562304166666667,2013,3,Spring
2013-03-31,8.98263888888889,1.5499999999999996,14.427777777777775,6.834722222222222,0.8633333333333333,20.89712916666667,998.7791666666667,11.1069875,2013,3,Spring
2013-04-01,4.209953703703704,0.0722222222222236,8.794444444444444,1.7393518518518516,0.72375,10.5917875,1009.9108333333334,11.174070833333333,2013,4,Spring
2013-04-02,5.6000000000000005,1.5499999999999996,8.172222222222224,1.922685185185185,0.92125,21.143995833333335,1006.0391666666666,6.236066666666667,2013,4,Spring
2013-04-03,5.653009259259259,3.2888888888888896,7.666666666666665,2.448148148148148,0.9608333333333333,16.1020125,1004.6983333333334,5.889245833333334,2013,4,Spring
2013-04-04,4.8284722222222225,2.7111111111111126,7.266666666666666,2.20625,0.8504166666666667,11.9160125,1010.49125,10.890308333333335,2013,4,Spring
2013-04-05,5.802777777777777,3.2611111111111097,7.322222222222223,2.8263888888888893,0.9500000000000001,14.980379166666667,1005.665,7.181941666666667,2013,4,Spring
2013-04-06,7.205555555555556,3.777777777777776,9.949999999999998,5.235416666666667,0.88125,10.589775000000001,1011.6116666666667,6.8545750000000005,2013,4,Spring
2013-04-07,5.8694444444444445,1.81111111111111,9.83888888888889,2.6479166666666667,0.7891666666666667,17.7039625,1014.2062500000001,11.406179166666666,2013,4,Spring
2013-04-08,5.6983796296296285,1.71111111111111,9.955555555555556,3.612037037037037,0.67625,9.953825,1012.23,12.224595833333334,2013,4,Spring
2013-04-09,8.299768518518519,3.827777777777778,12.044444444444444,6.9594907407407405,0.8675,10.106775,1009.8312500000001,11.453808333333335,2013,4,Spring
2013-04-10,10.539120370370371,6.038888888888888,17.061111111111114,9.842361111111112,0.8008333333333333,12.113908333333335,1010.6479166666667,10.8856125,2013,4,Spring
2013-04-11,11.97013888888889,3.777777777777776,17.82777777777778,11.758564814814816,0.6879166666666667,11.369283333333334,1013.9379166666666,10.245637499999999,2013,4,Spring
2013-04-12,13.850462962962963,7.872222222222224,20.566666666666663,13.338657407407405,0.7670833333333333,14.073412500000002,1010.5508333333333,12.417125,2013,4,Spring
2013-04-13,12.634490740740743,7.066666666666666,18.79444444444444,12.184490740740742,0.69875,14.189466666666668,1018.5404166666667,11.905279166666666,2013,4,Spring
2013-04-14,12.138425925925924,5.866666666666668,17.800000000000004,11.690277777777778,0.5970833333333333,9.4325875,1026.4433333333334,11.905949999999999,2013,4,Spring
2013-04-15,10.891435185185186,3.683333333333335,17.17222222222222,10.333796296296297,0.6354166666666666,11.353854166666666,1026.62625,11.873079166666665,2013,4,Spring
2013-04-16,12.089120370370372,3.916666666666665,18.93333333333333,11.653935185185185,0.6195833333333334,8.738945833333334,1025.0283333333334,11.934125,2013,4,Spring
2013-04-17,13.896064814814816,3.75,22.17222222222222,13.699305555555556,0.5854166666666667,6.325287500000001,1023.7729166666667,11.948883333333333,2013,4,Spring
2013-04-18,15.450925925925928,5.927777777777779,22.800000000000004,15.40625,0.5695833333333333,4.212162500000001,1020.725,11.824779166666666,2013,4,Spring
2013-04-19,14.998611111111112,7.527777777777776,22.266666666666666,14.654166666666667,0.5266666666666667,8.554466666666666,1018.2608333333334,12.142083333333334,2013,4,Spring
2013-04-20,16.114583333333332,4.933333333333335,22.82222222222222,16.08287037037037,0.5966666666666667,11.408191666666667,1017.68375,11.883141666666667,2013,4,Spring
2013-04-21,16.366435185185185,8.866666666666667,23.83888888888889,16.29259259259259,0.6058333333333333,14.439016666666667,1016.2679166666667,11.697991666666667,2013,4,Spring
2013-04-22,16.475694444444443,7.866666666666664,23.86111111111111,16.262268518518518,0.6241666666666666,12.778704166666666,1014.5491666666667,11.8958875,2013,4,Spring
2013-04-23,16.994907407407407,11.127777777777778,22.800000000000004,16.994907407407407,0.5854166666666667,11.508816666666668,1021.03625,11.886495833333333,2013,4,Spring
2013-04-24,17.853703703703705,8.81111111111111,26.03888888888889,17.785185185185185,0.525,8.576604166666668,1026.5195833333335,11.898570833333332,2013,4,Spring
2013-04-25,19.091666666666665,8.705555555555556,27.70555555555556,18.88912037037037,0.5316666666666666,6.701625,1023.6004166666667,11.42295,2013,4,Spring
2013-04-26,20.10462962962963,9.888888888888888,27.916666666666668,19.924305555555556,0.56625,9.053566666666667,1015.1770833333334,11.925404166666667,2013,4,Spring
2013-04-27,20.71990740740741,12.794444444444444,27.73333333333333,20.553935185185185,0.51625,10.211425,1008.0491666666667,11.883141666666667,2013,4,Spring
2013-04-28,20.238194444444442,14.466666666666663,26.622222222222224,20.238194444444442,0.5954166666666667,13.183216666666667,1012.7783333333333,11.663108333333334,2013,4,Spring
2013-04-29,21.766435185185184,12.066666666666666,29.95,21.425925925925924,0.5470833333333334,9.223958333333334,1018.5783333333334,11.679208333333333,2013,4,Spring
2013-04-30,23.073842592592595,13.594444444444443,31.061111111111103,22.75810185185185,0.5275,10.393891666666667,1018.1999999999999,11.928087499999998,2013,4,Spring
2013-05-01,24.130555555555556,17.11111111111111,31.03888888888889,23.72337962962963,0.50125,5.086258333333333,1018.3316666666666,11.883141666666667,2013,5,Spring
2013-05-02,22.920601851851853,14.533333333333331,31.016666666666666,22.786805555555556,0.5808333333333333,12.554645833333334,1014.1091666666666,11.935466666666665,2013,5,Spring
2013-05-03,21.061805555555555,14.983333333333333,27.24444444444445,21.043055555555558,0.6333333333333333,11.543700000000001,1010.9891666666667,12.080366666666668,2013,5,Spring
2013-05-04,19.13726851851852,11.116666666666664,25.99444444444445,19.13726851851852,0.6604166666666667,9.400387499999999,1015.6887499999999,11.9401625,2013,5,Spring
2013-05-05,19.852777777777778,12.372222222222224,25.95,19.852777777777778,0.6420833333333333,13.251641666666666,1019.2266666666666,11.724154166666667,2013,5,Spring
2013-05-06,19.78935185185185,15.511111111111113,27.03888888888889,19.801157407407405,0.7937500000000001,12.4593875,1018.38625,10.875549999999999,2013,5,Spring
2013-05-07,18.721759259259258,15.45,22.71111111111111,18.721759259259258,0.85125,12.417795833333335,1016.8954166666667,11.877775,2013,5,Spring
2013-05-08,19.407175925925927,15.994444444444444,24.616666666666667,19.407175925925927,0.77625,6.9552000000000005,1016.0116666666667,12.065608333333332,2013,5,Spring
2013-05-09,18.831944444444442,13.733333333333333,22.75555555555555,18.831944444444442,0.6841666666666667,7.4442375,1017.2795833333333,11.673841666666666,2013,5,Spring
2013-05-10,19.871296296296297,11.555555555555554,26.06111111111111,19.871296296296297,0.5904166666666667,14.1036,1013.2208333333333,11.8979,2013,5,Spring
2013-05-11,19.29722222222222,12.355555555555558,25.90555555555555,19.29722222222222,0.7341666666666667,11.056004166666668,1009.2620833333334,11.702016666666667,2013,5,Spring
2013-05-12,15.013425925925924,12.755555555555556,17.227777777777774,15.013425925925924,0.8479166666666668,14.619470833333333,1008.5566666666667,11.104975000000001,2013,5,Spring
2013-05-13,12.403703703703703,9.883333333333333,13.038888888888888,12.32152777777778,0.8458333333333333,17.47587916666667,1012.2695833333333,12.142754166666668,2013,5,Spring
2013-05-14,13.427083333333334,7.327777777777777,17.75,12.854166666666666,0.7141666666666667,13.947966666666668,1013.57,12.473475,2013,5,Spring
2013-05-15,15.973842592592595,9.805555555555555,22.10555555555556,15.973842592592595,0.7075,5.235854166666667,1010.7616666666667,10.432129166666668,2013,5,Spring
2013-05-16,19.14814814814815,9.41111111111111,26.03888888888889,19.14814814814815,0.615,11.593341666666667,1007.4104166666666,11.895216666666668,2013,5,Spring
2013-05-17,18.20138888888889,13.844444444444443,22.72777777777777,18.20138888888889,0.83875,15.156808333333332,1005.8766666666667,11.6564,2013,5,Spring
2013-05-18,17.617361111111112,11.327777777777778,22.91111111111111,17.617361111111112,0.73625,11.145225000000002,1013.8325,10.772912499999999,2013,5,Spring
2013-05-19,21.589583333333334,11.52777777777778,28.87777777777778,21.475462962962965,0.61375,14.027795833333334,1010.8870833333334,11.049966666666668,2013,5,Spring
2013-05-20,18.216898148148147,13.333333333333334,22.800000000000004,18.216898148148147,0.6104166666666667,11.539675,1014.1875,11.958945833333333,2013,5,Spring
2013-05-21,17.652083333333334,13.638888888888888,22.2,17.652083333333334,0.62625,13.117475,1014.0870833333333,11.402825,2013,5,Spring
2013-05-22,14.00763888888889,12.105555555555554,17.766666666666666,14.00763888888889,0.9016666666666667,6.380966666666667,1008.0908333333333,10.650820833333333,2013,5,Spring
2013-05-23,13.884722222222223,11.633333333333333,16.183333333333334,13.884722222222223,0.8595833333333333,13.2845125,1002.1683333333334,12.626425,2013,5,Spring
2013-05-24,14.437962962962963,10.966666666666669,18.88888888888889,14.437962962962963,0.7329166666666667,8.625575,1005.4899999999999,12.176295833333333,2013,5,Spring
2013-05-25,14.356250000000001,11.044444444444444,18.766666666666666,14.356250000000001,0.7520833333333333,12.3587625,1008.1966666666667,12.418466666666667,2013,5,Spring
2013-05-26,10.821064814814816,8.011111111111113,12.227777777777776,10.693518518518518,0.93375,12.699545833333334,1007.90875,9.584866666666667,2013,5,Spring
2013-05-27,11.895138888888889,8.572222222222223,14.922222222222224,11.686805555555557,0.8875000000000001,11.732204166666667,1010.8825,10.836641666666667,2013,5,Spring
2013-05-28,15.37361111111111,10.47222222222222,18.911111111111115,15.37361111111111,0.7820833333333334,9.6761,1009.34375,11.779833333333334,2013,5,Spring
2013-05-29,19.440972222222225,13.683333333333334,24.92777777777778,19.440972222222225,0.6958333333333333,12.600933333333336,1002.7804166666666,11.926074999999999,2013,5,Spring
2013-05-30,15.200231481481481,9.53888888888889,18.72777777777777,15.136111111111111,0.88625,14.416208333333335,1001.2658333333334,10.936595833333334,2013,5,Spring
2013-05-31,13.794212962962964,8.055555555555555,18.79444444444444,13.512500000000001,0.7591666666666667,12.867925,1002.7454166666666,12.977270833333334,2013,5,Spring
2013-06-01,13.349537037037038,9.949999999999998,16.227777777777778,13.324768518518518,0.8745833333333333,4.7193125,1005.8575000000001,10.904395833333334,2013,6,Summer
2013-06-02,15.142824074074072,12.2,18.927777777777774,15.142824074074072,0.8291666666666666,7.698483333333333,1008.2270833333333,12.16355,2013,6,Summer
2013-06-03,14.152083333333332,11.688888888888888,17.73888888888889,14.152083333333332,0.8183333333333334,18.2151375,1012.8645833333334,11.803312499999999,2013,6,Summer
2013-06-04,12.95925925925926,11.133333333333333,14.67222222222222,12.95925925925926,0.915,9.668720833333333,1012.8995833333333,10.185933333333333,2013,6,Summer
2013-06-05,15.65763888888889,12.266666666666666,18.88888888888889,15.65763888888889,0.8891666666666667,5.090954166666667,1015.3833333333333,9.044845833333333,2013,6,Summer
2013-06-06,17.130555555555556,11.71111111111111,21.877777777777776,17.130555555555556,0.8604166666666666,6.787491666666667,1017.3754166666666,8.755716666666666,2013,6,Summer
2013-06-07,18.77800925925926,13.58888888888889,23.86666666666666,18.77800925925926,0.8325,8.725529166666666,1015.6379166666667,9.574804166666667,2013,6,Summer
2013-06-08,20.40740740740741,14.822222222222225,27.15,20.434722222222224,0.7833333333333333,8.799991666666667,1013.2275,10.833287499999999,2013,6,Summer
2013-06-09,21.997222222222224,13.638888888888888,27.61111111111111,22.054166666666664,0.7091666666666666,8.451829166666668,1011.2370833333333,11.469908333333334,2013,6,Summer
2013-06-10,19.887731481481485,14.466666666666663,26.05555555555556,19.887731481481485,0.8241666666666667,9.103879166666667,1008.7520833333333,12.014625,2013,6,Summer
2013-06-11,18.715972222222224,12.933333333333334,23.75555555555556,18.715972222222224,0.7687499999999999,11.769100000000002,1009.9512500000001,12.360104166666666,2013,6,Summer
2013-06-12,19.21712962962963,12.255555555555556,24.93333333333333,19.21712962962963,0.7354166666666666,15.947720833333335,1013.7333333333332,12.586845833333333,2013,6,Summer
2013-06-13,20.86527777777778,14.377777777777778,27.127777777777776,20.875925925925927,0.68125,13.194620833333333,1016.7950000000001,12.546595833333333,2013,6,Summer
2013-06-14,21.775000000000002,13.538888888888888,27.77777777777778,21.77638888888889,0.69125,6.033475,1015.9191666666667,12.010599999999998,2013,6,Summer
2013-06-15,23.056481481481484,15.050000000000002,29.838888888888885,23.117592592592597,0.6820833333333334,4.861529166666667,1015.0104166666666,11.6785375,2013,6,Summer
2013-06-16,24.547916666666666,15.75,31.14444444444445,24.587962962962962,0.6629166666666667,4.267170833333334,1016.1329166666666,11.9240625,2013,6,Summer
2013-06-17,26.01898148148148,16.29444444444444,32.77777777777778,26.17222222222222,0.625,3.7767916666666665,1016.8258333333333,11.555774999999999,2013,6,Summer
2013-06-18,26.84814814814815,17.327777777777776,33.91111111111112,27.628472222222225,0.6604166666666667,3.9310833333333335,1016.4695833333334,11.900583333333332,2013,6,Summer
2013-06-19,27.838194444444444,18.08888888888889,35.0,28.577314814814816,0.62625,3.3870375,1015.5216666666666,11.915341666666665,2013,6,Summer
2013-06-20,28.088657407407407,19.81111111111111,33.95555555555556,29.517592592592592,0.6625,9.909550000000001,1014.6725,11.732875,2013,6,Summer
2013-06-21,28.03125,22.11111111111111,35.09444444444445,29.45023148148148,0.6587500000000001,7.423441666666666,1013.2379166666666,11.659754166666666,2013,6,Summer
2013-06-22,27.492361111111112,20.73333333333333,34.95555555555556,28.727777777777778,0.6729166666666666,6.785479166666668,1011.9854166666668,11.082837500000002,2013,6,Summer
2013-06-23,23.880092592592593,19.383333333333333,28.81666666666667,24.48726851851852,0.80625,6.874029166666666,1011.07125,11.8818,2013,6,Summer
2013-06-24,19.97824074074074,14.927777777777775,27.08888888888889,20.106712962962963,0.8904166666666667,12.688141666666667,1009.6516666666666,11.573216666666667,2013,6,Summer
2013-06-25,15.496064814814815,11.761111111111113,17.511111111111113,15.496064814814815,0.8433333333333334,12.518420833333336,1014.9629166666667,12.692166666666667,2013,6,Summer
2013-06-26,15.038425925925926,10.583333333333332,18.911111111111115,15.038425925925926,0.7541666666666668,15.118570833333335,1020.46,12.619716666666667,2013,6,Summer
2013-06-27,15.11574074074074,8.58888888888889,20.90555555555555,15.057407407407409,0.7979166666666666,8.774500000000002,1020.7275,12.600933333333332,2013,6,Summer
2013-06-28,16.49328703703704,11.422222222222224,21.938888888888886,16.49328703703704,0.8404166666666667,6.788162499999999,1016.1145833333334,12.071645833333333,2013,6,Summer
2013-06-29,17.818518518518516,10.511111111111113,23.883333333333333,17.818518518518516,0.7408333333333333,7.369775000000001,1015.2470833333333,12.431883333333333,2013,6,Summer
2013-06-30,17.985879629629633,11.622222222222224,22.96666666666667,17.985879629629633,0.71875,17.3900125,1014.9795833333333,12.549279166666667,2013,6,Summer
2013-07-01,17.79722222222222,11.605555555555556,22.96111111111111,17.79722222222222,0.6616666666666667,11.214320833333334,1018.88125,12.148791666666668,2013,7,Summer
2013-07-02,19.344444444444445,9.516666666666667,27.17222222222222,19.285416666666666,0.6545833333333334,3.491016666666667,1018.6608333333334,11.515524999999998,2013,7,Summer
2013-07-03,20.901157407407407,10.77777777777778,27.866666666666664,20.779166666666665,0.6279166666666667,5.0057583333333335,1016.0187500000001,12.022675,2013,7,Summer
2013-07-04,22.45532407407407,12.988888888888887,30.07222222222222,22.231712962962963,0.6420833333333333,9.635179166666667,1015.9891666666666,11.915341666666665,2013,7,Summer
2013-07-05,23.160185185185185,14.133333333333333,29.050000000000004,23.219907407407405,0.6675,11.0446,1018.2170833333333,12.344675,2013,7,Summer
2013-07-06,24.425925925925927,17.55,31.13333333333334,24.451157407407408,0.6975000000000001,10.130254166666667,1020.0637499999999,12.138058333333333,2013,7,Summer
2013-07-07,24.357407407407408,18.811111111111117,30.95555555555556,24.508796296296296,0.6804166666666668,13.6346875,1021.6574999999999,12.028041666666667,2013,7,Summer
2013-07-08,24.54976851851852,18.75555555555556,29.97222222222222,24.73402777777778,0.6216666666666667,14.57855,1022.3533333333334,12.079025,2013,7,Summer
2013-07-09,22.32824074074074,17.755555555555556,28.883333333333333,22.385879629629628,0.7225,8.622220833333333,1019.58,12.081708333333333,2013,7,Summer
2013-07-10,23.118981481481484,15.805555555555555,30.716666666666672,23.144444444444446,0.7033333333333333,5.720195833333334,1012.9433333333333,10.864145833333334,2013,7,Summer
2013-07-11,21.213194444444444,16.105555555555558,27.63888888888889,21.281712962962963,0.7166666666666667,10.176541666666667,1011.42125,12.154829166666667,2013,7,Summer
2013-07-12,19.15162037037037,13.366666666666667,24.994444444444444,19.15162037037037,0.6525,11.950895833333334,1016.7266666666666,12.100491666666665,2013,7,Summer
2013-07-13,19.801157407407405,12.07777777777778,26.15555555555555,19.801157407407405,0.6454166666666666,12.714304166666667,1017.3695833333333,12.100491666666665,2013,7,Summer
2013-07-14,20.37986111111111,12.094444444444449,27.28888888888889,20.33564814814815,0.6295833333333333,12.371508333333333,1016.6770833333334,11.948883333333333,2013,7,Summer
2013-07-15,20.37824074074074,12.761111111111113,27.133333333333336,20.369212962962962,0.6629166666666667,13.262375,1016.3775,12.466766666666667,2013,7,Summer
2013-07-16,18.84050925925926,11.866666666666667,25.083333333333336,18.84050925925926,0.6983333333333334,9.507050000000001,1020.73,12.490245833333333,2013,7,Summer
2013-07-17,21.542824074074076,11.466666666666669,28.883333333333333,21.436805555555555,0.6304166666666666,6.753279166666666,1021.0799999999999,11.934125,2013,7,Summer
2013-07-18,22.62546296296296,13.361111111111107,29.850000000000005,22.508564814814815,0.6433333333333333,6.331325,1019.8629166666666,11.989804166666666,2013,7,Summer
2013-07-19,23.01736111111111,14.266666666666667,31.08333333333333,23.008333333333336,0.6916666666666668,4.7266916666666665,1017.02375,12.152816666666666,2013,7,Summer
2013-07-20,24.28888888888889,16.116666666666664,30.99444444444445,24.294212962962963,0.5991666666666667,10.782975,1014.4,11.880458333333332,2013,7,Summer
2013-07-21,21.46921296296296,15.88888888888889,27.15,21.409953703703703,0.49625,13.036975,1018.49375,12.007916666666667,2013,7,Summer
2013-07-22,21.36967592592592,12.494444444444447,29.422222222222217,21.10185185185185,0.5970833333333333,6.566116666666667,1016.9875000000001,12.1051875,2013,7,Summer
2013-07-23,23.67430555555556,13.966666666666669,31.966666666666672,23.388657407407408,0.5870833333333333,6.582887500000001,1012.6550000000001,11.913329166666665,2013,7,Summer
2013-07-24,24.104629629629628,13.894444444444442,32.28888888888889,23.889583333333334,0.5908333333333333,8.333091666666666,1013.1995833333334,12.280945833333334,2013,7,Summer
2013-07-25,22.96273148148148,14.422222222222224,30.99444444444445,22.70925925925926,0.6045833333333334,7.5187,1014.7916666666666,11.901254166666666,2013,7,Summer
2013-07-26,24.396527777777777,14.994444444444447,32.18888888888889,24.463194444444444,0.6325,6.788833333333334,1015.125,11.993158333333334,2013,7,Summer
2013-07-27,26.12523148148148,16.53888888888889,33.88333333333333,26.010416666666668,0.58375,4.7957875,1013.9495833333334,11.842220833333334,2013,7,Summer
2013-07-28,26.923148148148147,17.89444444444444,35.11666666666666,26.978703703703705,0.5804166666666667,7.915833333333334,1014.74625,11.928087499999998,2013,7,Summer
2013-07-29,28.995833333333334,17.477777777777778,37.87222222222223,29.421296296296294,0.5191666666666667,10.263079166666667,1012.7295833333333,11.898570833333332,2013,7,Summer
2013-07-30,23.102777777777778,18.916666666666668,27.577777777777776,23.137962962962963,0.66625,16.020170833333335,1014.7491666666666,12.421820833333333,2013,7,Summer
2013-07-31,22.63888888888889,14.961111111111112,28.98333333333333,22.467361111111114,0.6270833333333333,9.172304166666667,1016.6408333333334,12.066279166666668,2013,7,Summer
2013-08-01,24.63287037037037,15.61111111111111,31.11111111111111,24.427546296296295,0.5683333333333334,6.121354166666666,1015.8916666666668,15.426483333333335,2013,8,Summer
2013-08-02,25.71087962962963,15.77222222222222,32.84444444444445,25.478935185185183,0.5683333333333334,4.978254166666667,1017.57375,15.871245833333335,2013,8,Summer
2013-08-03,27.189814814814813,17.11111111111111,36.083333333333336,27.14027777777778,0.5645833333333333,6.2689375,1015.6633333333334,15.810200000000002,2013,8,Summer
2013-08-04,27.042129629629628,17.47222222222222,34.97222222222222,26.614120370370372,0.5004166666666666,9.339341666666668,1017.1887499999999,15.853133333333334,2013,8,Summer
2013-08-05,26.240740740740744,16.450000000000003,34.95,25.95763888888889,0.525,6.503729166666667,1017.4775,15.902104166666668,2013,8,Summer
2013-08-06,27.39074074074074,17.733333333333334,36.12777777777777,27.085416666666664,0.5358333333333333,4.273879166666666,1015.6170833333334,15.871245833333335,2013,8,Summer
2013-08-07,27.49837962962963,16.833333333333332,36.25,27.098842592592593,0.50625,5.777216666666667,1014.31875,15.886675000000002,2013,8,Summer
2013-08-08,28.189814814814813,17.849999999999998,37.8,27.958333333333332,0.4991666666666667,8.494091666666668,1014.6691666666667,15.886675000000002,2013,8,Summer
2013-08-09,28.64513888888889,20.577777777777783,37.23888888888889,28.38726851851852,0.47500000000000003,8.331750000000001,1011.77375,15.889358333333334,2013,8,Summer
2013-08-10,24.253472222222225,19.4,28.67777777777778,24.44027777777778,0.6070833333333333,17.464475,1012.1829166666666,15.352020833333334,2013,8,Summer
2013-08-11,22.340740740740742,15.516666666666667,28.89444444444445,22.253935185185185,0.5979166666666667,9.172975,1014.9666666666667,14.627520833333335,2013,8,Summer
2013-08-12,23.25023148148148,13.733333333333333,32.150000000000006,22.680324074074075,0.5183333333333333,5.6007875,1015.96875,15.886675000000002,2013,8,Summer
2013-08-13,25.22939814814815,13.988888888888887,33.83888888888888,24.697685185185183,0.48583333333333334,7.813195833333334,1013.9870833333333,15.637125000000003,2013,8,Summer
2013-08-14,22.18912037037037,18.772222222222226,27.15,22.16226851851852,0.5083333333333333,12.8618875,1018.1083333333332,12.79145,2013,8,Summer
2013-08-15,21.21990740740741,14.944444444444445,27.661111111111115,21.074537037037036,0.48333333333333334,9.7223875,1021.1379166666667,15.871245833333335,2013,8,Summer
2013-08-16,20.57175925925926,11.705555555555556,28.838888888888885,20.219675925925923,0.46041666666666664,7.964804166666667,1020.54,15.909483333333334,2013,8,Summer
2013-08-17,22.157638888888886,10.861111111111107,30.016666666666666,21.831712962962964,0.5204166666666666,5.684641666666667,1017.7729166666667,15.855816666666668,2013,8,Summer
2013-08-18,24.247916666666665,13.705555555555556,32.77777777777778,23.87291666666667,0.5141666666666667,4.9567875,1016.6033333333334,15.871245833333335,2013,8,Summer
2013-08-19,25.56412037037037,14.883333333333333,33.95555555555556,25.06087962962963,0.46291666666666664,6.6217958333333335,1014.6149999999999,15.855816666666668,2013,8,Summer
2013-08-20,24.041898148148146,17.47222222222222,31.9,23.99513888888889,0.5775,14.118358333333333,1015.74125,15.5707125,2013,8,Summer
2013-08-21,20.71759259259259,17.666666666666668,24.88333333333334,20.71759259259259,0.8125,11.140529166666667,1020.0666666666666,12.285641666666669,2013,8,Summer
2013-08-22,21.56782407407407,13.844444444444443,27.70555555555556,21.572916666666668,0.6258333333333334,9.491620833333334,1018.2600000000001,15.737079166666668,2013,8,Summer
2013-08-23,22.219444444444445,14.97222222222222,28.838888888888885,22.044444444444448,0.5033333333333333,9.702933333333334,1016.2595833333334,15.871245833333335,2013,8,Summer
2013-08-24,22.00162037037037,17.07777777777778,28.59444444444445,21.837500000000002,0.5170833333333333,9.512416666666667,1013.2095833333333,14.8703625,2013,8,Summer
2013-08-25,21.166898148148146,16.3,27.61666666666666,21.13912037037037,0.70375,5.9590125,1011.0129166666667,13.647433333333334,2013,8,Summer
2013-08-26,18.725925925925925,15.072222222222225,22.23333333333333,18.725925925925925,0.94,4.082691666666666,1011.7970833333334,7.870887500000001,2013,8,Summer
2013-08-27,20.31736111111111,16.08888888888889,25.9,20.31736111111111,0.79,5.836920833333334,1012.72375,9.306470833333334,2013,8,Summer
2013-08-28,18.487962962962964,16.666666666666668,20.077777777777776,18.487962962962964,0.9370833333333333,6.142820833333334,1011.4295833333334,10.073904166666667,2013,8,Summer
2013-08-29,19.089351851851852,15.494444444444444,24.97222222222222,19.089351851851852,0.8083333333333332,10.454266666666667,1016.195,9.5694375,2013,8,Summer
2013-08-30,18.336111111111112,12.761111111111113,24.95,18.336111111111112,0.7062499999999999,7.8829625000000005,1018.9554166666667,14.881766666666666,2013,8,Summer
2013-08-31,18.485648148148147,10.85,27.194444444444443,18.456712962962964,0.6608333333333333,4.850795833333334,1018.8233333333333,15.103141666666668,2013,8,Summer
2013-09-01,19.522453703703704,10.627777777777778,27.58888888888889,19.48888888888889,0.6166666666666667,9.799533333333335,1019.0183333333333,15.403675000000002,2013,9,Fall
2013-09-02,16.933333333333334,11.727777777777778,22.61666666666666,16.933333333333334,0.5504166666666667,12.268870833333333,1022.24125,15.802820833333335,2013,9,Fall
2013-09-03,18.872685185185187,13.505555555555556,24.92777777777778,18.872685185185187,0.6270833333333333,20.12432916666667,1020.1570833333334,12.597579166666668,2013,9,Fall
2013-09-04,16.78240740740741,8.88888888888889,25.966666666666665,16.758333333333333,0.6195833333333334,5.484733333333334,1024.1033333333332,15.207120833333335,2013,9,Fall
2013-09-05,17.040972222222223,7.783333333333331,25.016666666666666,17.040972222222223,0.5741666666666666,5.272079166666667,1019.3795833333334,15.871245833333335,2013,9,Fall
2013-09-06,17.233101851851853,8.77222222222222,24.994444444444444,17.175694444444446,0.53875,8.070124999999999,1017.255,15.902104166666668,2013,9,Fall
2013-09-07,16.31851851851852,7.11111111111111,26.12777777777778,16.17824074074074,0.5154166666666666,7.598529166666666,1020.19125,15.871245833333335,2013,9,Fall
2013-09-08,17.442824074074075,6.072222222222222,27.23888888888889,17.207175925925927,0.5175,5.130533333333333,1021.9866666666667,15.871245833333335,2013,9,Fall
2013-09-09,16.08287037037037,11.71111111111111,21.85555555555556,16.08287037037037,0.72375,9.664695833333335,1018.5054166666667,11.225724999999999,2013,9,Fall
2013-09-10,15.828703703703704,12.694444444444445,20.200000000000003,15.828703703703704,0.8358333333333333,5.48205,1017.9229166666668,6.921658333333333,2013,9,Fall
2013-09-11,15.639583333333334,12.033333333333331,19.53888888888889,15.639583333333334,0.8887499999999999,8.542391666666667,1014.0124999999999,9.384287500000001,2013,9,Fall
2013-09-12,15.61574074074074,12.711111111111112,19.90555555555555,15.61574074074074,0.765,6.291745833333334,1014.3625000000001,11.685916666666666,2013,9,Fall
2013-09-13,14.463425925925925,10.16111111111111,20.9,14.463425925925925,0.7241666666666666,12.963854166666666,1016.4895833333334,13.668229166666668,2013,9,Fall
2013-09-14,13.686574074074073,11.11111111111111,15.305555555555555,13.686574074074073,0.7983333333333333,12.457375,1015.5220833333333,12.810904166666667,2013,9,Fall
2013-09-15,16.688194444444445,8.894444444444442,23.666666666666664,16.688194444444445,0.7345833333333333,8.102995833333333,1012.4825000000001,14.700641666666668,2013,9,Fall
2013-09-16,19.02638888888889,13.355555555555554,26.016666666666666,19.02638888888889,0.685,8.817433333333334,1005.2504166666666,14.255208333333334,2013,9,Fall
2013-09-17,12.987037037037036,7.783333333333331,18.63888888888889,12.22800925925926,0.80125,18.87859166666667,1001.4254166666666,12.75925,2013,9,Fall
2013-09-18,12.53263888888889,6.027777777777779,17.044444444444444,11.818055555555555,0.6683333333333333,13.598462500000002,1005.1433333333333,15.382208333333333,2013,9,Fall
2013-09-19,13.526620370370368,8.961111111111112,17.6,13.346759259259258,0.6816666666666666,15.352020833333334,1008.2012500000001,13.901008333333335,2013,9,Fall
2013-09-20,13.599074074074073,7.161111111111111,18.86111111111111,13.095138888888888,0.665,12.099150000000002,1016.5429166666667,15.372816666666667,2013,9,Fall
2013-09-21,15.205787037037036,10.550000000000002,21.06111111111111,15.205787037037036,0.7120833333333333,16.6614875,1020.6858333333333,13.132233333333334,2013,9,Fall
2013-09-22,13.236342592592592,7.872222222222224,19.88333333333334,12.994444444444445,0.7200000000000001,5.797341666666667,1024.7108333333333,12.337295833333334,2013,9,Fall
2013-09-23,15.640046296296296,8.455555555555556,20.95,15.640046296296296,0.6699999999999999,19.780191666666667,1017.7204166666667,13.596449999999999,2013,9,Fall
2013-09-24,17.06736111111111,10.516666666666667,22.70555555555556,17.06736111111111,0.5912499999999999,20.524816666666666,1013.6429166666667,15.3614125,2013,9,Fall
2013-09-25,15.190046296296297,7.788888888888891,22.10555555555556,15.07962962962963,0.7041666666666666,6.330654166666666,1014.445,15.3211625,2013,9,Fall
2013-09-26,18.136574074074073,12.305555555555555,26.03888888888889,18.136574074074073,0.6749999999999999,13.846670833333334,1011.7229166666666,14.334366666666668,2013,9,Fall
2013-09-27,12.591666666666667,9.905555555555557,14.88888888888889,12.591666666666667,0.71375,6.781454166666666,1017.2408333333333,13.62865,2013,9,Fall
2013-09-28,14.215972222222222,10.77777777777778,18.81666666666667,14.215972222222222,0.6687500000000001,7.273845833333334,1015.9204166666667,11.865029166666666,2013,9,Fall
2013-09-29,11.333796296296297,10.116666666666667,12.655555555555557,11.333796296296297,0.8616666666666667,4.5905125,1014.28125,7.563645833333333,2013,9,Fall
2013-09-30,10.867592592592592,8.838888888888887,12.68888888888889,10.084259259259259,0.9116666666666666,11.781845833333334,1008.7970833333334,5.671225,2013,9,Fall
2013-10-01,9.675462962962962,8.405555555555557,11.038888888888888,8.491666666666665,0.9154166666666667,13.295916666666669,1009.6541666666667,5.042654166666667,2013,10,Fall
2013-10-02,8.554629629629629,3.4888888888888894,12.17222222222222,6.704166666666667,0.7216666666666667,17.304145833333333,1019.4987500000001,11.719458333333334,2013,10,Fall
2013-10-03,5.657870370370371,1.0888888888888897,11.11111111111111,3.1604166666666664,0.5991666666666666,13.805750000000002,1029.9504166666668,14.227704166666667,2013,10,Fall
2013-10-04,4.501388888888889,-1.183333333333333,11.155555555555557,3.382870370370371,0.6595833333333333,6.3091875,1032.3333333333333,15.407029166666668,2013,10,Fall
2013-10-05,5.888888888888888,-2.783333333333334,14.97222222222222,5.20625,0.7041666666666666,8.004383333333333,1026.5216666666668,13.077895833333335,2013,10,Fall
2013-10-06,9.32685185185185,1.188888888888889,17.77777777777778,8.766435185185186,0.6195833333333333,8.13855,1025.32375,15.472100000000003,2013,10,Fall
2013-10-07,9.804166666666665,1.2722222222222217,18.95555555555556,9.746759259259258,0.6779166666666666,3.6869,1027.25125,13.898325000000002,2013,10,Fall
2013-10-08,12.338425925925925,4.549999999999999,21.64444444444444,12.315740740740742,0.6333333333333333,6.5748375,1026.1879166666668,13.128208333333333,2013,10,Fall
2013-10-09,12.763194444444444,10.92222222222222,17.083333333333332,12.763194444444444,0.7566666666666667,8.879820833333333,1020.4629166666667,11.351841666666667,2013,10,Fall
2013-10-10,12.871527777777779,11.133333333333333,17.25,12.871527777777779,0.9041666666666667,7.526079166666666,1013.8866666666667,5.022529166666667,2013,10,Fall
2013-10-11,16.436574074074077,11.033333333333331,22.17777777777778,16.436574074074077,0.7416666666666667,15.80215,1015.4141666666666,11.306225,2013,10,Fall
2013-10-12,18.16435185185185,11.927777777777775,24.86111111111111,18.16435185185185,0.7591666666666667,10.174529166666668,1019.9170833333333,13.501862500000001,2013,10,Fall
2013-10-13,15.912500000000001,11.344444444444443,22.10555555555556,15.912500000000001,0.8358333333333334,5.6792750000000005,1021.4491666666667,8.496775000000001,2013,10,Fall
2013-10-14,14.893749999999999,9.816666666666668,21.15555555555555,14.867824074074074,0.8066666666666666,3.9518791666666666,1020.8670833333334,9.370870833333333,2013,10,Fall
2013-10-15,14.763888888888888,9.922222222222222,21.03888888888889,14.675462962962962,0.8120833333333334,10.122875,1014.3525,8.137208333333334,2013,10,Fall
2013-10-16,10.718055555555557,8.88888888888889,12.8,9.711805555555555,0.9158333333333334,16.330095833333335,1005.0233333333334,8.916716666666668,2013,10,Fall
2013-10-17,11.585185185185184,7.672222222222223,15.116666666666667,10.90601851851852,0.7920833333333333,17.847520833333334,1012.0837499999999,12.554645833333334,2013,10,Fall
2013-10-18,10.983333333333333,6.216666666666665,17.194444444444443,10.211342592592592,0.7170833333333334,17.118325000000002,1017.0324999999999,13.648104166666668,2013,10,Fall
2013-10-19,9.988425925925926,2.2277777777777765,16.177777777777777,9.454398148148147,0.7270833333333333,8.691987500000002,1024.5945833333333,14.559095833333336,2013,10,Fall
2013-10-20,13.190740740740742,6.0888888888888895,21.25,12.535879629629628,0.6866666666666666,12.496954166666667,1023.3891666666667,15.663958333333333,2013,10,Fall
2013-10-21,14.748842592592593,9.166666666666666,22.700000000000003,14.617592592592592,0.7845833333333333,8.6296,1021.46125,11.10095,2013,10,Fall
2013-10-22,16.109490740740743,10.088888888888889,21.18333333333333,16.109490740740743,0.80625,9.297079166666668,1020.9891666666666,8.618866666666667,2013,10,Fall
2013-10-23,18.167592592592595,12.433333333333334,24.07777777777778,18.167592592592595,0.68125,17.5067375,1019.0508333333333,15.457341666666666,2013,10,Fall
2013-10-24,17.240972222222222,12.083333333333334,24.92777777777778,17.240972222222222,0.7374999999999999,6.986058333333333,1021.0658333333334,13.803737500000002,2013,10,Fall
2013-10-25,15.622453703703703,10.605555555555558,23.86111111111111,15.622453703703703,0.7641666666666667,5.551145833333334,1021.3845833333334,11.318970833333333,2013,10,Fall
2013-10-26,14.721296296296297,8.955555555555556,22.866666666666664,14.668518518518518,0.81875,5.1312041666666675,1020.9795833333334,3.8217375,2013,10,Fall
2013-10-27,15.150462962962962,8.861111111111112,22.800000000000004,14.956944444444444,0.7879166666666667,9.717691666666667,1017.6525,8.194229166666666,2013,10,Fall
2013-10-28,17.474537037037038,12.894444444444446,23.86666666666666,17.474537037037038,0.7079166666666666,10.452925,1016.6374999999999,15.399650000000001,2013,10,Fall
2013-10-29,16.505787037037035,11.727777777777778,23.811111111111117,16.505787037037035,0.7383333333333333,10.404625000000001,1015.6158333333333,14.43365,2013,10,Fall
2013-10-30,13.559490740740742,8.933333333333332,19.938888888888886,13.197453703703703,0.72625,12.967208333333334,1020.7270833333333,15.466733333333336,2013,10,Fall
2013-10-31,11.446064814814816,7.244444444444444,16.177777777777777,11.076620370370371,0.6725,8.948916666666667,1026.8745833333335,15.348666666666668,2013,10,Fall
2013-11-01,12.811805555555557,8.272222222222222,16.105555555555558,12.682407407407409,0.805,9.634508333333335,1023.1045833333334,8.612158333333333,2013,11,Fall
2013-11-02,13.269675925925926,7.155555555555556,19.838888888888885,12.836342592592592,0.805,12.563366666666667,1016.3458333333333,8.789258333333335,2013,11,Fall
2013-11-03,14.908101851851852,8.894444444444442,20.06666666666667,14.788425925925926,0.7695833333333333,17.223645833333332,1010.7725,12.361445833333335,2013,11,Fall
2013-11-04,10.627083333333333,7.777777777777778,12.733333333333334,10.257175925925926,0.8745833333333334,8.375354166666666,1008.8683333333333,13.250970833333334,2013,11,Fall
2013-11-05,13.422685185185186,7.200000000000001,17.561111111111114,12.786342592592595,0.81,20.618733333333335,997.8449999999999,10.320770833333333,2013,11,Fall
2013-11-06,8.716203703703703,5.855555555555555,12.288888888888888,7.468287037037037,0.8058333333333333,11.190841666666666,1006.2095833333333,15.295000000000002,2013,11,Fall
2013-11-07,11.031481481481483,6.600000000000001,16.25,10.384027777777778,0.7945833333333333,11.439720833333332,1016.0645833333333,14.320279166666667,2013,11,Fall
2013-11-08,11.40324074074074,5.027777777777776,18.72222222222222,10.816203703703705,0.8316666666666667,8.807370833333334,1017.4862499999999,6.918304166666666,2013,11,Fall
2013-11-09,12.758796296296296,8.472222222222221,20.13888888888889,12.202083333333334,0.76125,11.161995833333334,1013.7658333333334,12.692837500000001,2013,11,Fall
2013-11-10,9.862037037037037,8.816666666666666,12.244444444444444,8.988888888888889,0.8875000000000001,9.0804,1009.3758333333334,7.9352875,2013,11,Fall
2013-11-11,9.931944444444444,7.85,12.083333333333334,8.083101851851852,0.8229166666666666,23.32219166666667,1014.37875,11.911316666666666,2013,11,Fall
2013-11-12,8.573611111111111,7.172222222222221,10.072222222222225,7.184259259259259,0.8275,9.8391125,1025.6945833333334,15.0716125,2013,11,Fall
2013-11-13,9.918055555555556,7.733333333333334,12.31111111111111,9.132175925925926,0.8612500000000001,10.163795833333333,1024.47,10.5555625,2013,11,Fall
2013-11-14,6.722222222222222,4.122222222222224,7.688888888888891,4.87662037037037,0.7879166666666667,11.252558333333333,1019.1170833333334,11.137175,2013,11,Fall
2013-11-15,7.488657407407406,2.2666666666666657,12.577777777777778,6.859259259259258,0.8104166666666667,6.8545750000000005,1024.8420833333332,8.240516666666666,2013,11,Fall
2013-11-16,4.873611111111112,0.2388888888888887,11.133333333333333,4.784722222222222,0.8312499999999999,3.5158375,1028.79375,6.706991666666667,2013,11,Fall
2013-11-17,6.263657407407408,1.1444444444444457,12.083333333333334,5.872685185185186,0.8733333333333334,3.6064000000000003,1026.0766666666666,4.566362499999999,2013,11,Fall
2013-11-18,6.447916666666667,4.355555555555558,9.67222222222222,4.945601851851852,0.9049999999999999,8.346508333333334,1021.5633333333334,4.216858333333334,2013,11,Fall
2013-11-19,7.897916666666667,4.283333333333334,12.22222222222222,5.317824074074074,0.735,21.097037500000003,1013.1875,12.866583333333333,2013,11,Fall
2013-11-20,10.332175925925926,7.127777777777776,13.866666666666667,8.618981481481482,0.7525,24.056754166666668,1004.3570833333333,14.901220833333333,2013,11,Fall
2013-11-21,7.717361111111111,2.8888888888888906,12.52222222222222,7.143518518518518,0.895,7.5126625,1004.0441666666667,4.869579166666667,2013,11,Fall
2013-11-22,6.41712962962963,4.072222222222221,9.883333333333333,5.372453703703704,0.945,6.682170833333334,1005.3979166666667,3.1676750000000005,2013,11,Fall
2013-11-23,8.464583333333334,5.116666666666667,12.622222222222222,7.056712962962963,0.8720833333333333,11.951566666666666,1006.1654166666667,11.655058333333335,2013,11,Fall
2013-11-24,8.06712962962963,6.066666666666667,9.961111111111112,6.60462962962963,0.9295833333333333,9.202491666666667,1006.00875,5.365325000000001,2013,11,Fall
2013-11-25,2.593981481481481,1.1111111111111112,7.066666666666666,-1.948611111111111,0.8820833333333334,21.567962500000004,1010.6358333333333,9.134066666666667,2013,11,Fall
2013-11-26,1.7967592592592594,1.0111111111111113,2.755555555555556,-3.2428240740740737,0.6620833333333334,23.18131666666667,1019.4929166666667,15.545891666666668,2013,11,Fall
2013-11-27,0.7699074074074073,-0.994444444444444,2.294444444444446,-2.358564814814815,0.7733333333333333,14.714058333333334,1026.61,10.4026125,2013,11,Fall
2013-11-28,0.5486111111111112,-2.2388888888888894,3.883333333333335,-2.5030092592592594,0.82,10.995629166666667,1029.4033333333334,10.191970833333334,2013,11,Fall
2013-11-29,2.825925925925926,-0.4833333333333339,7.277777777777778,-0.5923611111111113,0.7687499999999999,15.205108333333333,1023.0029166666667,12.4593875,2013,11,Fall
2013-11-30,0.7208333333333333,-2.7111111111111104,6.044444444444446,-1.6474537037037038,0.84375,8.638991666666668,1020.7654166666666,8.674545833333335,2013,11,Fall
2013-12-01,0.08518518518518492,-4.722222222222222,7.200000000000001,-0.6129629629629634,0.8574999999999999,3.9626125,1026.7116666666666,4.422804166666666,2013,12,Winter
2013-12-02,0.6659722222222223,-2.794444444444445,6.205555555555557,-1.815277777777778,0.8270833333333334,8.940866666666667,1031.125,12.007245833333334,2013,12,Winter
2013-12-03,-0.5659722222222227,-3.805555555555556,4.027777777777778,-2.5124999999999997,0.7883333333333332,6.937758333333334,1035.53875,10.625329166666667,2013,12,Winter
2013-12-04,-2.1287037037037035,-6.133333333333333,3.4722222222222223,-2.9703703703703703,0.88625,4.587158333333334,1027.8491666666666,5.078879166666667,2013,12,Winter
2013-12-05,-1.1398148148148148,-5.611111111111112,5.094444444444445,-4.089583333333333,0.91,9.672075000000001,1023.5854166666667,3.9606,2013,12,Winter
2013-12-06,1.1187500000000006,-1.5166666666666668,5.022222222222222,-2.7405092592592593,0.7966666666666667,15.241333333333335,1013.1570833333334,9.0059375,2013,12,Winter
2013-12-07,1.6268518518518522,-0.7944444444444443,3.9833333333333343,-3.6912037037037035,0.6204166666666667,25.335362500000002,1020.3825,12.4996375,2013,12,Winter
2013-12-08,2.889351851851852,-0.2888888888888886,7.172222222222221,-0.51875,0.7599999999999999,14.291433333333332,1027.4625,13.780929166666667,2013,12,Winter
2013-12-09,5.411574074074075,0.6111111111111119,8.844444444444445,1.8310185185185188,0.71875,21.599491666666665,1024.3183333333334,12.657954166666668,2013,12,Winter
2013-12-10,1.0509259259259254,-5.694444444444445,6.71111111111111,-2.837037037037037,0.6620833333333334,15.1400375,1035.3633333333335,14.824745833333333,2013,12,Winter
2013-12-11,-3.7513888888888887,-7.083333333333333,1.1777777777777765,-4.2451388888888895,0.7833333333333333,3.0865041666666673,1039.85375,12.274908333333334,2013,12,Winter
2013-12-12,-1.6428240740740743,-6.977777777777778,2.5444444444444434,-1.9717592592592597,0.7645833333333334,3.1542583333333334,1034.7504166666665,8.100983333333334,2013,12,Winter
2013-12-13,-1.0050925925925926,-5.911111111111111,2.622222222222222,-1.1331018518518519,0.8254166666666666,3.0086875,1028.95625,6.341387500000001,2013,12,Winter
2013-12-14,-1.1578703703703705,-2.105555555555555,-0.0944444444444453,-1.4375,0.8954166666666667,2.866470833333333,1030.6620833333334,4.396641666666667,2013,12,Winter
2013-12-15,0.500462962962963,-1.5499999999999996,2.244444444444444,-0.868287037037037,0.9116666666666666,5.204995833333333,1034.9804166666665,3.6318916666666667,2013,12,Winter
2013-12-16,1.1800925925925927,0.2666666666666649,2.372222222222224,0.40347222222222245,0.9020833333333335,4.6146625000000006,1038.3812500000001,3.4997375,2013,12,Winter
2013-12-17,-0.3324074074074072,-1.6444444444444448,1.0666666666666675,-2.707175925925926,0.8954166666666667,7.479791666666667,1038.0929166666667,5.8261875,2013,12,Winter
2013-12-18,-1.2995370370370372,-2.5444444444444434,-0.1388888888888889,-2.990972222222222,0.9125,5.524983333333334,1031.4583333333333,4.3221791666666665,2013,12,Winter
2013-12-19,-1.6180555555555556,-2.755555555555556,-1.083333333333333,-4.845138888888889,0.9166666666666666,10.116166666666667,1025.1616666666666,3.457475,2013,12,Winter
2013-12-20,-2.2300925925925923,-3.8333333333333326,-0.9500000000000004,-4.732638888888889,0.9533333333333333,7.3067166666666665,1029.3379166666666,0.9626458333333333,2013,12,Winter
2013-12-21,-0.11388888888888926,-2.2000000000000006,4.027777777777778,-2.3155092592592594,0.9387500000000001,7.153095833333334,1037.2524999999998,3.639941666666667,2013,12,Winter
2013-12-22,2.0199074074074073,-2.105555555555555,6.916666666666668,-0.873611111111111,0.9091666666666667,10.2255125,1032.1341666666667,5.457229166666667,2013,12,Winter
2013-12-23,3.1645833333333333,-1.783333333333334,9.922222222222222,1.6877314814814817,0.8495833333333334,6.813654166666667,1026.9066666666665,5.2707375,2013,12,Winter
2013-12-24,2.9381944444444446,-1.4499999999999995,11.06111111111111,0.09027777777777773,0.7808333333333333,12.616362500000001,1021.0554166666667,6.1723375,2013,12,Winter
2013-12-25,4.549768518518518,-1.1722222222222218,9.883333333333333,0.8254629629629627,0.7029166666666667,18.665937500000002,1014.2912500000001,11.015754166666667,2013,12,Winter
2013-12-26,8.7875,4.727777777777777,12.044444444444444,6.560185185185186,0.6454166666666666,30.316970833333333,1005.7199999999999,15.215841666666668,2013,12,Winter
2013-12-27,7.937037037037037,3.7944444444444434,12.866666666666664,6.627546296296297,0.7595833333333334,10.0604875,1010.9545833333333,14.304850000000002,2013,12,Winter
2013-12-28,6.987500000000001,3.661111111111113,12.538888888888888,5.288425925925925,0.8158333333333333,12.756566666666666,1017.1370833333334,10.620633333333334,2013,12,Winter
2013-12-29,4.851851851851852,1.094444444444444,11.905555555555557,3.142592592592593,0.8245833333333333,8.101654166666668,1019.4833333333332,8.467258333333334,2013,12,Winter
2013-12-30,3.7553240740740743,0.7888888888888899,7.85,1.5826388888888892,0.8658333333333333,9.326595833333334,1026.5470833333334,5.418991666666667,2013,12,Winter
2013-12-31,3.1504629629629632,0.0611111111111108,6.994444444444446,0.478009259259259,0.8629166666666667,11.045270833333333,1025.7775,8.190875,2013,12,Winter
2014-01-01,2.934953703703704,-0.8833333333333333,7.061111111111112,0.09351851851851861,0.7966666666666667,11.082166666666666,1022.7291666666666,10.711195833333335,2014,1,Winter
2014-01-02,2.740972222222222,-1.288888888888889,8.77222222222222,-0.6942129629629625,0.8125,13.646762500000001,1018.5854166666667,10.717233333333333,2014,1,Winter
2014-01-03,4.816898148148148,2.1722222222222203,8.838888888888887,2.556712962962963,0.8704166666666667,9.997429166666667,1020.1708333333332,8.1687375,2014,1,Winter
2014-01-04,6.555787037037036,3.383333333333335,10.966666666666669,4.438425925925926,0.8341666666666666,12.484879166666667,1019.5841666666666,9.492291666666667,2014,1,Winter
2014-01-05,8.493981481481482,6.155555555555555,11.244444444444447,6.28125,0.7520833333333333,19.182479166666667,1011.9,13.808433333333333,2014,1,Winter
2014-01-06,5.398842592592593,2.999999999999999,8.122222222222222,4.190972222222222,0.94375,6.700283333333334,1019.8695833333333,4.068604166666667,2014,1,Winter
2014-01-07,6.1305555555555555,3.18888888888889,7.205555555555555,4.36712962962963,0.9866666666666667,9.108575,1024.6545833333332,0.8546416666666667,2014,1,Winter
2014-01-08,4.6752314814814815,3.888888888888889,6.016666666666666,4.432407407407408,0.9925,3.35685,1025.9395833333333,0.7332208333333333,2014,1,Winter
2014-01-09,3.3409722222222222,1.7388888888888905,4.444444444444445,1.8391203703703705,0.9904166666666666,6.6593625,1022.1104166666668,1.1216333333333333,2014,1,Winter
2014-01-10,2.960648148148149,-0.994444444444444,7.288888888888888,0.19999999999999998,0.94625,11.009045833333333,1018.4579166666667,7.096075,2014,1,Winter
2014-01-11,4.4743055555555555,0.0722222222222236,9.988888888888887,2.9770833333333333,0.8929166666666667,7.431491666666666,1021.2633333333333,5.6732375,2014,1,Winter
2014-01-12,4.958333333333334,-0.9111111111111114,7.777777777777778,2.3743055555555554,0.7050000000000001,13.577666666666667,1022.4820833333333,10.564954166666666,2014,1,Winter
2014-01-13,2.600462962962963,-2.7777777777777777,10.02222222222222,0.29837962962962933,0.7079166666666666,9.558704166666667,1019.8904166666666,14.675820833333335,2014,1,Winter
2014-01-14,4.207638888888888,-1.0166666666666655,9.883333333333333,0.6648148148148146,0.67625,17.217608333333335,1011.88625,15.087712500000002,2014,1,Winter
2014-01-15,4.196527777777777,0.472222222222223,6.133333333333333,1.8307870370370367,0.8395833333333332,10.823895833333333,1011.665,10.179225,2014,1,Winter
2014-01-16,1.903472222222222,-2.6,7.733333333333334,-0.018981481481481616,0.8716666666666667,8.779866666666669,1016.33625,8.264666666666667,2014,1,Winter
2014-01-17,5.652083333333334,0.6611111111111099,11.116666666666664,3.3233796296296294,0.8083333333333332,12.394987500000001,1012.99375,10.141658333333334,2014,1,Winter
2014-01-18,8.738425925925926,5.627777777777779,12.233333333333336,7.38912037037037,0.8375,11.235116666666668,1012.3633333333333,11.906620833333333,2014,1,Winter
2014-01-19,9.54699074074074,3.9611111111111126,12.877777777777778,8.456249999999999,0.7937500000000001,16.692345833333334,1009.15875,12.4070625,2014,1,Winter
2014-01-20,9.999537037037037,7.733333333333334,14.772222222222224,8.318518518518518,0.8445833333333334,16.704420833333334,1003.9549999999999,13.4575875,2014,1,Winter
2014-01-21,7.673148148148148,5.511111111111112,8.933333333333332,5.914351851851852,0.9020833333333332,10.492504166666667,1004.4591666666666,9.401729166666668,2014,1,Winter
2014-01-22,4.183333333333334,2.7500000000000018,6.066666666666667,0.9865740740740739,0.8208333333333333,15.120583333333334,1011.3125,11.611454166666666,2014,1,Winter
2014-01-23,2.326388888888889,0.5500000000000012,2.9611111111111104,0.4817129629629627,0.8133333333333334,7.0491166666666665,1018.1520833333334,10.922508333333333,2014,1,Winter
2014-01-24,-0.9145833333333332,-2.244444444444444,0.7388888888888879,-6.246527777777778,0.87125,20.627454166666666,1013.8075,5.724891666666667,2014,1,Winter
2014-01-25,-4.128703703703704,-5.783333333333333,-2.066666666666666,-8.852314814814815,0.9075000000000001,14.212945833333334,1012.0091666666667,4.317483333333334,2014,1,Winter
2014-01-26,-7.108564814814815,-10.16111111111111,-4.394444444444444,-9.37962962962963,0.87,5.874487500000001,1013.4975,6.578191666666666,2014,1,Winter
2014-01-27,-5.820833333333333,-8.983333333333334,-3.9166666666666665,-6.389583333333333,0.8762500000000001,3.7519708333333335,1008.6604166666666,2.7396833333333337,2014,1,Winter
2014-01-28,-3.6236111111111113,-5.027777777777778,-2.7333333333333343,-5.07337962962963,0.8416666666666667,5.264029166666667,1005.3425000000001,4.374504166666667,2014,1,Winter
2014-01-29,-3.5050925925925926,-5.616666666666666,-2.2111111111111112,-6.840277777777778,0.8716666666666667,9.240058333333334,1010.5783333333334,6.069029166666667,2014,1,Winter
2014-01-30,-2.885648148148148,-8.144444444444444,0.0500000000000019,-8.350462962962963,0.8045833333333333,18.7746125,1019.8441666666666,10.15105,2014,1,Winter
2014-01-31,-4.4875,-5.98888888888889,-2.7777777777777777,-12.298842592592592,0.7491666666666666,30.316300000000002,1025.5058333333334,12.858533333333334,2014,1,Winter
2014-02-01,-2.966435185185185,-6.105555555555554,-0.1166666666666671,-9.879166666666666,0.7400000000000001,26.737404166666668,1024.2295833333333,15.0313625,2014,2,Winter
2014-02-02,-0.23865740740740704,-3.9166666666666665,2.155555555555557,-5.124537037037038,0.7541666666666668,19.066425,1021.5979166666666,15.599558333333334,2014,2,Winter
2014-02-03,-1.3546296296296296,-6.094444444444444,3.938888888888891,-4.326851851851852,0.7841666666666667,9.655304166666667,1024.9941666666666,13.954675000000002,2014,2,Winter
2014-02-04,-2.1923611111111114,-5.305555555555555,2.2888888888888874,-5.691666666666666,0.7725,10.723941666666667,1024.80375,13.255666666666668,2014,2,Winter
2014-02-05,-0.44745370370370385,-6.255555555555556,3.722222222222224,-4.405324074074074,0.7770833333333332,13.627979166666668,1018.4425,9.708970833333334,2014,2,Winter
2014-02-06,1.3284722222222227,0.0222222222222217,2.994444444444445,-0.7863425925925925,0.8591666666666667,8.557820833333333,1015.3945833333333,9.121320833333334,2014,2,Winter
2014-02-07,3.8819444444444446,0.0944444444444453,8.361111111111109,1.2828703703703703,0.8991666666666668,11.745620833333334,1014.0470833333334,3.444729166666667,2014,2,Winter
2014-02-08,6.294444444444444,2.7833333333333323,9.86111111111111,4.489351851851851,0.8791666666666668,9.604320833333334,1009.8041666666667,8.171420833333334,2014,2,Winter
2014-02-09,8.48611111111111,4.466666666666666,12.894444444444446,6.8314814814814815,0.835,12.441275,1004.2341666666666,10.7688875,2014,2,Winter
2014-02-10,6.502546296296297,0.294444444444445,12.17777777777778,3.5215277777777776,0.7433333333333333,18.374125,1009.5270833333334,15.173579166666668,2014,2,Winter
2014-02-11,9.177546296296297,5.0,14.872222222222224,7.620138888888889,0.7799999999999999,14.574525000000001,1007.7075,11.587304166666668,2014,2,Winter
2014-02-12,6.782175925925926,1.849999999999999,13.577777777777776,4.185879629629629,0.8075,18.113841666666666,1004.9741666666667,10.371083333333333,2014,2,Winter
2014-02-13,4.70162037037037,0.1166666666666671,10.088888888888889,1.404861111111111,0.7433333333333333,17.00092916666667,1010.2783333333333,13.332141666666667,2014,2,Winter
2014-02-14,4.715972222222223,0.8833333333333352,8.88888888888889,2.0368055555555555,0.775,13.960041666666667,1011.4708333333333,10.998983333333333,2014,2,Winter
2014-02-15,4.3462962962962965,-2.2888888888888896,11.11111111111111,2.3136574074074074,0.68,13.397883333333333,1017.0254166666667,15.749154166666669,2014,2,Winter
2014-02-16,9.021527777777777,2.1611111111111114,17.049999999999997,7.5249999999999995,0.6929166666666666,10.967454166666668,1014.3620833333333,15.3412875,2014,2,Winter
2014-02-17,6.237962962962963,2.8999999999999995,9.81111111111111,4.432407407407408,0.8804166666666666,9.892108333333335,1017.6887499999999,10.291925,2014,2,Winter
2014-02-18,6.777314814814815,4.422222222222223,10.0,6.111805555555556,0.87,4.93465,1023.2204166666667,8.069454166666667,2014,2,Winter
2014-02-19,8.29074074074074,2.955555555555556,15.838888888888889,7.064351851851852,0.8633333333333333,8.400175,1015.7641666666667,5.647745833333334,2014,2,Winter
2014-02-20,7.903240740740741,3.766666666666668,11.083333333333336,6.763425925925926,0.8570833333333333,7.925225,1016.71125,8.152637499999999,2014,2,Winter
2014-02-21,7.26875,3.3222222222222206,9.994444444444447,6.4252314814814815,0.9045833333333334,6.450733333333333,1014.4091666666667,5.115104166666667,2014,2,Winter
2014-02-22,7.760648148148149,6.755555555555554,8.91111111111111,6.851851851851851,0.9291666666666667,6.2535083333333334,1014.1433333333333,4.653570833333334,2014,2,Winter
2014-02-23,7.711805555555556,7.200000000000001,8.916666666666664,5.823148148148149,0.8979166666666667,11.117720833333335,1019.9104166666666,7.169866666666667,2014,2,Winter
2014-02-24,7.206018518518519,4.927777777777776,9.038888888888891,6.083101851851851,0.8266666666666667,7.167854166666667,1022.91375,10.499883333333333,2014,2,Winter
2014-02-25,5.643518518518519,1.5722222222222213,8.027777777777779,3.446527777777778,0.8191666666666667,10.1812375,1022.3924999999999,12.153487499999999,2014,2,Winter
2014-02-26,4.565509259259259,-1.183333333333333,11.177777777777775,2.489351851851852,0.7799999999999999,9.806241666666667,1022.9425,13.750070833333334,2014,2,Winter
2014-02-27,6.404398148148149,0.4611111111111101,12.68888888888889,5.057175925925926,0.7658333333333333,9.0180125,1021.005,11.337754166666668,2014,2,Winter
2014-02-28,6.67337962962963,3.2722222222222226,11.038888888888888,5.25787037037037,0.8341666666666666,8.488725,1012.8008333333333,9.767333333333333,2014,2,Winter
2014-03-01,6.69537037037037,1.0444444444444458,13.794444444444444,4.574305555555556,0.7391666666666667,13.672254166666667,1007.9841666666666,11.8979,2014,3,Spring
2014-03-02,5.67638888888889,1.1777777777777765,8.977777777777776,4.333333333333334,0.8029166666666666,7.253050000000001,1002.855,12.438591666666667,2014,3,Spring
2014-03-03,7.070833333333333,4.877777777777778,9.816666666666668,5.750231481481482,0.8195833333333334,8.467929166666666,1001.0641666666667,10.053108333333334,2014,3,Spring
2014-03-04,7.458333333333333,4.844444444444444,10.066666666666666,6.107638888888889,0.7895833333333333,9.479545833333335,1002.02375,11.386054166666668,2014,3,Spring
2014-03-05,8.057175925925925,5.7222222222222205,11.08888888888889,6.2615740740740735,0.8545833333333334,12.771995833333333,1009.1495833333333,10.915129166666667,2014,3,Spring
2014-03-06,8.343287037037038,5.644444444444442,12.755555555555556,6.168055555555555,0.7554166666666666,19.896245833333335,1019.1383333333333,12.299058333333333,2014,3,Spring
2014-03-07,6.921296296296297,4.583333333333333,9.916666666666666,5.1432870370370365,0.8233333333333334,10.276495833333334,1024.4958333333334,13.67695,2014,3,Spring
2014-03-08,8.943981481481481,3.811111111111111,14.911111111111111,7.439120370370371,0.7216666666666667,14.891158333333335,1027.9141666666667,13.201329166666667,2014,3,Spring
2014-03-09,8.485416666666667,3.766666666666668,13.933333333333332,5.9125000000000005,0.6308333333333332,24.166770833333334,1029.6991666666665,15.666641666666669,2014,3,Spring
2014-03-10,5.967592592592593,0.56111111111111,12.2,4.684259259259259,0.5820833333333334,7.7944125,1027.285,15.782695833333335,2014,3,Spring
2014-03-11,6.1678240740740735,-2.261111111111111,15.02222222222222,5.0085648148148145,0.5175,8.255275000000001,1025.3395833333334,15.034716666666668,2014,3,Spring
2014-03-12,8.311574074074075,0.5888888888888901,16.083333333333332,7.153935185185186,0.465,12.5962375,1028.7283333333332,15.64450416666667,2014,3,Spring
2014-03-13,7.851388888888889,1.0500000000000005,16.133333333333333,6.625,0.49625,9.821,1029.0629166666665,15.784708333333334,2014,3,Spring
2014-03-14,9.39050925925926,-1.0611111111111111,18.83888888888889,9.170138888888888,0.515,5.361970833333333,1024.5208333333333,14.139154166666666,2014,3,Spring
2014-03-15,9.70185185185185,2.2777777777777786,19.90555555555555,7.71875,0.5870833333333333,19.1288125,1013.2308333333334,13.458929166666666,2014,3,Spring
2014-03-16,10.551157407407407,4.977777777777778,14.994444444444447,8.994907407407409,0.6245833333333334,27.670533333333335,1010.3845833333334,12.183675,2014,3,Spring
2014-03-17,13.008101851851853,5.172222222222223,17.82222222222222,12.806249999999999,0.5599999999999999,20.752229166666666,1015.3295833333333,15.399650000000001,2014,3,Spring
2014-03-18,12.088425925925925,5.505555555555554,18.883333333333333,11.506481481481481,0.5875,11.66445,1017.1620833333333,15.833679166666668,2014,3,Spring
2014-03-19,11.292592592592593,7.200000000000001,14.949999999999998,10.405092592592593,0.5870833333333333,18.945004166666667,1017.8537500000001,13.1959625,2014,3,Spring
2014-03-20,12.346296296296297,6.138888888888888,19.97777777777777,11.423842592592592,0.53125,11.940833333333336,1025.4391666666668,15.822945833333334,2014,3,Spring
2014-03-21,12.69814814814815,3.266666666666668,22.15,11.889583333333334,0.5604166666666667,16.165070833333335,1020.14,15.820933333333334,2014,3,Spring
2014-03-22,14.577546296296296,6.111111111111111,22.344444444444445,14.063425925925927,0.5,15.3272,1012.9420833333334,15.627733333333333,2014,3,Spring
2014-03-23,14.059953703703705,7.411111111111113,21.06111111111111,13.685416666666667,0.5733333333333334,13.769525000000002,1006.8983333333334,14.671795833333334,2014,3,Spring
2014-03-24,8.662037037037036,5.022222222222222,11.622222222222224,7.35162037037037,0.8333333333333334,9.590904166666666,1006.0729166666666,11.142541666666666,2014,3,Spring
2014-03-25,6.51087962962963,2.066666666666666,12.127777777777776,4.774768518518518,0.6929166666666666,12.191725,1009.3924999999999,12.712291666666667,2014,3,Spring
2014-03-26,7.342129629629631,-0.1999999999999996,12.9,6.658796296296296,0.7087500000000001,9.261525,1013.3829166666666,12.474816666666667,2014,3,Spring
2014-03-27,11.365277777777777,6.083333333333335,17.17222222222222,10.616435185185185,0.6254166666666666,14.676491666666669,1012.7641666666667,13.338179166666668,2014,3,Spring
2014-03-28,11.207638888888889,5.155555555555556,17.383333333333333,10.232175925925926,0.6525,11.0929,1013.2429166666667,14.090183333333334,2014,3,Spring
2014-03-29,11.890277777777778,4.31111111111111,18.95555555555556,11.066898148148148,0.58375,12.279604166666667,1020.7633333333333,14.4799375,2014,3,Spring
2014-03-30,11.173611111111112,1.0666666666666675,20.04444444444444,11.07013888888889,0.5383333333333333,4.984291666666667,1018.75375,15.7719625,2014,3,Spring
2014-03-31,12.398842592592592,3.0333333333333337,21.016666666666666,12.06087962962963,0.5933333333333334,7.5287625,1012.1041666666666,14.396754166666668,2014,3,Spring
2014-04-01,12.81226851851852,7.311111111111109,18.93333333333333,12.170833333333334,0.5625,9.184379166666668,1011.7016666666667,15.680058333333335,2014,4,Spring
2014-04-02,12.660416666666665,2.8500000000000014,19.899999999999995,12.660416666666665,0.5745833333333333,5.068145833333333,1012.9545833333333,14.339733333333335,2014,4,Spring
2014-04-03,14.146527777777777,7.527777777777776,21.18333333333333,13.501157407407407,0.5995833333333334,14.960925000000001,1010.5395833333333,15.474783333333335,2014,4,Spring
2014-04-04,15.76435185185185,8.75,22.17777777777778,15.537037037037036,0.5816666666666667,11.214991666666668,1008.6283333333334,15.316466666666669,2014,4,Spring
2014-04-05,13.676157407407407,11.15,17.31111111111111,13.676157407407407,0.7783333333333333,12.584833333333334,1010.4575,12.480854166666667,2014,4,Spring
2014-04-06,11.084027777777777,7.805555555555554,16.06111111111111,10.18287037037037,0.7083333333333334,13.5401,1017.9141666666666,13.450208333333334,2014,4,Spring
2014-04-07,12.15763888888889,6.644444444444445,18.86111111111111,11.675231481481482,0.7404166666666666,7.711229166666667,1019.0045833333334,12.328575,2014,4,Spring
2014-04-08,14.346527777777778,3.911111111111111,22.28888888888889,14.346527777777778,0.6437499999999999,8.276741666666668,1016.4333333333334,11.396116666666666,2014,4,Spring
2014-04-09,11.34675925925926,3.905555555555556,14.927777777777775,10.860185185185186,0.5508333333333334,23.91990416666667,1016.5029166666667,12.5237875,2014,4,Spring
2014-04-10,7.848148148148148,1.072222222222222,13.800000000000002,6.356712962962963,0.7141666666666667,13.184558333333335,1016.3666666666667,13.323420833333335,2014,4,Spring
2014-04-11,9.691203703703703,5.483333333333332,13.88888888888889,8.928009259259259,0.70375,10.359008333333334,1017.3275,13.332141666666667,2014,4,Spring
2014-04-12,11.091435185185185,5.683333333333332,16.083333333333332,10.742824074074074,0.6166666666666667,7.226216666666667,1016.9341666666666,13.854720833333333,2014,4,Spring
2014-04-13,12.644675925925926,7.327777777777777,17.800000000000004,12.40486111111111,0.57375,7.296654166666667,1015.5175,13.814470833333333,2014,4,Spring
2014-04-14,12.47962962962963,6.927777777777777,18.83888888888889,11.600925925925926,0.6629166666666667,16.110733333333332,1012.4699999999999,12.2903375,2014,4,Spring
2014-04-15,8.35949074074074,4.349999999999999,12.733333333333334,6.30138888888889,0.6204166666666667,19.936495833333336,1013.9,13.497837500000001,2014,4,Spring
2014-04-16,8.156481481481482,1.805555555555556,13.75,5.9185185185185185,0.6808333333333333,23.435562500000003,1016.5566666666667,12.617704166666668,2014,4,Spring
2014-04-17,9.725925925925926,6.161111111111113,13.805555555555555,7.738194444444445,0.7733333333333333,18.306370833333336,1014.1616666666667,12.323879166666666,2014,4,Spring
2014-04-18,12.494444444444445,6.805555555555555,17.938888888888894,12.033333333333333,0.7362500000000001,9.526504166666667,1007.3033333333333,12.658625,2014,4,Spring
2014-04-19,13.113194444444446,8.794444444444444,17.983333333333334,12.888888888888891,0.6974999999999999,11.877104166666667,1005.025,13.371049999999999,2014,4,Spring
2014-04-20,11.080555555555556,7.244444444444444,14.122222222222224,10.60300925925926,0.81625,9.085095833333334,1009.93125,12.189041666666666,2014,4,Spring
2014-04-21,15.503703703703705,7.777777777777778,22.10555555555556,15.310416666666669,0.6754166666666667,12.945070833333334,1009.7366666666667,12.74315,2014,4,Spring
2014-04-22,15.05625,10.92777777777778,19.994444444444444,15.05625,0.8279166666666667,7.441554166666666,1012.42875,10.211425,2014,4,Spring
2014-04-23,16.143055555555556,7.733333333333334,21.088888888888885,16.1224537037037,0.7733333333333333,4.758891666666667,1016.1866666666666,8.914033333333334,2014,4,Spring
2014-04-24,15.368518518518519,13.838888888888889,17.272222222222226,15.368518518518519,0.8775000000000001,7.756845833333333,1012.5366666666667,10.8675,2014,4,Spring
2014-04-25,14.495833333333332,11.761111111111113,16.400000000000002,14.495833333333332,0.8708333333333332,9.608345833333333,1012.87,10.026275,2014,4,Spring
2014-04-26,15.489814814814814,10.672222222222224,20.022222222222226,15.489814814814814,0.7208333333333333,8.464575,1012.48,10.497870833333334,2014,4,Spring
2014-04-27,16.141898148148147,10.466666666666669,22.194444444444443,16.141898148148147,0.5029166666666667,13.036975,1008.6416666666668,13.8842375,2014,4,Spring
2014-04-28,16.62800925925926,10.02222222222222,22.73333333333333,16.62800925925926,0.5920833333333334,8.4343875,1005.6366666666667,14.924029166666669,2014,4,Spring
2014-04-29,15.12337962962963,9.555555555555555,21.90555555555556,15.111111111111112,0.7608333333333334,7.425454166666667,1005.7312499999999,12.857191666666667,2014,4,Spring
2014-04-30,14.734027777777778,10.9,20.07222222222222,14.734027777777778,0.8045833333333333,5.881195833333334,1006.6395833333332,12.132020833333334,2014,4,Spring
2014-05-01,15.280787037037037,7.711111111111112,22.066666666666663,15.225,0.7520833333333333,4.638141666666667,1008.1504166666667,9.093816666666667,2014,5,Spring
2014-05-02,14.90462962962963,9.555555555555555,22.08333333333333,14.829861111111109,0.7683333333333334,7.151754166666667,1008.8920833333333,10.959404166666667,2014,5,Spring
2014-05-03,14.460185185185184,11.644444444444446,18.88888888888889,14.460185185185184,0.8166666666666668,12.231304166666668,1007.9529166666666,10.207400000000002,2014,5,Spring
2014-05-04,10.259027777777778,7.766666666666664,12.316666666666668,8.644675925925926,0.75625,27.354570833333337,1008.3491666666667,10.836641666666665,2014,5,Spring
2014-05-05,10.652777777777777,4.9833333333333325,15.044444444444444,9.732175925925926,0.6016666666666667,14.971658333333336,1017.2858333333334,13.0732,2014,5,Spring
2014-05-06,12.31875,3.738888888888887,17.800000000000004,12.256712962962963,0.6120833333333333,7.715925000000001,1019.58625,11.793920833333333,2014,5,Spring
2014-05-07,16.59722222222222,7.783333333333331,23.83888888888889,16.148611111111112,0.6195833333333334,15.745800000000001,1016.5925000000001,15.347995833333334,2014,5,Spring
2014-05-08,15.274768518518519,10.35,21.03888888888889,15.274768518518519,0.7016666666666667,8.930133333333334,1017.0612500000001,12.931654166666668,2014,5,Spring
2014-05-09,16.797916666666666,8.02222222222222,23.83888888888889,16.722453703703703,0.6062500000000001,5.8724750000000006,1016.2954166666667,14.950191666666669,2014,5,Spring
2014-05-10,17.12199074074074,10.516666666666667,22.77777777777778,17.12199074074074,0.5708333333333333,14.166658333333332,1014.2316666666667,14.180745833333333,2014,5,Spring
2014-05-11,18.075,11.016666666666666,25.99444444444445,18.075,0.63375,14.213616666666667,1008.2866666666667,14.085487500000001,2014,5,Spring
2014-05-12,13.444675925925926,7.711111111111112,18.72777777777777,12.940277777777778,0.6520833333333333,16.173791666666666,1012.6033333333334,12.721683333333333,2014,5,Spring
2014-05-13,13.096759259259258,6.738888888888891,18.588888888888885,13.055555555555555,0.72125,9.431245833333334,1012.89875,13.3690375,2014,5,Spring
2014-05-14,11.61412037037037,10.0,13.661111111111111,11.516666666666667,0.86375,26.245683333333332,1008.11375,9.9357125,2014,5,Spring
2014-05-15,10.646527777777777,9.444444444444445,12.105555555555554,9.533796296296297,0.8979166666666667,28.64324166666667,1003.5933333333334,9.397704166666667,2014,5,Spring
2014-05-16,11.636574074074074,10.255555555555556,12.872222222222224,11.636574074074074,0.8562500000000001,11.550408333333335,1008.1025,11.624870833333333,2014,5,Spring
2014-05-17,13.422222222222222,10.533333333333337,17.17777777777778,13.422222222222222,0.8116666666666666,8.724858333333334,1013.4929166666666,11.660424999999998,2014,5,Spring
2014-05-18,14.257175925925926,9.822222222222225,17.82222222222222,14.257175925925926,0.7695833333333333,7.4442375,1015.7733333333334,11.318970833333333,2014,5,Spring
2014-05-19,17.040277777777778,9.955555555555556,23.79444444444444,16.992361111111112,0.67125,7.666283333333333,1017.5504166666666,11.6503625,2014,5,Spring
2014-05-20,19.03726851851852,10.177777777777775,26.016666666666666,19.03726851851852,0.59375,4.919891666666667,1017.7608333333333,12.647220833333334,2014,5,Spring
2014-05-21,20.421296296296298,11.727777777777778,27.22222222222222,20.350694444444446,0.6270833333333333,6.435975,1019.09625,15.639137500000002,2014,5,Spring
2014-05-22,21.88888888888889,12.77777777777778,27.861111111111114,21.71365740740741,0.5908333333333333,10.2335625,1016.7220833333332,15.752508333333333,2014,5,Spring
2014-05-23,22.28796296296296,15.02222222222222,28.86111111111111,22.082175925925924,0.57125,11.196879166666667,1013.8270833333332,15.78739166666667,2014,5,Spring
2014-05-24,21.08912037037037,14.466666666666663,27.68333333333333,21.093287037037037,0.6445833333333334,6.982033333333334,1013.1929166666667,14.893170833333334,2014,5,Spring
2014-05-25,20.45138888888889,14.933333333333334,26.888888888888893,20.45949074074074,0.7041666666666666,9.23335,1016.3004166666666,11.9522375,2014,5,Spring
2014-05-26,20.17824074074074,14.07777777777778,27.72777777777777,20.186574074074073,0.7291666666666666,6.939770833333334,1012.9470833333334,12.692837500000001,2014,5,Spring
2014-05-27,20.50625,16.43888888888889,26.17777777777778,20.50625,0.67125,10.549525000000001,1009.3241666666667,12.085733333333332,2014,5,Spring
2014-05-28,17.806018518518517,12.572222222222225,22.75555555555555,17.806018518518517,0.6675,11.420266666666668,1009.1820833333333,13.2523125,2014,5,Spring
2014-05-29,17.019675925925927,11.099999999999998,22.016666666666666,17.019675925925927,0.6745833333333334,10.085979166666666,1009.59125,13.438133333333333,2014,5,Spring
2014-05-30,13.088888888888889,11.199999999999998,14.2,13.088888888888889,0.77375,17.681825,1012.1495833333333,12.084391666666667,2014,5,Spring
2014-05-31,13.128703703703705,11.044444444444444,15.116666666666667,13.128703703703705,0.7258333333333334,11.929429166666667,1014.5679166666667,13.216758333333333,2014,5,Spring
2014-06-01,14.526388888888889,11.094444444444443,18.73888888888889,14.526388888888889,0.7445833333333334,8.343154166666666,1013.76125,12.331929166666667,2014,6,Summer
2014-06-02,14.885648148148148,11.066666666666668,19.97222222222222,14.885648148148148,0.7979166666666666,6.500375000000001,1015.0204166666667,10.319429166666668,2014,6,Summer
2014-06-03,16.18634259259259,9.83888888888889,22.0,16.18634259259259,0.6954166666666667,4.7917625,1014.9233333333333,10.369741666666668,2014,6,Summer
2014-06-04,17.897685185185185,9.53888888888889,24.81666666666667,17.875925925925923,0.6029166666666667,4.882325000000001,1012.18125,15.407029166666668,2014,6,Summer
2014-06-05,20.205324074074074,10.488888888888887,27.24444444444445,20.09490740740741,0.5604166666666667,3.4836375000000004,1013.9083333333333,15.728358333333334,2014,6,Summer
2014-06-06,21.17638888888889,12.77777777777778,27.73888888888889,21.056712962962962,0.5866666666666667,9.252133333333333,1016.92875,15.619012500000002,2014,6,Summer
2014-06-07,22.580324074074074,13.505555555555556,29.95,22.342361111111114,0.57625,9.095158333333334,1017.5320833333334,15.821604166666667,2014,6,Summer
2014-06-08,23.983101851851853,14.41111111111111,31.13333333333334,23.570833333333336,0.5404166666666667,8.494091666666668,1019.3029166666666,15.176933333333332,2014,6,Summer
2014-06-09,24.87546296296296,15.344444444444443,32.75555555555555,24.377314814814813,0.5175,9.015329166666668,1019.1225,15.871245833333335,2014,6,Summer
2014-06-10,26.5962962962963,16.33888888888889,33.91111111111112,26.02847222222222,0.47374999999999995,7.1665125000000005,1017.4958333333334,15.30305,2014,6,Summer
2014-06-11,25.834490740740744,17.577777777777776,32.266666666666666,25.550925925925924,0.5116666666666666,10.7648625,1017.4233333333333,15.639808333333335,2014,6,Summer
2014-06-12,25.103703703703705,16.733333333333334,31.17777777777778,24.63611111111111,0.47541666666666665,10.373766666666667,1017.5320833333334,15.607608333333333,2014,6,Summer
2014-06-13,22.933333333333334,17.11111111111111,28.79444444444444,22.74537037037037,0.5179166666666667,14.319608333333335,1013.7091666666666,14.816695833333334,2014,6,Summer
2014-06-14,18.69351851851852,11.688888888888888,23.86666666666666,18.69351851851852,0.5045833333333333,11.0345375,1012.3225000000001,14.04725,2014,6,Summer
2014-06-15,18.658564814814817,9.294444444444444,25.95,18.630555555555556,0.5054166666666667,11.238470833333333,1014.5954166666667,15.855816666666668,2014,6,Summer
2014-06-16,17.824537037037036,12.355555555555558,22.71111111111111,17.824537037037036,0.5958333333333333,11.138516666666668,1015.66,14.510795833333335,2014,6,Summer
2014-06-17,16.436574074074073,12.733333333333334,21.188888888888886,16.436574074074073,0.8125,6.0314625,1015.0341666666667,12.568062500000002,2014,6,Summer
2014-06-18,18.75671296296296,10.97222222222222,27.10555555555556,18.727777777777778,0.5741666666666667,11.096925,1014.7204166666667,14.187454166666669,2014,6,Summer
2014-06-19,19.967361111111114,10.444444444444445,27.24444444444445,19.830555555555556,0.49833333333333335,9.829720833333333,1011.4129166666667,14.933420833333335,2014,6,Summer
2014-06-20,19.196296296296296,12.344444444444443,24.766666666666666,19.196296296296296,0.4991666666666667,18.6498375,1009.6491666666667,15.648529166666668,2014,6,Summer
2014-06-21,17.497685185185187,12.105555555555554,22.344444444444445,17.497685185185187,0.5029166666666667,12.413770833333333,1014.96125,14.9065875,2014,6,Summer
2014-06-22,20.106944444444444,12.733333333333334,26.13888888888889,20.106944444444444,0.5058333333333334,6.315225000000001,1017.8391666666666,15.627733333333333,2014,6,Summer
2014-06-23,22.258333333333336,14.43888888888889,28.911111111111115,22.134722222222223,0.5995833333333334,7.642804166666667,1017.0345833333334,13.246274999999999,2014,6,Summer
2014-06-24,19.125,16.06111111111111,23.46111111111112,19.125,0.7954166666666667,9.520466666666668,1013.7529166666667,9.658658333333333,2014,6,Summer
2014-06-25,15.901851851851852,14.97777777777778,17.200000000000003,15.901851851851852,0.9204166666666667,8.3699875,1009.53375,7.623350000000001,2014,6,Summer
2014-06-26,17.24050925925926,12.111111111111107,22.194444444444443,17.24050925925926,0.6633333333333333,15.755191666666667,1012.7520833333333,13.946625,2014,6,Summer
2014-06-27,17.586805555555557,9.694444444444446,23.972222222222225,17.586805555555557,0.6437499999999999,7.369775,1017.6725,14.428954166666665,2014,6,Summer
2014-06-28,20.56990740740741,10.533333333333337,27.194444444444443,20.424305555555556,0.5541666666666667,6.7009541666666665,1018.1758333333333,15.9249125,2014,6,Summer
2014-06-29,23.883564814814815,16.166666666666668,30.088888888888885,23.724999999999998,0.56375,16.790958333333332,1011.9045833333333,15.616329166666668,2014,6,Summer
2014-06-30,19.269212962962964,14.538888888888891,24.238888888888887,19.269212962962964,0.7320833333333333,15.822275,1008.7316666666667,13.778245833333335,2014,6,Summer
2014-07-01,18.54074074074074,12.105555555555554,24.95,18.54074074074074,0.635,11.744950000000001,1017.4654166666666,14.206908333333333,2014,7,Summer
2014-07-02,20.678935185185185,10.16111111111111,27.266666666666666,20.551157407407405,0.58375,8.109033333333334,1019.9283333333333,15.855816666666668,2014,7,Summer
2014-07-03,19.021064814814814,12.68888888888889,25.022222222222226,19.021064814814814,0.6641666666666667,12.579466666666667,1022.1654166666667,13.21005,2014,7,Summer
2014-07-04,20.431944444444444,10.72777777777778,27.24444444444445,20.34212962962963,0.5483333333333333,5.243904166666667,1021.1645833333333,15.839045833333335,2014,7,Summer
2014-07-05,22.3662037037037,13.333333333333334,29.0,22.188425925925927,0.55375,14.167329166666667,1012.5875,15.917533333333333,2014,7,Summer
2014-07-06,24.41388888888889,18.34444444444444,31.11111111111111,24.339583333333334,0.5991666666666667,7.368433333333333,1011.9345833333333,13.9365625,2014,7,Summer
2014-07-07,25.79074074074074,18.41111111111111,32.24444444444445,25.822916666666668,0.6141666666666666,5.703425,1014.41375,13.3891625,2014,7,Summer
2014-07-08,23.010879629629628,19.92777777777778,27.80555555555556,23.134722222222223,0.7320833333333333,12.16355,1008.8649999999999,13.407275,2014,7,Summer
2014-07-09,19.614583333333332,15.116666666666667,23.511111111111106,19.614583333333332,0.8195833333333334,7.841370833333333,1005.8116666666666,10.919154166666667,2014,7,Summer
2014-07-10,18.593287037037037,13.06111111111111,25.91666666666667,18.593287037037037,0.7608333333333334,8.516900000000001,1005.66125,12.916224999999999,2014,7,Summer
2014-07-11,16.74050925925926,15.02777777777778,17.288888888888888,16.74050925925926,0.9175,11.274025,1003.0158333333334,7.5126625,2014,7,Summer
2014-07-12,19.658101851851853,15.699999999999998,25.00555555555556,19.658101851851853,0.7229166666666668,16.482375,1007.2666666666668,11.853625000000001,2014,7,Summer
2014-07-13,20.7229797979798,15.56111111111111,26.016666666666666,20.7229797979798,0.6950000000000001,4.647045454545455,1012.1422727272728,15.66603181818182,2014,7,Summer
2014-07-14,21.68913043478261,15.894444444444446,27.75555555555555,21.707004830917874,0.697391304347826,6.1733,1013.1165217391305,12.8954,2014,7,Summer
2014-07-15,23.03865740740741,16.733333333333334,28.86666666666666,23.11712962962963,0.6866666666666666,8.8972625,1014.6629166666667,13.167787500000001,2014,7,Summer
2014-07-16,23.825462962962963,17.344444444444445,30.07222222222222,23.784027777777776,0.6445833333333334,12.030725000000002,1015.2954166666667,15.085029166666667,2014,7,Summer
2014-07-17,22.91064814814815,17.783333333333335,30.022222222222226,22.908564814814813,0.6983333333333334,13.722566666666667,1015.6566666666666,13.212733333333333,2014,7,Summer
2014-07-18,23.469444444444445,17.800000000000004,29.90555555555555,23.59814814814815,0.6941666666666667,11.935466666666668,1015.4875000000001,13.100033333333334,2014,7,Summer
2014-07-19,24.04398148148148,17.805555555555557,31.088888888888885,23.957870370370372,0.65,9.262866666666666,1015.6679166666667,14.933420833333335,2014,7,Summer
2014-07-20,25.139583333333334,16.805555555555557,32.24444444444445,24.95555555555556,0.6158333333333333,4.656925,1014.0429166666667,15.855816666666668,2014,7,Summer
2014-07-21,25.50115740740741,18.466666666666665,32.2,25.72314814814815,0.6245833333333334,12.223254166666669,1009.05625,15.345983333333335,2014,7,Summer
2014-07-22,21.375694444444445,19.466666666666672,24.02777777777778,21.375694444444445,0.8075,9.2575,1008.4916666666667,11.555104166666666,2014,7,Summer
2014-07-23,20.14652777777778,16.65,22.28888888888889,20.14652777777778,0.8354166666666667,10.6883875,1008.0266666666666,10.903054166666665,2014,7,Summer
2014-07-24,21.458796296296295,15.216666666666663,27.22222222222222,21.469907407407405,0.69875,8.1848375,1009.9675000000001,12.567391666666667,2014,7,Summer
2014-07-25,22.652777777777782,14.788888888888888,28.86111111111111,22.525462962962962,0.6420833333333333,5.645733333333333,1012.8091666666666,15.534487500000003,2014,7,Summer
2014-07-26,24.048148148148147,15.45,30.97222222222222,23.909953703703707,0.62625,5.044666666666667,1012.64,14.836150000000002,2014,7,Summer
2014-07-27,21.05717592592593,17.266666666666666,25.11111111111111,21.05717592592593,0.795,8.669179166666668,1012.6316666666667,11.371966666666665,2014,7,Summer
2014-07-28,20.887037037037036,17.244444444444444,24.83333333333333,20.887037037037036,0.8204166666666667,9.126016666666667,1011.6716666666666,10.936595833333334,2014,7,Summer
2014-07-29,22.666203703703705,18.261111111111116,27.216666666666665,22.790972222222223,0.7629166666666666,6.618441666666667,1009.8141666666667,11.613466666666667,2014,7,Summer
2014-07-30,24.50810185185185,19.4,29.95,25.000694444444445,0.7125,14.099575,1007.5925000000001,13.312687500000001,2014,7,Summer
2014-07-31,20.96689814814815,17.82777777777778,25.0,20.96689814814815,0.8220833333333334,5.982491666666667,1009.1166666666667,10.202033333333333,2014,7,Summer
2014-08-01,23.46666666666667,17.96666666666667,28.86666666666666,23.732870370370375,0.7454166666666667,5.4679625,1009.8454166666667,11.267987499999998,2014,8,Summer
2014-08-02,23.40833333333333,17.76111111111111,30.97222222222222,23.766203703703706,0.7575,5.988529166666667,1011.2062500000001,13.040999999999999,2014,8,Summer
2014-08-03,24.72662037037037,17.705555555555556,30.91111111111111,25.011342592592595,0.6974999999999999,5.5062,1011.80375,14.324304166666666,2014,8,Summer
2014-08-04,21.00810185185185,17.916666666666668,23.994444444444444,21.00810185185185,0.8316666666666667,7.1960291666666665,1013.6154166666666,13.482408333333334,2014,8,Summer
2014-08-05,22.294907407407408,17.755555555555556,28.79444444444444,22.5025462962963,0.77375,8.296195833333334,1011.68,10.901041666666666,2014,8,Summer
2014-08-06,20.946527777777778,18.33333333333333,24.822222222222223,20.946527777777778,0.8225000000000001,8.755045833333334,1009.7912500000001,11.293479166666666,2014,8,Summer
2014-08-07,21.931250000000002,18.35555555555556,26.57222222222222,21.931250000000002,0.7883333333333334,7.354345833333333,1012.2141666666666,11.4289875,2014,8,Summer
2014-08-08,21.802314814814817,17.22222222222222,27.266666666666666,21.903935185185187,0.7945833333333333,5.602799999999999,1013.9654166666666,10.118179166666666,2014,8,Summer
2014-08-09,23.015046296296294,16.094444444444445,28.95555555555556,23.140046296296294,0.72125,3.448754166666667,1014.9654166666666,12.123970833333333,2014,8,Summer
2014-08-10,24.246064814814815,17.22222222222222,29.90555555555555,24.393287037037037,0.6954166666666667,5.156695833333333,1014.7008333333333,11.390079166666666,2014,8,Summer
2014-08-11,25.374305555555555,19.444444444444443,31.105555555555554,25.983101851851853,0.6995833333333333,9.858566666666666,1012.1129166666666,13.036304166666667,2014,8,Summer
2014-08-12,24.115972222222222,18.86666666666666,29.88333333333334,24.17939814814815,0.63375,9.463445833333333,1012.8887500000001,15.2628,2014,8,Summer
2014-08-13,26.381712962962965,18.81666666666667,32.25555555555556,27.426157407407405,0.6699999999999999,10.047070833333335,1009.3708333333334,14.196845833333334,2014,8,Summer
2014-08-14,20.20486111111111,15.511111111111113,24.488888888888887,20.20486111111111,0.7633333333333333,17.389341666666667,1010.5324999999999,13.043012500000001,2014,8,Summer
2014-08-15,19.75347222222222,12.894444444444446,25.73333333333333,19.75347222222222,0.7283333333333334,6.044208333333334,1013.2025,11.559129166666667,2014,8,Summer
2014-08-16,18.761574074074073,14.405555555555557,23.79444444444444,18.761574074074073,0.665,13.557541666666667,1014.7954166666667,13.583033333333333,2014,8,Summer
2014-08-17,17.764351851851853,11.644444444444446,23.86111111111111,17.764351851851853,0.65625,10.431458333333333,1015.7820833333334,14.720766666666668,2014,8,Summer
2014-08-18,18.299305555555556,9.983333333333333,25.07222222222222,18.299305555555556,0.6320833333333333,6.414508333333334,1014.66375,15.578091666666667,2014,8,Summer
2014-08-19,20.78912037037037,12.95,27.71111111111111,20.72175925925926,0.6325,8.9133625,1013.6295833333334,15.162175,2014,8,Summer
2014-08-20,20.91226851851852,15.172222222222224,28.7,20.889814814814816,0.7195833333333334,6.910925,1013.6566666666666,13.131562500000001,2014,8,Summer
2014-08-21,17.679861111111112,12.68888888888889,22.066666666666663,17.679861111111112,0.8083333333333332,9.803558333333333,1015.1437500000001,11.702016666666667,2014,8,Summer
2014-08-22,18.110879629629633,12.03888888888889,24.96111111111112,18.110879629629633,0.6616666666666667,7.3959375,1017.3516666666666,15.300366666666667,2014,8,Summer
2014-08-23,19.957175925925927,12.8,25.95,19.957175925925927,0.7158333333333333,4.156483333333333,1013.8937500000001,13.397883333333334,2014,8,Summer
2014-08-24,18.79861111111111,13.394444444444444,23.772222222222226,18.79861111111111,0.6420833333333333,19.440079166666667,1013.7095833333333,12.574100000000001,2014,8,Summer
2014-08-25,15.9375,9.955555555555556,22.70555555555556,15.92962962962963,0.62375,5.9892,1019.2399999999999,15.144062500000002,2014,8,Summer
2014-08-26,19.42037037037037,9.466666666666663,27.10555555555556,19.33425925925926,0.6433333333333333,10.963429166666666,1011.7012500000001,15.384220833333336,2014,8,Summer
2014-08-27,19.08449074074074,13.261111111111113,23.66111111111111,19.08449074074074,0.7858333333333333,12.931654166666668,1010.9654166666666,11.780504166666667,2014,8,Summer
2014-08-28,15.844212962962963,7.783333333333331,23.81666666666667,15.719675925925927,0.6766666666666667,5.4927833333333345,1019.6670833333333,15.803491666666668,2014,8,Summer
2014-08-29,16.862037037037037,7.711111111111112,24.95,16.862037037037037,0.6695833333333333,3.562795833333334,1020.1283333333334,15.489541666666668,2014,8,Summer
2014-08-30,19.355787037037036,9.933333333333334,27.194444444444443,19.29722222222222,0.6575000000000001,5.1063833333333335,1018.0308333333334,15.846425000000002,2014,8,Summer
2014-08-31,21.274768518518517,13.983333333333334,27.73333333333333,21.144212962962964,0.6291666666666667,9.2836625,1013.0225,15.702195833333334,2014,8,Summer
2014-09-01,21.294212962962963,16.11111111111111,26.83333333333333,21.308796296296297,0.655,10.7004625,1008.02,13.526683333333333,2014,9,Fall
2014-09-02,20.680092592592594,17.144444444444446,25.8,20.680092592592594,0.75875,13.508570833333335,1009.71125,14.838833333333334,2014,9,Fall
2014-09-03,21.24537037037037,17.227777777777774,28.73333333333333,21.196527777777778,0.7287499999999999,11.045941666666666,1011.1237500000001,13.4656375,2014,9,Fall
2014-09-04,20.663194444444446,17.37777777777778,26.977777777777774,20.675694444444446,0.7379166666666667,9.971937500000001,1014.2633333333333,14.129091666666667,2014,9,Fall
2014-09-05,19.178703703703704,16.666666666666668,22.29444444444444,19.178703703703704,0.8241666666666667,7.3597125000000005,1014.8375,11.599379166666667,2014,9,Fall
2014-09-06,18.464351851851855,16.622222222222224,22.600000000000005,18.464351851851855,0.8266666666666667,8.3659625,1013.985,13.234870833333334,2014,9,Fall
2014-09-07,18.66087962962963,16.06666666666667,22.68888888888889,18.66087962962963,0.8595833333333333,6.778099999999999,1014.86,13.503875,2014,9,Fall
2014-09-08,20.858333333333334,14.955555555555556,27.2,20.863657407407405,0.7416666666666667,5.777887499999999,1016.1666666666666,12.472804166666668,2014,9,Fall
2014-09-09,20.09907407407407,12.22222222222222,27.75555555555555,20.108796296296294,0.7295833333333333,3.9263875,1015.7320833333333,11.115708333333332,2014,9,Fall
2014-09-10,18.903935185185187,13.916666666666664,24.4,18.903935185185187,0.8383333333333334,9.760625000000001,1013.15375,10.251675,2014,9,Fall
2014-09-11,20.852314814814815,16.67777777777778,26.83333333333333,20.884027777777778,0.7937500000000001,9.145470833333334,1010.0195833333333,10.8252375,2014,9,Fall
2014-09-12,18.805092592592594,17.15,23.211111111111112,18.805092592592594,0.8470833333333334,10.174529166666668,1012.8370833333333,11.4450875,2014,9,Fall
2014-09-13,18.295833333333334,15.18888888888889,22.15,18.295833333333334,0.8612500000000001,9.816304166666667,1014.38375,9.843808333333333,2014,9,Fall
2014-09-14,18.417592592592595,16.016666666666666,22.2,18.417592592592595,0.8887499999999999,8.4384125,1015.00625,8.6135,2014,9,Fall
2014-09-15,16.360648148148147,14.422222222222224,20.04444444444444,16.360648148148147,0.9233333333333333,7.035029166666667,1016.5154166666666,9.7264125,2014,9,Fall
2014-09-16,16.978935185185186,14.305555555555555,22.68888888888889,16.978935185185186,0.8525,4.6951625,1018.6633333333334,11.832158333333334,2014,9,Fall
2014-09-17,16.20486111111111,11.161111111111111,21.15555555555555,16.20486111111111,0.8195833333333332,4.756879166666667,1019.86,10.354983333333333,2014,9,Fall
2014-09-18,16.633564814814815,10.533333333333337,23.83888888888889,16.633564814814815,0.7029166666666667,8.304245833333335,1020.4579166666667,12.5720875,2014,9,Fall
2014-09-19,17.87847222222222,12.227777777777776,24.92777777777778,17.87847222222222,0.7016666666666667,12.550620833333335,1019.4633333333333,15.5103375,2014,9,Fall
2014-09-20,19.046990740740743,16.116666666666664,24.88333333333334,19.046990740740743,0.8170833333333333,9.871983333333334,1015.5008333333334,13.076554166666668,2014,9,Fall
2014-09-21,19.126388888888886,15.1,26.06111111111111,19.126388888888886,0.8308333333333334,7.8977208333333335,1012.0916666666667,7.638108333333332,2014,9,Fall
2014-09-22,15.041666666666666,10.577777777777776,17.68888888888889,15.041666666666666,0.8083333333333332,13.150345833333333,1009.8254166666667,12.256795833333333,2014,9,Fall
2014-09-23,12.311342592592593,8.177777777777777,17.105555555555554,11.752083333333333,0.7125,19.388425,1014.3249999999999,12.998737499999999,2014,9,Fall
2014-09-24,10.601157407407408,3.844444444444445,17.77777777777778,10.428935185185185,0.7170833333333334,4.037745833333333,1019.3241666666667,14.583245833333335,2014,9,Fall
2014-09-25,12.149305555555555,4.31111111111111,19.81666666666667,11.85324074074074,0.8025000000000001,6.603683333333334,1016.9241666666667,11.892533333333333,2014,9,Fall
2014-09-26,13.330787037037036,9.616666666666667,17.711111111111112,13.19537037037037,0.8220833333333334,10.08665,1019.2208333333333,9.898145833333333,2014,9,Fall
2014-09-27,14.442824074074075,8.788888888888888,20.0,14.3125,0.7466666666666667,9.752575,1024.6008333333332,12.846458333333333,2014,9,Fall
2014-09-28,14.62986111111111,8.355555555555554,21.08333333333333,14.62986111111111,0.7279166666666667,5.832895833333333,1028.7966666666666,14.038529166666669,2014,9,Fall
2014-09-29,13.761574074074074,6.205555555555557,22.266666666666666,13.761574074074074,0.74125,3.9270583333333335,1028.9433333333334,12.548608333333334,2014,9,Fall
2014-09-30,14.162037037037038,5.094444444444445,23.83888888888889,14.102546296296296,0.7608333333333334,3.063025,1025.5070833333332,11.771112500000001,2014,9,Fall
2014-10-01,16.353472222222223,7.899999999999999,22.73333333333333,16.353472222222223,0.72375,4.424145833333333,1023.9958333333334,13.859416666666668,2014,10,Fall
2014-10-02,15.72800925925926,13.916666666666664,17.349999999999998,15.72800925925926,0.8979166666666667,7.160475000000001,1024.93375,10.517995833333334,2014,10,Fall
2014-10-03,14.353935185185184,12.77777777777778,17.200000000000003,14.353935185185184,0.8716666666666667,6.7137,1025.4225,9.0622875,2014,10,Fall
2014-10-04,13.467824074074073,10.183333333333332,16.083333333333332,13.467824074074073,0.88875,4.996366666666667,1022.8658333333333,6.647958333333334,2014,10,Fall
2014-10-05,12.621759259259258,6.905555555555555,17.87777777777778,12.506018518518518,0.7483333333333334,6.9914250000000004,1020.7729166666667,10.6743,2014,10,Fall
2014-10-06,13.929166666666667,5.744444444444446,19.97222222222222,13.728472222222223,0.6529166666666667,10.155075,1020.07,11.1190625,2014,10,Fall
2014-10-07,14.763888888888888,10.577777777777776,18.927777777777774,14.763888888888888,0.7400000000000001,13.413312500000002,1020.4558333333333,13.405933333333335,2014,10,Fall
2014-10-08,14.982175925925924,8.961111111111112,22.1,14.706249999999999,0.7895833333333333,15.883320833333334,1021.1166666666667,14.785166666666667,2014,10,Fall
2014-10-09,16.71990740740741,11.08888888888889,23.905555555555555,16.71990740740741,0.7545833333333333,16.077862500000002,1019.2366666666667,15.677375,2014,10,Fall
2014-10-10,17.84212962962963,12.044444444444444,26.15555555555555,17.84212962962963,0.7433333333333333,14.753637500000002,1018.9633333333333,14.565804166666668,2014,10,Fall
2014-10-11,17.453935185185184,12.155555555555557,25.016666666666666,17.453935185185184,0.7491666666666666,12.119945833333333,1016.99125,14.459141666666667,2014,10,Fall
2014-10-12,17.194675925925925,11.161111111111111,26.06111111111111,17.194675925925925,0.785,6.953858333333334,1016.0404166666667,13.277804166666668,2014,10,Fall
2014-10-13,18.30509259259259,11.688888888888888,26.15555555555555,18.30509259259259,0.7679166666666667,10.238258333333334,1013.71375,10.420725,2014,10,Fall
2014-10-14,19.787731481481483,12.755555555555556,27.58888888888889,19.764814814814816,0.7183333333333333,9.487595833333334,1011.6999999999999,10.734004166666667,2014,10,Fall
2014-10-15,15.818055555555555,13.916666666666664,17.344444444444445,15.818055555555555,0.9274999999999999,6.5989875,1010.2470833333333,10.230208333333334,2014,10,Fall
2014-10-16,15.365277777777777,12.894444444444446,19.95555555555556,15.365277777777777,0.9366666666666666,4.971545833333334,1011.2391666666667,7.448262499999999,2014,10,Fall
2014-10-17,14.927314814814816,11.183333333333334,17.872222222222224,14.927314814814816,0.9474999999999999,10.450241666666667,1012.9716666666667,9.351416666666667,2014,10,Fall
2014-10-18,13.390972222222222,8.311111111111112,19.92777777777778,13.390972222222222,0.8541666666666666,8.844266666666668,1024.3075000000001,10.792366666666666,2014,10,Fall
2014-10-19,11.443981481481481,5.138888888888889,18.96111111111111,11.305787037037037,0.85,6.86665,1026.5725,8.043962500000001,2014,10,Fall
2014-10-20,14.74375,7.222222222222222,24.83333333333333,14.447685185185184,0.82,8.484029166666668,1018.7404166666666,10.255029166666668,2014,10,Fall
2014-10-21,14.340972222222222,10.094444444444443,18.011111111111113,14.340972222222222,0.8979166666666667,5.756420833333333,1011.19875,9.717691666666667,2014,10,Fall
2014-10-22,9.575000000000001,7.777777777777778,14.349999999999998,6.946990740740741,0.8670833333333333,21.135945833333334,1003.5683333333333,11.530954166666668,2014,10,Fall
2014-10-23,8.143287037037037,7.244444444444444,10.511111111111113,6.715277777777778,0.9245833333333334,10.463658333333333,1005.7770833333334,7.900404166666667,2014,10,Fall
2014-10-24,7.901851851851852,7.083333333333333,8.900000000000002,5.588657407407408,0.9504166666666666,13.641395833333334,1015.9095833333332,4.5945375,2014,10,Fall
2014-10-25,7.822916666666667,4.994444444444445,11.016666666666666,6.643518518518519,0.8737499999999999,8.681254166666667,1024.8166666666666,8.3398,2014,10,Fall
2014-10-26,6.696296296296296,2.8500000000000014,10.016666666666667,6.184490740740741,0.8562500000000001,5.233170833333333,1029.9308333333333,8.5309875,2014,10,Fall
2014-10-27,3.8854166666666674,-1.0611111111111111,11.072222222222225,3.8625000000000007,0.8962500000000001,2.840308333333333,1031.3425,5.132545833333333,2014,10,Fall
2014-10-28,4.854629629629629,-2.155555555555555,11.066666666666668,4.534722222222222,0.7779166666666667,3.9767000000000006,1027.4533333333334,8.047316666666667,2014,10,Fall
2014-10-29,7.425694444444445,5.516666666666667,9.97777777777778,6.8076388888888895,0.75,5.49815,1023.5675,11.6543875,2014,10,Fall
2014-10-30,7.934490740740741,6.522222222222223,9.972222222222223,7.526851851851852,0.8091666666666666,4.533491666666667,1025.7020833333333,8.336445833333334,2014,10,Fall
2014-10-31,6.690972222222221,1.71111111111111,12.733333333333334,6.540740740740741,0.8391666666666667,3.7767916666666665,1027.4779166666667,5.268725,2014,10,Fall
2014-11-01,5.832407407407408,0.6611111111111099,11.06111111111111,5.823148148148149,0.8737499999999999,1.6328083333333332,1027.4520833333333,4.17795,2014,11,Fall
2014-11-02,5.939583333333334,-0.3666666666666667,12.194444444444446,5.704398148148148,0.8254166666666666,3.5882875000000003,1025.21,4.410058333333334,2014,11,Fall
2014-11-03,7.121527777777779,1.2055555555555566,13.794444444444444,5.5562499999999995,0.8112499999999999,11.429658333333334,1020.5758333333333,4.98295,2014,11,Fall
2014-11-04,9.330787037037037,3.672222222222222,17.266666666666666,7.715972222222223,0.7675000000000001,14.0009625,1015.4787500000001,7.171879166666667,2014,11,Fall
2014-11-05,12.276157407407409,7.066666666666666,18.97777777777777,11.34537037037037,0.7220833333333333,18.666608333333333,1012.8475,10.60185,2014,11,Fall
2014-11-06,14.151388888888889,11.155555555555557,17.288888888888888,14.151388888888889,0.7329166666666667,17.556379166666666,1014.9241666666667,12.335954166666667,2014,11,Fall
2014-11-07,16.849537037037035,13.050000000000002,22.188888888888886,16.849537037037035,0.7004166666666666,17.451729166666667,1013.69,13.132904166666668,2014,11,Fall
2014-11-08,13.582407407407407,11.11111111111111,17.233333333333334,13.582407407407407,0.8279166666666667,6.8324375,1014.05125,11.717445833333334,2014,11,Fall
2014-11-09,10.453935185185186,6.71111111111111,14.905555555555551,10.17037037037037,0.9308333333333333,6.2447875,1016.2616666666667,3.5889583333333337,2014,11,Fall
2014-11-10,10.845833333333333,5.599999999999999,17.105555555555554,10.41875,0.8766666666666666,7.918516666666666,1019.3675,4.7495,2014,11,Fall
2014-11-11,11.131481481481481,7.383333333333332,16.105555555555558,10.230787037037038,0.8250000000000001,11.2116375,1018.0025,7.672991666666667,2014,11,Fall
2014-11-12,10.873842592592593,8.75,14.86111111111111,9.742592592592592,0.7808333333333333,16.535370833333335,1012.465,11.853625000000001,2014,11,Fall
2014-11-13,10.681712962962962,6.91111111111111,14.81666666666667,10.16712962962963,0.8245833333333333,7.403316666666668,1011.9725,10.027616666666667,2014,11,Fall
2014-11-14,10.60138888888889,7.733333333333334,13.983333333333334,10.438425925925925,0.8579166666666667,4.004875,1016.9379166666666,7.860824999999999,2014,11,Fall
2014-11-15,9.09675925925926,6.038888888888888,14.738888888888887,7.448611111111112,0.8137500000000001,15.955770833333334,1015.4058333333334,11.4491125,2014,11,Fall
2014-11-16,7.872685185185186,6.038888888888888,10.816666666666666,4.7585648148148145,0.8504166666666667,20.94140416666667,1011.315,12.130679166666667,2014,11,Fall
2014-11-17,8.675694444444444,6.700000000000001,10.977777777777776,7.446527777777778,0.8595833333333333,9.646583333333334,1011.7158333333333,10.291254166666667,2014,11,Fall
2014-11-18,8.414351851851853,5.7055555555555575,12.8,6.564583333333332,0.8770833333333333,15.002516666666667,1011.4908333333333,11.500095833333333,2014,11,Fall
2014-11-19,7.041898148148149,4.61111111111111,8.955555555555556,5.430092592592593,0.9275000000000001,9.551325,1015.6295833333334,7.586454166666667,2014,11,Fall
2014-11-20,7.313425925925927,3.800000000000002,9.955555555555556,4.878703703703704,0.86875,14.062008333333333,1022.2720833333333,10.713879166666667,2014,11,Fall
2014-11-21,4.648148148148148,1.8944444444444424,7.216666666666669,3.6875,0.8933333333333334,5.482720833333333,1025.4466666666667,5.479366666666667,2014,11,Fall
2014-11-22,5.686574074074074,3.205555555555557,7.777777777777778,5.643287037037037,0.8075,2.691383333333333,1027.7420833333333,7.081316666666667,2014,11,Fall
2014-11-23,5.82337962962963,3.555555555555555,7.827777777777779,5.488194444444445,0.7616666666666667,3.8143583333333333,1030.3729166666667,9.7988625,2014,11,Fall
2014-11-24,4.150231481481481,0.2611111111111104,7.755555555555556,3.0916666666666663,0.775,6.209233333333334,1028.9816666666668,10.2235,2014,11,Fall
2014-11-25,3.097222222222222,0.7611111111111097,5.083333333333332,0.8731481481481481,0.8183333333333334,8.910679166666666,1028.63625,9.083083333333333,2014,11,Fall
2014-11-26,1.97337962962963,-0.944444444444444,4.022222222222223,0.6745370370370374,0.9120833333333334,5.8342375,1025.6229166666667,3.9934708333333333,2014,11,Fall
2014-11-27,1.7240740740740739,-0.2999999999999995,4.788888888888888,-1.2201388888888889,0.8479166666666668,10.831275,1021.81,4.702541666666667,2014,11,Fall
2014-11-28,2.5879629629629624,1.0611111111111091,3.838888888888887,-0.28402777777777805,0.9375,10.500554166666667,1020.035,3.4474125000000004,2014,11,Fall
2014-11-29,3.5840277777777776,2.727777777777776,5.027777777777776,0.6166666666666668,0.9520833333333334,11.765745833333334,1019.6004166666667,1.6334791666666666,2014,11,Fall
2014-11-30,3.89837962962963,2.7333333333333343,4.811111111111109,2.178472222222222,0.9325,7.472412500000001,1018.6929166666667,3.516508333333334,2014,11,Fall
2014-12-01,3.2685185185185186,1.0111111111111113,4.811111111111109,-0.384027777777778,0.89875,15.677375,1015.0554166666667,7.936629166666667,2014,12,Winter
2014-12-02,3.424074074074074,1.1388888888888873,4.861111111111111,1.2298611111111108,0.8941666666666667,9.128029166666666,1014.27625,8.532329166666667,2014,12,Winter
2014-12-03,5.788888888888889,4.266666666666667,7.744444444444444,5.221064814814815,0.8758333333333334,4.983620833333334,1020.4054166666666,9.256829166666668,2014,12,Winter
2014-12-04,5.389583333333333,2.9111111111111123,8.816666666666666,5.215740740740741,0.8545833333333334,3.321966666666667,1022.07125,10.517995833333334,2014,12,Winter
2014-12-05,5.797222222222222,2.82777777777778,7.288888888888888,4.947685185185185,0.8891666666666667,5.651770833333334,1020.6729166666668,6.925683333333333,2014,12,Winter
2014-12-06,6.57361111111111,5.95,7.605555555555554,5.826388888888889,0.9366666666666666,5.624937500000001,1018.3225000000001,3.8626583333333335,2014,12,Winter
2014-12-07,6.249305555555555,5.555555555555555,7.15,5.45462962962963,0.9491666666666667,5.648416666666667,1016.7741666666667,3.7667291666666673,2014,12,Winter
2014-12-08,5.779629629629629,4.977777777777778,7.083333333333333,4.969212962962962,0.9391666666666666,5.205666666666667,1016.0829166666666,2.8557375,2014,12,Winter
2014-12-09,3.657407407407408,2.2222222222222223,5.38888888888889,-0.8527777777777777,0.9041666666666667,22.597691666666666,1018.56,6.7586458333333335,2014,12,Winter
2014-12-10,2.8937500000000003,2.205555555555555,3.866666666666667,-0.10416666666666645,0.8608333333333333,12.444629166666667,1021.90125,8.989166666666668,2014,12,Winter
2014-12-11,2.33587962962963,-0.4555555555555557,5.0,0.5365740740740743,0.8525,7.253720833333333,1020.5854166666667,8.854329166666668,2014,12,Winter
2014-12-12,0.32291666666666674,-1.083333333333333,2.4555555555555566,-3.5877314814814816,0.9416666666666668,13.070516666666668,1021.4820833333333,3.0408875,2014,12,Winter
2014-12-13,3.782175925925926,-0.5111111111111121,10.02222222222222,0.4925925925925925,0.8320833333333333,14.519516666666668,1020.6329166666666,7.583770833333333,2014,12,Winter
2014-12-14,7.108796296296297,4.4722222222222205,10.144444444444442,5.000694444444445,0.7995833333333334,11.640970833333334,1022.2170833333333,8.094945833333334,2014,12,Winter
2014-12-15,5.328240740740742,2.2000000000000006,8.961111111111112,3.0310185185185183,0.8791666666666668,10.3301625,1022.3825,5.496137500000001,2014,12,Winter
2014-12-16,5.990046296296296,2.4277777777777763,8.838888888888887,3.931944444444445,0.8624999999999999,10.278508333333333,1006.2312499999999,8.263995833333334,2014,12,Winter
2014-12-17,5.044675925925926,-0.2111111111111105,7.872222222222224,3.9076388888888887,0.9195833333333333,7.591820833333333,993.8466666666665,3.3769750000000003,2014,12,Winter
2014-12-18,4.005092592592592,-0.0499999999999999,8.88888888888889,2.491435185185185,0.90875,7.326170833333333,995.7241666666665,4.1276375000000005,2014,12,Winter
2014-12-19,5.929861111111111,2.82777777777778,12.249999999999998,3.6449074074074077,0.8883333333333333,11.753,996.1420833333332,4.387920833333333,2014,12,Winter
2014-12-20,6.490509259259259,2.449999999999998,11.183333333333334,4.726851851851852,0.7558333333333334,13.611879166666668,996.2004166666666,7.2611,2014,12,Winter
2014-12-21,4.430555555555555,1.288888888888889,7.344444444444444,0.8877314814814814,0.7166666666666667,18.544516666666667,997.9729166666666,7.088024999999999,2014,12,Winter
2014-12-22,4.407638888888889,0.127777777777776,7.750000000000002,1.368287037037037,0.7637499999999999,13.495154166666667,997.7049999999999,6.190449999999999,2014,12,Winter
2014-12-23,6.57361111111111,2.3000000000000003,12.17222222222222,4.671990740740741,0.7841666666666667,11.26195,996.6866666666665,6.534587500000001,2014,12,Winter
2014-12-24,3.9449074074074075,0.127777777777776,11.166666666666666,1.894212962962963,0.8883333333333333,9.754587500000001,996.8595833333333,4.331570833333333,2014,12,Winter
2014-12-25,5.056712962962963,0.1777777777777779,11.06111111111111,3.0453703703703696,0.8075,9.773370833333333,1002.8954166666666,6.417191666666667,2014,12,Winter
2014-12-26,3.0043981481481477,-1.1111111111111112,6.111111111111111,-1.2604166666666667,0.7054166666666667,19.3522,998.0633333333332,8.206304166666667,2014,12,Winter
2014-12-27,-1.6284722222222223,-4.027777777777778,1.1111111111111112,-5.671064814814815,0.6620833333333334,13.049720833333334,996.3554166666667,7.558949999999999,2014,12,Winter
2014-12-28,-1.8706018518518521,-2.7777777777777777,-1.0611111111111111,-7.793287037037037,0.8391666666666667,22.25355416666667,996.0124999999999,4.063908333333333,2014,12,Winter
2014-12-29,-3.995601851851852,-8.1,-1.0611111111111111,-10.443287037037036,0.6858333333333334,23.282612500000003,996.1804166666666,6.485616666666666,2014,12,Winter
2014-12-30,-6.38287037037037,-9.394444444444444,-3.888888888888889,-11.567592592592591,0.6683333333333333,12.782058333333334,999.5424999999999,7.9151625,2014,12,Winter
2014-12-31,-9.79513888888889,-13.255555555555556,-3.888888888888889,-13.577314814814814,0.75,8.624904166666667,1001.6925,5.28885,2014,12,Winter
2015-01-01,-6.860185185185185,-13.066666666666666,-4.9,-10.20925925925926,0.7591666666666667,8.641675000000001,1006.5220833333333,7.948033333333334,2015,1,Winter
2015-01-02,-2.7004629629629626,-4.972222222222222,0.0999999999999998,-6.937962962962963,0.8933333333333334,11.845575000000002,1000.3495833333332,2.8832416666666667,2015,1,Winter
2015-01-03,1.786574074074074,-2.488888888888889,6.111111111111111,-1.3620370370370372,0.7854166666666668,12.224595833333334,1000.1824999999999,6.825729166666666,2015,1,Winter
2015-01-04,2.574074074074074,0.0,5.033333333333335,-2.4254629629629627,0.7466666666666667,27.679254166666666,995.1779166666665,6.8324375,2015,1,Winter
2015-01-05,1.4944444444444445,-0.0166666666666672,2.9055555555555537,-3.5560185185185187,0.74625,22.085845833333334,1004.74375,10.136291666666667,2015,1,Winter
2015-01-06,-1.2219907407407407,-5.694444444444445,2.6500000000000017,-5.816203703703704,0.7083333333333334,14.895183333333335,1025.4016666666666,13.870820833333333,2015,1,Winter
2015-01-07,-6.9601851851851855,-9.344444444444443,-4.9833333333333325,-10.864351851851852,0.7129166666666666,8.806029166666667,1035.4933333333333,15.549245833333332,2015,1,Winter
2015-01-08,-4.248842592592593,-6.65,-2.244444444444444,-8.310416666666667,0.73375,10.428775,1035.43875,14.970316666666667,2015,1,Winter
2015-01-09,2.0664351851851848,-2.4333333333333327,6.755555555555554,-1.781712962962963,0.7941666666666666,15.456670833333334,1025.31375,8.70205,2015,1,Winter
2015-01-10,5.670138888888889,2.372222222222224,10.272222222222224,3.195370370370371,0.8791666666666668,13.072529166666667,1012.2220833333332,8.310283333333333,2015,1,Winter
2015-01-11,4.217824074074074,1.4833333333333345,7.172222222222221,0.9766203703703704,0.78625,15.227916666666667,1013.7004166666667,11.625541666666669,2015,1,Winter
2015-01-12,3.447453703703704,0.1166666666666671,7.811111111111113,-0.5956018518518521,0.7458333333333332,19.436725,1024.4195833333333,13.667558333333334,2015,1,Winter
2015-01-13,2.036111111111111,-2.127777777777777,7.98888888888889,-1.3256944444444445,0.8112499999999999,12.239354166666667,1024.88625,12.827675,2015,1,Winter
2015-01-14,2.908796296296296,-2.111111111111112,8.95,-0.0733796296296298,0.8254166666666666,11.498754166666666,1018.8874999999999,7.254391666666667,2015,1,Winter
2015-01-15,4.1678240740740735,1.7666666666666666,9.97777777777778,1.252314814814815,0.7145833333333332,12.095125000000001,1021.3625000000001,13.122841666666668,2015,1,Winter
2015-01-16,4.436805555555556,0.6222222222222208,10.133333333333336,0.8888888888888892,0.7583333333333333,17.197483333333334,1019.7283333333334,15.026666666666666,2015,1,Winter
2015-01-17,5.849537037037037,2.027777777777777,8.955555555555556,2.520601851851852,0.7312500000000001,17.142475,1017.1608333333334,15.716283333333335,2015,1,Winter
2015-01-18,6.785648148148148,5.155555555555556,7.916666666666667,5.735185185185185,0.9349999999999999,6.403104166666666,1017.8166666666666,4.537516666666667,2015,1,Winter
2015-01-19,5.972222222222222,5.027777777777776,7.016666666666668,4.737962962962963,0.9708333333333333,6.982033333333334,1013.7120833333333,2.2647333333333335,2015,1,Winter
2015-01-20,5.267592592592592,3.911111111111111,6.099999999999998,3.6412037037037037,0.9483333333333333,7.785691666666668,1013.9395833333333,3.362216666666667,2015,1,Winter
2015-01-21,5.616666666666666,3.9833333333333343,6.272222222222222,4.441898148148148,0.9570833333333333,6.666070833333333,1014.2133333333333,1.7495333333333332,2015,1,Winter
2015-01-22,6.402314814814814,5.072222222222224,7.76111111111111,5.0435185185185185,0.9562499999999999,7.732025,1015.1745833333333,2.11715,2015,1,Winter
2015-01-23,5.960416666666667,5.038888888888889,6.622222222222224,3.2055555555555557,0.9570833333333333,13.660850000000002,1010.78875,1.9340125,2015,1,Winter
2015-01-24,4.116666666666666,2.716666666666667,6.0555555555555545,1.1287037037037038,0.9241666666666667,12.972575,1009.435,6.738520833333333,2015,1,Winter
2015-01-25,2.1020833333333333,1.1166666666666656,2.666666666666665,-1.1414351851851852,0.9295833333333334,11.888508333333334,1015.8179166666667,4.285283333333333,2015,1,Winter
2015-01-26,1.874768518518519,0.3277777777777796,3.7722222222222217,-0.3504629629629629,0.8533333333333334,9.179683333333333,1023.0825,7.077291666666667,2015,1,Winter
2015-01-27,0.1835648148148148,-0.5111111111111121,1.1555555555555546,-0.4069444444444444,0.8850000000000001,3.629208333333333,1017.9091666666667,6.3011375,2015,1,Winter
2015-01-28,0.21597222222222245,-2.244444444444444,3.866666666666667,-1.7905092592592589,0.8633333333333333,7.3597125000000005,1016.4499999999999,6.456770833333334,2015,1,Winter
2015-01-29,0.6175925925925924,-2.7777777777777777,2.566666666666665,-3.138425925925926,0.8654166666666666,13.753425,1004.0245833333333,6.300466666666668,2015,1,Winter
2015-01-30,5.564120370370371,2.1111111111111094,7.838888888888889,1.0898148148148148,0.79625,28.912245833333333,986.0899999999998,9.9397375,2015,1,Winter
2015-01-31,2.35462962962963,-1.2333333333333327,7.15,-1.6456018518518516,0.8033333333333333,17.6778,988.9949999999999,11.2720125,2015,1,Winter
2015-02-01,0.03657407407407403,-2.272222222222222,2.755555555555556,-2.2814814814814817,0.8608333333333333,7.874912500000001,992.3441666666666,10.4992125,2015,2,Winter
2015-02-02,0.9203703703703704,-1.1777777777777785,3.888888888888889,-1.6636574074074073,0.8725,9.224629166666666,998.935,8.368645833333334,2015,2,Winter
2015-02-03,1.4222222222222225,-3.861111111111111,6.066666666666667,-0.9585648148148147,0.7987500000000001,9.0965,1007.0524999999999,8.13855,2015,2,Winter
2015-02-04,1.5946759259259264,-0.0444444444444434,4.794444444444446,-1.5877314814814818,0.8616666666666667,11.5940125,1008.2754166666667,6.3823083333333335,2015,2,Winter
2015-02-05,2.3997685185185182,1.0166666666666655,3.977777777777776,-1.905324074074074,0.8579166666666667,18.83834166666667,1015.5604166666667,6.541966666666667,2015,2,Winter
2015-02-06,0.6270833333333333,-1.1333333333333329,2.1611111111111114,-5.224074074074074,0.8058333333333333,26.54621666666667,1013.8083333333334,10.3824875,2015,2,Winter
2015-02-07,-1.5006944444444443,-3.861111111111111,0.166666666666665,-5.371296296296296,0.7858333333333333,12.140741666666665,1022.0716666666667,10.643441666666666,2015,2,Winter
2015-02-08,-1.3268518518518517,-5.233333333333334,2.82777777777778,-7.249074074074073,0.7779166666666666,24.270750000000003,1010.9529166666666,7.992979166666667,2015,2,Winter
2015-02-09,-2.2912037037037036,-6.2333333333333325,0.0833333333333325,-6.878009259259259,0.7712500000000001,13.858075000000001,1017.8045833333334,10.838654166666666,2015,2,Winter
2015-02-10,0.9212962962962964,-0.9555555555555548,2.361111111111111,-0.6215277777777776,0.8733333333333334,6.185083333333334,1021.94625,6.572154166666667,2015,2,Winter
2015-02-11,3.352546296296296,1.0777777777777766,7.177777777777779,1.8585648148148148,0.8275,6.943124999999999,1026.6770833333333,9.0461875,2015,2,Winter
2015-02-12,0.39745370370370364,-3.688888888888889,5.022222222222222,-1.0314814814814814,0.7854166666666668,5.7859375,1029.9404166666666,11.253900000000002,2015,2,Winter
2015-02-13,1.0571759259259264,-4.099999999999999,7.733333333333334,0.37523148148148167,0.7616666666666667,4.6106375,1026.9970833333334,6.578191666666668,2015,2,Winter
2015-02-14,2.1131944444444444,-2.9444444444444446,8.866666666666667,0.49560185185185146,0.7487499999999999,7.921870833333333,1020.5841666666666,12.388950000000001,2015,2,Winter
2015-02-15,3.02337962962963,-2.366666666666668,9.955555555555556,0.543287037037037,0.6595833333333333,10.495858333333333,1019.7558333333333,15.511679166666667,2015,2,Winter
2015-02-16,2.3706018518518515,-2.76111111111111,8.861111111111112,1.1960648148148143,0.7745833333333333,5.855033333333334,1025.2629166666668,9.260183333333334,2015,2,Winter
2015-02-17,0.4597222222222223,-4.444444444444445,3.866666666666667,-2.071527777777778,0.7116666666666666,8.702720833333332,1035.7991666666667,11.289454166666667,2015,2,Winter
2015-02-18,-0.9349537037037038,-7.28888888888889,6.111111111111111,-2.256944444444444,0.62875,5.848325,1040.0133333333333,12.628437500000002,2015,2,Winter
2015-02-19,-0.6314814814814814,-4.872222222222222,4.994444444444445,-2.466898148148148,0.7845833333333333,6.926354166666667,1033.7420833333333,8.012433333333334,2015,2,Winter
2015-02-20,1.0564814814814818,-4.205555555555556,7.872222222222224,-0.48703703703703677,0.7608333333333334,6.1200125000000005,1024.7291666666667,5.368008333333333,2015,2,Winter
2015-02-21,4.421296296296297,-2.1000000000000005,12.244444444444444,2.1101851851851854,0.6520833333333333,12.540558333333335,1012.7679166666667,7.23695,2015,2,Winter
2015-02-22,7.524537037037038,2.755555555555556,12.17777777777778,5.135416666666667,0.7454166666666667,18.8591375,1007.3312500000001,9.6056625,2015,2,Winter
2015-02-23,7.380092592592592,4.21111111111111,10.961111111111109,5.782407407407407,0.9266666666666666,10.7205875,1006.7033333333334,3.586275,2015,2,Winter
2015-02-24,7.949999999999999,3.0055555555555538,13.694444444444445,6.743981481481481,0.8629166666666667,9.294395833333335,1005.3004166666666,6.4319500000000005,2015,2,Winter
2015-02-25,7.024768518518518,4.122222222222224,8.916666666666664,4.926620370370371,0.9345833333333333,11.587975,1009.2820833333334,3.9022375,2015,2,Winter
2015-02-26,5.95925925925926,4.466666666666666,7.177777777777779,3.6914351851851848,0.9191666666666666,10.986908333333334,1016.81,5.054729166666667,2015,2,Winter
2015-02-27,6.367592592592593,3.866666666666667,8.794444444444444,5.079166666666667,0.8558333333333333,8.086225,1015.3941666666666,6.5788625000000005,2015,2,Winter
2015-02-28,6.494907407407408,4.927777777777776,7.755555555555556,4.592824074074074,0.8908333333333333,10.45695,1017.7283333333334,5.833566666666667,2015,2,Winter
2015-03-01,6.307175925925926,4.422222222222223,8.805555555555555,4.616435185185185,0.8916666666666666,9.3078125,1016.1866666666666,5.602799999999999,2015,3,Spring
2015-03-02,8.118518518518519,2.82777777777778,12.977777777777778,6.3125,0.82,17.512104166666667,1010.7304166666667,8.665154166666667,2015,3,Spring
2015-03-03,5.401388888888889,0.5388888888888883,8.955555555555556,1.701851851851852,0.6104166666666667,23.477825,1021.7529166666667,13.495825000000002,2015,3,Spring
2015-03-04,4.9944444444444445,-2.127777777777777,10.988888888888887,2.6307870370370368,0.66125,13.697745833333334,1024.3270833333333,13.907716666666667,2015,3,Spring
2015-03-05,4.497916666666667,2.7777777777777777,7.200000000000001,0.09814814814814819,0.6254166666666666,23.293345833333333,1024.9145833333334,13.770866666666668,2015,3,Spring
2015-03-06,4.421990740740741,1.5222222222222233,8.633333333333333,-0.2803240740740741,0.61125,26.26715,1029.5958333333333,14.005658333333335,2015,3,Spring
2015-03-07,3.278472222222222,-1.7333333333333338,9.949999999999998,0.572685185185185,0.6141666666666666,12.030054166666668,1033.68875,15.337262500000001,2015,3,Spring
2015-03-08,3.0439814814814814,-4.005555555555556,10.0,2.248611111111111,0.6691666666666666,5.2143875,1033.0320833333333,11.684575,2015,3,Spring
2015-03-09,4.534490740740741,-2.9166666666666665,12.2,3.8555555555555556,0.6579166666666666,5.699400000000001,1029.9741666666666,12.710279166666668,2015,3,Spring
2015-03-10,6.8976851851851855,-1.222222222222222,13.93888888888889,6.217592592592593,0.6170833333333333,5.543095833333333,1025.37625,11.00435,2015,3,Spring
2015-03-11,8.628703703703705,1.022222222222224,15.905555555555557,7.343055555555556,0.605,10.369070833333334,1017.4933333333333,8.8731125,2015,3,Spring
2015-03-12,5.753009259259259,4.422222222222223,7.827777777777779,1.9789351851851853,0.8383333333333334,20.74417916666667,1017.7995833333333,7.614629166666667,2015,3,Spring
2015-03-13,5.372222222222223,3.3999999999999986,7.777777777777778,2.7983796296296295,0.8775,11.971691666666667,1018.0820833333333,6.211245833333334,2015,3,Spring
2015-03-14,5.235648148148148,1.316666666666665,7.733333333333334,4.86712962962963,0.8708333333333332,3.747275,1023.23875,7.401975,2015,3,Spring
2015-03-15,6.965972222222223,1.2611111111111128,12.2,6.226157407407407,0.81625,8.006395833333334,1031.1299999999999,6.191120833333334,2015,3,Spring
2015-03-16,9.430555555555555,5.95,13.961111111111112,8.069444444444445,0.6895833333333333,15.030020833333333,1033.6283333333333,12.297716666666666,2015,3,Spring
2015-03-17,8.163425925925926,2.194444444444446,13.955555555555556,6.990509259259259,0.665,9.9155875,1031.46,12.676066666666665,2015,3,Spring
2015-03-18,6.750462962962963,1.9444444444444444,12.216666666666669,4.930092592592593,0.5479166666666667,11.274695833333332,1026.39625,14.247829166666667,2015,3,Spring
2015-03-19,5.819212962962962,0.0500000000000019,11.133333333333333,3.4849537037037037,0.5266666666666667,15.8766125,1024.1833333333334,15.184983333333335,2015,3,Spring
2015-03-20,4.772453703703704,-1.2722222222222217,11.155555555555557,3.510648148148148,0.5895833333333333,6.048233333333333,1025.3991666666668,15.282254166666668,2015,3,Spring
2015-03-21,7.100694444444444,-1.25,15.116666666666667,5.492592592592593,0.5187499999999999,12.817612500000001,1018.9129166666667,14.966962500000001,2015,3,Spring
2015-03-22,7.405787037037037,-0.0944444444444453,12.533333333333337,6.119212962962963,0.5995833333333334,11.039904166666666,1017.4620833333333,12.855849999999998,2015,3,Spring
2015-03-23,6.581018518518519,0.9277777777777788,12.888888888888893,4.103240740740741,0.5829166666666666,13.858745833333336,1019.4820833333333,13.053745833333332,2015,3,Spring
2015-03-24,9.655324074074073,2.133333333333335,17.17222222222222,8.052777777777777,0.6325,19.067095833333333,1015.9529166666666,9.624445833333334,2015,3,Spring
2015-03-25,12.153703703703705,7.066666666666666,18.41666666666667,11.110879629629629,0.6191666666666666,24.430408333333332,1011.57125,11.681891666666667,2015,3,Spring
2015-03-26,14.337962962962962,8.711111111111112,20.05,13.981481481481481,0.6016666666666667,17.332320833333334,1009.0058333333333,14.902562500000002,2015,3,Spring
2015-03-27,11.908564814814815,7.083333333333333,18.594444444444445,10.839351851851852,0.69625,18.470054166666667,1006.6475,12.795475000000001,2015,3,Spring
2015-03-28,9.182175925925927,7.222222222222222,12.22222222222222,6.89837962962963,0.7154166666666667,22.613791666666668,1012.3354166666667,10.632708333333333,2015,3,Spring
2015-03-29,9.422916666666667,4.705555555555555,13.866666666666667,8.280324074074075,0.5970833333333333,12.565379166666666,1010.5954166666667,14.850908333333335,2015,3,Spring
2015-03-30,9.583101851851852,6.016666666666666,15.061111111111112,7.878935185185185,0.7329166666666667,18.111829166666666,1003.7979166666668,11.985779166666667,2015,3,Spring
2015-03-31,9.10324074074074,2.7333333333333343,14.166666666666666,7.759027777777777,0.6525,20.5254875,1006.9575,13.993583333333333,2015,3,Spring
2015-04-01,8.153703703703703,3.227777777777779,12.127777777777776,5.597916666666666,0.5645833333333333,24.18354166666667,1011.1233333333333,12.32455,2015,4,Spring
2015-04-02,7.574537037037037,1.7388888888888905,12.288888888888888,4.926620370370371,0.5220833333333333,26.104808333333335,1012.5504166666666,12.6445375,2015,4,Spring
2015-04-03,4.80787037037037,-0.5222222222222229,8.91111111111111,0.43148148148148174,0.6066666666666667,27.013116666666665,1016.2641666666667,13.198645833333332,2015,4,Spring
2015-04-04,6.646759259259259,-0.5222222222222229,12.127777777777776,5.971296296296296,0.5175,6.416520833333333,1014.15875,15.125279166666667,2015,4,Spring
2015-04-05,7.163888888888889,2.727777777777776,11.066666666666668,5.17662037037037,0.55125,15.056183333333335,1014.1820833333333,13.455575000000001,2015,4,Spring
2015-04-06,6.1164351851851855,-0.0277777777777781,10.95,2.4916666666666667,0.5308333333333334,23.161191666666667,1017.2808333333334,13.044354166666666,2015,4,Spring
2015-04-07,6.785416666666666,3.305555555555557,10.094444444444443,3.4002314814814807,0.5287499999999999,27.489408333333333,1023.3095833333333,13.776904166666668,2015,4,Spring
2015-04-08,6.816203703703704,0.1166666666666671,12.155555555555557,5.449305555555555,0.6083333333333333,11.993829166666666,1024.7433333333333,13.7333,2015,4,Spring
2015-04-09,9.654398148148148,2.155555555555557,16.133333333333333,8.721527777777778,0.5283333333333333,14.877741666666667,1028.6575,15.419775000000001,2015,4,Spring
2015-04-10,10.765972222222222,0.8333333333333334,18.93333333333333,9.951851851851853,0.4270833333333333,9.0260625,1027.5808333333332,15.819591666666668,2015,4,Spring
2015-04-11,13.85787037037037,5.3666666666666645,22.23888888888889,13.137499999999998,0.4816666666666667,9.822341666666668,1022.4379166666666,15.161504166666667,2015,4,Spring
2015-04-12,15.950000000000001,7.377777777777778,22.77777777777778,15.717824074074073,0.51625,14.376629166666667,1025.2779166666667,14.203554166666668,2015,4,Spring
2015-04-13,15.911574074074073,7.505555555555554,22.800000000000004,15.659953703703705,0.5229166666666667,13.716529166666668,1024.5770833333333,12.824320833333333,2015,4,Spring
2015-04-14,11.49837962962963,6.611111111111111,16.083333333333332,10.908333333333333,0.4170833333333333,17.5007,1025.52375,15.871245833333335,2015,4,Spring
2015-04-15,15.388657407407408,5.505555555555554,23.86111111111111,15.270138888888889,0.4875,11.883141666666667,1020.0916666666667,15.917533333333333,2015,4,Spring
2015-04-16,18.275694444444444,8.68888888888889,26.20555555555556,18.058101851851852,0.44083333333333335,15.514362499999999,1013.9187499999999,15.871245833333335,2015,4,Spring
2015-04-17,16.641898148148147,11.233333333333333,22.17777777777778,16.641898148148147,0.5445833333333333,22.886820833333335,1010.8525,12.988004166666668,2015,4,Spring
2015-04-18,9.719212962962963,3.1944444444444446,12.205555555555556,9.02175925925926,0.7158333333333333,11.552420833333334,1015.5075,11.475945833333334,2015,4,Spring
2015-04-19,6.853472222222222,-0.0722222222222216,12.733333333333334,6.41875,0.6224999999999999,5.720195833333334,1021.3804166666667,13.576325000000002,2015,4,Spring
2015-04-20,10.808796296296295,1.15,17.22222222222222,10.159722222222221,0.5054166666666667,18.909450000000003,1016.6979166666666,15.886675000000002,2015,4,Spring
2015-04-21,11.250231481481483,3.377777777777777,17.266666666666666,11.091203703703703,0.5095833333333334,10.2778375,1019.3925,15.811541666666669,2015,4,Spring
2015-04-22,11.695833333333333,3.994444444444443,18.83888888888889,11.324305555555556,0.5133333333333333,11.575899999999999,1020.3879166666667,15.855816666666668,2015,4,Spring
2015-04-23,13.250694444444443,2.944444444444443,21.15555555555555,13.149305555555555,0.4391666666666667,9.028075,1018.98875,15.886675000000002,2015,4,Spring
2015-04-24,14.710416666666667,6.755555555555554,22.677777777777774,14.648842592592592,0.5216666666666666,5.9871875,1015.9820833333333,12.596908333333333,2015,4,Spring
2015-04-25,15.77337962962963,7.572222222222223,22.75555555555555,15.74074074074074,0.5970833333333333,9.212554166666667,1015.6112499999999,15.392270833333335,2015,4,Spring
2015-04-26,16.473842592592593,8.844444444444445,23.93333333333333,16.32662037037037,0.5925,9.961875000000001,1011.29,15.612975,2015,4,Spring
2015-04-27,18.67638888888889,10.066666666666666,26.03888888888889,18.67638888888889,0.5558333333333333,9.2434125,1008.3545833333333,15.779341666666667,2015,4,Spring
2015-04-28,16.32962962962963,8.838888888888887,21.877777777777776,16.03912037037037,0.6329166666666667,15.233954166666669,1004.9533333333334,13.584375000000001,2015,4,Spring
2015-04-29,8.749074074074075,4.4722222222222205,12.82222222222222,6.880092592592592,0.8120833333333333,15.955770833333334,1016.8920833333333,11.663108333333334,2015,4,Spring
2015-04-30,12.064583333333333,2.805555555555554,17.82222222222222,11.994907407407409,0.61875,4.271866666666667,1017.6779166666666,11.7187875,2015,4,Spring
2015-05-01,15.839351851851852,9.772222222222224,21.03888888888889,15.775925925925927,0.6070833333333333,15.774645833333333,1011.785,12.793462499999999,2015,5,Spring
2015-05-02,13.863888888888887,8.77222222222222,17.77777777777778,13.800694444444444,0.8479166666666668,17.43562916666667,1009.4358333333333,11.13315,2015,5,Spring
2015-05-03,14.646527777777777,7.127777777777776,18.83888888888889,14.596527777777778,0.73875,6.5225125,1012.9866666666667,10.8091375,2015,5,Spring
2015-05-04,19.627083333333335,13.838888888888889,26.08333333333333,19.627083333333335,0.7141666666666667,9.298420833333333,1013.6125000000001,12.806879166666667,2015,5,Spring
2015-05-05,21.53449074074074,13.88888888888889,27.800000000000004,21.510185185185183,0.6825,8.7423,1012.1570833333334,11.112354166666668,2015,5,Spring
2015-05-06,22.090740740740742,15.594444444444443,29.92777777777778,22.10694444444444,0.69,15.072954166666667,1010.0375,13.346229166666667,2015,5,Spring
2015-05-07,18.079166666666666,12.022222222222222,22.89444444444444,18.079166666666666,0.6320833333333333,14.673137500000001,1015.9716666666667,13.200658333333335,2015,5,Spring
2015-05-08,17.35046296296296,9.333333333333332,23.63888888888889,17.320138888888888,0.5179166666666667,9.799533333333335,1018.0070833333333,15.886675000000002,2015,5,Spring
2015-05-09,18.30023148148148,8.572222222222223,24.994444444444444,18.30023148148148,0.5275,8.3820625,1016.32,13.754766666666667,2015,5,Spring
2015-05-10,17.72083333333333,11.566666666666666,23.772222222222226,17.72083333333333,0.5812499999999999,20.584520833333336,1019.66,14.176720833333334,2015,5,Spring
2015-05-11,14.631018518518518,8.450000000000001,20.0,14.389120370370371,0.5866666666666667,16.635995833333336,1025.3295833333334,15.165529166666667,2015,5,Spring
2015-05-12,16.527546296296297,8.555555555555555,22.927777777777774,16.394212962962964,0.5770833333333333,6.3755999999999995,1025.0516666666667,15.871245833333335,2015,5,Spring
2015-05-13,20.22013888888889,12.088888888888889,27.272222222222226,20.151851851851852,0.5708333333333333,8.667166666666667,1016.2579166666666,15.246029166666668,2015,5,Spring
2015-05-14,18.00185185185185,13.955555555555556,22.75555555555555,18.00185185185185,0.7374999999999999,14.718754166666669,1009.0079166666666,11.936137500000001,2015,5,Spring
2015-05-15,13.720601851851853,10.338888888888889,17.616666666666667,13.720601851851853,0.795,9.252133333333333,1014.0679166666667,11.254570833333334,2015,5,Spring
2015-05-16,15.041203703703703,12.205555555555556,20.07222222222222,15.041203703703703,0.7570833333333332,8.016458333333334,1019.8479166666666,12.1233,2015,5,Spring
2015-05-17,17.5287037037037,11.044444444444444,23.72777777777777,17.5287037037037,0.64875,11.802641666666666,1020.73375,14.094879166666667,2015,5,Spring
2015-05-18,18.044675925925926,8.822222222222223,23.883333333333333,17.96898148148148,0.5525,7.648841666666667,1016.6424999999999,15.886675000000002,2015,5,Spring
2015-05-19,22.16412037037037,10.68888888888889,30.97222222222222,21.874074074074073,0.5379166666666667,9.6137125,1009.1233333333333,14.727475,2015,5,Spring
2015-05-20,22.451620370370367,14.983333333333333,28.811111111111117,22.441203703703703,0.6133333333333334,15.602241666666666,1009.2116666666667,15.651883333333336,2015,5,Spring
2015-05-21,16.328935185185184,12.711111111111112,21.188888888888886,16.328935185185184,0.8354166666666667,13.383795833333336,1014.7512499999999,10.904395833333332,2015,5,Spring
2015-05-22,15.776388888888889,13.75,17.84444444444445,15.776388888888889,0.9249999999999999,15.940341666666667,1014.84625,9.331291666666667,2015,5,Spring
2015-05-23,15.838657407407409,12.36111111111111,21.933333333333337,15.838657407407409,0.8379166666666666,10.4026125,1011.38125,11.548395833333332,2015,5,Spring
2015-05-24,17.48611111111111,11.322222222222225,22.73888888888889,17.48611111111111,0.8158333333333333,14.5222,1012.2058333333333,9.390324999999999,2015,5,Spring
2015-05-25,15.230787037037038,12.77777777777778,18.761111111111106,15.230787037037038,0.9058333333333333,14.017062500000002,1008.3566666666667,10.756141666666666,2015,5,Spring
2015-05-26,15.711574074074074,13.816666666666666,19.822222222222223,15.711574074074074,0.86875,10.256370833333333,1006.5504166666666,11.335741666666665,2015,5,Spring
2015-05-27,12.369907407407405,10.02222222222222,14.31111111111111,12.369907407407405,0.8650000000000001,13.240237500000001,1013.1029166666667,11.477958333333333,2015,5,Spring
2015-05-28,12.284722222222221,8.133333333333333,16.13888888888889,11.980092592592593,0.7616666666666667,7.401975,1017.3954166666667,11.403495833333332,2015,5,Spring
2015-05-29,15.042824074074074,5.977777777777777,22.22222222222222,14.949305555555556,0.685,5.108395833333334,1016.1754166666666,14.4316375,2015,5,Spring
2015-05-30,18.22013888888889,10.372222222222224,24.97222222222222,18.22013888888889,0.6654166666666667,7.715254166666667,1014.8649999999999,13.522658333333334,2015,5,Spring
2015-05-31,18.856018518518518,12.366666666666664,24.727777777777774,18.856018518518518,0.7033333333333333,6.646616666666667,1017.74625,13.231516666666666,2015,5,Spring
2015-06-01,20.900925925925925,11.666666666666666,27.655555555555555,20.827546296296294,0.6483333333333333,5.1392541666666665,1018.2070833333333,12.4996375,2015,6,Summer
2015-06-02,22.549305555555552,14.805555555555555,28.911111111111115,22.28240740740741,0.5770833333333333,7.986941666666667,1018.9208333333332,15.778670833333335,2015,6,Summer
2015-06-03,23.231250000000003,13.872222222222222,30.100000000000005,22.939351851851853,0.60125,2.8745208333333334,1020.4645833333334,15.814895833333333,2015,6,Summer
2015-06-04,23.878009259259258,15.877777777777776,31.061111111111103,24.105324074074076,0.6466666666666666,9.021366666666667,1020.5204166666667,13.793675,2015,6,Summer
2015-06-05,21.147685185185185,15.538888888888888,27.24444444444445,21.119212962962962,0.57875,14.606724999999999,1022.3383333333333,15.871245833333335,2015,6,Summer
2015-06-06,22.360185185185188,14.31111111111111,28.88888888888889,22.34837962962963,0.6179166666666667,6.282354166666667,1022.6550000000001,15.694816666666668,2015,6,Summer
2015-06-07,23.009027777777778,15.711111111111112,28.911111111111115,22.91064814814815,0.5995833333333334,7.593162500000001,1023.4720833333332,15.879966666666668,2015,6,Summer
2015-06-08,23.034722222222225,14.744444444444444,28.98888888888889,23.04861111111111,0.6375000000000001,6.422558333333334,1018.0345833333334,14.828770833333335,2015,6,Summer
2015-06-09,22.486342592592592,17.22222222222222,28.82222222222222,22.756481481481483,0.7116666666666666,10.150379166666667,1014.8720833333333,12.248745833333333,2015,6,Summer
2015-06-10,22.539814814814815,16.666666666666668,28.938888888888894,22.58587962962963,0.6666666666666666,13.399895833333334,1017.4641666666666,15.154125,2015,6,Summer
2015-06-11,23.189351851851853,16.666666666666668,29.97222222222222,23.34699074074074,0.69875,6.044879166666667,1017.2016666666667,14.377970833333334,2015,6,Summer
2015-06-12,24.56412037037037,15.877777777777776,31.161111111111115,24.647685185185182,0.6295833333333333,8.186179166666667,1015.8708333333334,14.754979166666667,2015,6,Summer
2015-06-13,24.93796296296296,17.533333333333335,30.33333333333333,25.009259259259256,0.6025,12.642525000000001,1013.3620833333333,15.025995833333335,2015,6,Summer
2015-06-14,25.331249999999997,18.37222222222222,31.399999999999995,25.612962962962964,0.61875,13.3469,1010.9866666666667,15.583458333333335,2015,6,Summer
2015-06-15,23.384259259259263,17.349999999999998,28.966666666666665,23.48472222222222,0.6725,11.885824999999999,1010.3491666666667,12.720341666666668,2015,6,Summer
2015-06-16,20.274074074074072,17.66111111111111,22.866666666666664,20.274074074074072,0.6804166666666666,13.883566666666667,1013.9408333333334,12.6203875,2015,6,Summer
2015-06-17,17.059722222222224,12.31111111111111,19.916666666666664,17.059722222222224,0.6020833333333333,16.570925,1015.5879166666667,15.553270833333334,2015,6,Summer
2015-06-18,17.452083333333334,10.255555555555556,23.84444444444445,17.452083333333334,0.5941666666666666,13.062466666666667,1013.00375,15.806845833333334,2015,6,Summer
2015-06-19,18.036342592592593,11.25,22.76111111111111,18.036342592592593,0.6854166666666667,13.131562500000001,1011.1491666666666,12.763945833333333,2015,6,Summer
2015-06-20,17.458564814814814,13.166666666666668,22.24444444444445,17.458564814814814,0.5991666666666666,13.666887500000001,1013.3433333333334,12.824991666666667,2015,6,Summer
2015-06-21,16.431018518518517,10.511111111111113,22.21111111111112,16.431018518518517,0.605,12.341320833333334,1015.3333333333334,15.078991666666667,2015,6,Summer
2015-06-22,17.779398148148147,7.705555555555555,24.994444444444444,17.712037037037035,0.55625,8.622220833333333,1016.2716666666666,15.917533333333333,2015,6,Summer
2015-06-23,16.863194444444446,12.733333333333334,23.47222222222222,16.863194444444446,0.65625,14.8603,1012.6262499999999,12.029383333333334,2015,6,Summer
2015-06-24,13.954166666666667,12.666666666666664,17.13888888888889,13.954166666666667,0.8816666666666667,9.870641666666666,1019.46375,11.070091666666668,2015,6,Summer
2015-06-25,15.65902777777778,12.094444444444449,19.022222222222226,15.65902777777778,0.7820833333333334,9.73245,1021.2062500000001,9.631825,2015,6,Summer
2015-06-26,17.30439814814815,12.3,22.89444444444444,17.30439814814815,0.7174999999999999,14.247158333333333,1017.4070833333334,11.726166666666666,2015,6,Summer
2015-06-27,19.997222222222224,10.46111111111111,25.26666666666667,19.997222222222224,0.6537499999999999,8.797979166666666,1015.27375,12.6546,2015,6,Summer
2015-06-28,20.00023148148148,15.616666666666667,24.8,20.00023148148148,0.7195833333333334,12.341320833333334,1015.1991666666667,12.9303125,2015,6,Summer
2015-06-29,20.403472222222224,14.822222222222225,26.06111111111111,20.403472222222224,0.7083333333333334,8.511533333333334,1018.8520833333333,12.651916666666667,2015,6,Summer
2015-06-30,19.722453703703703,13.177777777777775,25.11666666666666,19.722453703703703,0.7070833333333333,8.109704166666667,1019.8841666666667,12.2017875,2015,6,Summer
2015-07-01,21.485648148148147,12.68888888888889,27.938888888888894,21.407175925925927,0.6545833333333334,5.5384,1021.2929166666667,13.379770833333334,2015,7,Summer
2015-07-02,22.863425925925927,13.961111111111112,29.15555555555556,22.748148148148147,0.5995833333333334,7.201395833333334,1022.5058333333333,13.956016666666669,2015,7,Summer
2015-07-03,22.045601851851853,14.161111111111111,29.11111111111111,21.813194444444445,0.5666666666666667,11.372637500000002,1025.0895833333334,15.886675000000002,2015,7,Summer
2015-07-04,23.443749999999998,13.822222222222225,31.18333333333333,23.21898148148148,0.6095833333333334,5.996579166666667,1022.3529166666667,15.917533333333333,2015,7,Summer
2015-07-05,25.01875,14.983333333333333,32.82777777777778,24.928472222222222,0.5854166666666667,7.558279166666668,1017.9066666666666,15.902104166666668,2015,7,Summer
2015-07-06,26.428703703703704,16.644444444444446,33.922222222222224,26.300462962962964,0.5645833333333333,6.111291666666666,1016.8458333333333,15.871245833333335,2015,7,Summer
2015-07-07,27.912731481481483,18.966666666666665,35.18333333333333,28.481712962962963,0.57,7.6931166666666675,1014.8208333333333,15.846425000000002,2015,7,Summer
2015-07-08,27.221759259259258,16.25,36.20555555555556,27.46712962962963,0.5795833333333333,14.742233333333333,1008.7683333333333,14.183429166666668,2015,7,Summer
2015-07-09,18.458101851851854,16.083333333333332,21.18333333333333,18.458101851851854,0.8020833333333334,12.245391666666668,1014.8195833333333,14.361200000000002,2015,7,Summer
2015-07-10,18.100231481481483,11.694444444444445,23.005555555555556,18.100231481481483,0.5854166666666667,13.083262500000002,1019.6979166666666,14.269966666666669,2015,7,Summer
2015-07-11,20.015046296296294,10.038888888888888,27.3,19.952083333333334,0.6075,5.948279166666667,1017.7891666666666,15.886675000000002,2015,7,Summer
2015-07-12,22.607175925925926,13.4,30.100000000000005,22.31527777777778,0.6008333333333333,5.229816666666667,1014.93375,14.494695833333333,2015,7,Summer
2015-07-13,19.671296296296298,16.233333333333334,22.76111111111111,19.671296296296298,0.7937500000000001,11.1271125,1014.6462499999999,12.5197625,2015,7,Summer
2015-07-14,21.993750000000002,18.000000000000004,26.18333333333333,21.993750000000002,0.6720833333333333,12.547937500000002,1015.9933333333333,13.722566666666667,2015,7,Summer
2015-07-15,23.445138888888888,16.783333333333335,29.18333333333333,23.400462962962962,0.6275000000000001,14.136470833333334,1017.4504166666667,14.542325,2015,7,Summer
2015-07-16,25.22314814814815,16.288888888888888,32.3,25.318287037037038,0.60375,4.839391666666667,1018.74375,14.94885,2015,7,Summer
2015-07-17,27.966435185185187,18.96111111111111,35.0,28.489583333333332,0.5445833333333333,9.060275,1016.9379166666666,13.746045833333334,2015,7,Summer
2015-07-18,28.600694444444443,20.300000000000004,36.011111111111106,29.38310185185185,0.5658333333333333,6.97935,1015.4587500000001,15.559979166666666,2015,7,Summer
2015-07-19,27.90300925925926,22.03888888888889,34.92777777777778,28.620833333333337,0.5770833333333333,8.769804166666667,1012.31875,14.4316375,2015,7,Summer
2015-07-20,26.449074074074076,19.522222222222226,32.34444444444445,26.802777777777777,0.6166666666666667,11.190841666666666,1011.7145833333334,14.9629375,2015,7,Summer
2015-07-21,26.599999999999998,16.783333333333335,33.86666666666666,26.662499999999998,0.58125,4.366454166666666,1015.3066666666667,15.886675000000002,2015,7,Summer
2015-07-22,28.397222222222222,20.00555555555556,35.138888888888886,28.584953703703704,0.5508333333333334,5.975112500000001,1014.0658333333334,15.886675000000002,2015,7,Summer
2015-07-23,29.292592592592595,22.27777777777777,37.19444444444444,29.521990740740737,0.5045833333333333,12.104516666666667,1010.4250000000001,15.380195833333334,2015,7,Summer
2015-07-24,27.97199074074074,20.616666666666667,34.96111111111112,28.043055555555554,0.545,6.927695833333334,1010.4708333333333,15.904116666666667,2015,7,Summer
2015-07-25,28.447453703703705,20.58333333333333,35.050000000000004,28.200462962962963,0.49875,11.105645833333334,1007.3995833333333,15.589495833333336,2015,7,Summer
2015-07-26,21.11689814814815,13.988888888888887,25.083333333333336,21.11689814814815,0.6083333333333333,14.134458333333335,1011.76625,14.752295833333335,2015,7,Summer
2015-07-27,17.450925925925926,12.2,22.78333333333333,17.450925925925926,0.80875,5.233170833333333,1008.9179166666667,12.957145833333334,2015,7,Summer
2015-07-28,20.081712962962964,14.33888888888889,26.266666666666666,20.081712962962964,0.7374999999999999,7.285920833333333,1010.7975,10.0725625,2015,7,Summer
2015-07-29,22.185185185185187,14.538888888888891,29.516666666666666,22.175462962962964,0.62625,12.633133333333333,1009.2970833333334,15.736408333333335,2015,7,Summer
2015-07-30,19.17777777777778,16.038888888888888,23.666666666666664,19.17777777777778,0.77625,13.373733333333334,1013.0908333333333,11.651704166666667,2015,7,Summer
2015-07-31,18.021296296296295,12.761111111111113,23.98333333333333,18.021296296296295,0.7479166666666667,8.093604166666667,1015.6233333333333,14.233070833333334,2015,7,Summer
2015-08-01,19.820833333333333,9.8,28.311111111111103,19.641435185185184,0.6033333333333334,5.787279166666667,1017.5241666666667,15.496250000000002,2015,8,Summer
2015-08-02,24.336342592592597,16.083333333333332,31.85555555555556,24.557407407407407,0.6491666666666667,13.354279166666666,1016.9629166666667,14.204895833333333,2015,8,Summer
2015-08-03,24.998842592592595,19.444444444444443,30.944444444444443,25.355092592592595,0.7095833333333333,9.342025000000001,1017.05375,11.803312499999999,2015,8,Summer
2015-08-04,25.07314814814815,19.88333333333334,32.17222222222222,25.457407407407405,0.7420833333333333,5.6410375,1015.48875,11.611454166666668,2015,8,Summer
2015-08-05,25.98726851851852,19.422222222222217,33.638888888888886,26.506249999999998,0.6825,7.173220833333333,1015.64125,13.021545833333334,2015,8,Summer
2015-08-06,26.10625,18.84444444444445,33.90555555555555,26.491203703703704,0.6583333333333333,8.163370833333333,1016.2395833333334,13.87149166666667,2015,8,Summer
2015-08-07,26.927314814814817,17.872222222222224,34.92777777777778,27.026157407407407,0.5879166666666666,5.582675000000001,1017.37,14.292775,2015,8,Summer
2015-08-08,27.894444444444446,20.016666666666666,35.67222222222222,27.537037037037038,0.5175,6.51245,1018.15375,15.871245833333335,2015,8,Summer
2015-08-09,26.29212962962963,18.66111111111111,33.861111111111114,25.81365740740741,0.5070833333333333,7.355687500000001,1017.2383333333333,15.619683333333334,2015,8,Summer
2015-08-10,26.34490740740741,17.711111111111112,33.93333333333333,25.678240740740744,0.5033333333333333,4.3751750000000005,1013.90875,15.886675000000002,2015,8,Summer
2015-08-11,26.411342592592593,17.205555555555556,34.92777777777778,25.778935185185187,0.47583333333333333,6.200512499999999,1012.9883333333333,15.886675000000002,2015,8,Summer
2015-08-12,27.63726851851852,17.77777777777778,37.19444444444444,27.03657407407407,0.46125,6.0032875,1014.4258333333333,15.902104166666668,2015,8,Summer
2015-08-13,27.847222222222225,17.322222222222223,37.19444444444444,27.553472222222222,0.4808333333333333,8.675216666666667,1013.0920833333333,15.894054166666669,2015,8,Summer
2015-08-14,27.205787037037037,19.95555555555556,36.0611111111111,26.884027777777778,0.5091666666666667,6.990754166666666,1010.4170833333333,15.865879166666668,2015,8,Summer
2015-08-15,27.19074074074074,17.227777777777774,37.083333333333336,26.865740740740744,0.5195833333333334,5.4464958333333335,1007.3125,15.661275000000002,2015,8,Summer
2015-08-16,26.386342592592595,19.95555555555556,33.67777777777778,26.482175925925926,0.6054166666666666,10.437495833333333,1007.1654166666667,11.758366666666667,2015,8,Summer
2015-08-17,22.01226851851852,19.716666666666665,25.616666666666667,22.01226851851852,0.8304166666666667,9.523820833333334,1006.5187500000001,9.641887500000001,2015,8,Summer
2015-08-18,18.609490740740743,15.005555555555553,21.011111111111106,18.609490740740743,0.8975,14.442370833333333,1011.1774999999999,11.341108333333333,2015,8,Summer
2015-08-19,19.925694444444446,14.449999999999998,25.944444444444443,19.925694444444446,0.7891666666666667,7.449604166666667,1014.0137500000001,11.633591666666668,2015,8,Summer
2015-08-20,18.15972222222222,16.622222222222224,19.81111111111111,18.15972222222222,0.9233333333333333,7.617312500000001,1017.7624999999999,10.225512499999999,2015,8,Summer
2015-08-21,16.610185185185184,15.13888888888889,17.91111111111111,16.610185185185184,0.9383333333333334,9.2253,1021.3141666666667,7.424783333333334,2015,8,Summer
2015-08-22,17.65648148148148,14.97222222222222,19.90555555555555,17.65648148148148,0.8562500000000001,5.2747625000000005,1019.4375,9.513758333333334,2015,8,Summer
2015-08-23,18.253009259259258,13.355555555555554,22.800000000000004,18.253009259259258,0.8008333333333333,2.4264041666666665,1017.0179166666667,9.32995,2015,8,Summer
2015-08-24,21.114583333333332,12.244444444444444,27.80555555555556,21.075694444444444,0.66125,9.2514625,1016.2729166666667,12.524458333333335,2015,8,Summer
2015-08-25,22.575,17.733333333333334,27.56666666666667,22.744907407407407,0.6816666666666666,11.137845833333335,1016.4945833333333,15.784708333333334,2015,8,Summer
2015-08-26,20.204398148148147,15.605555555555558,27.15555555555555,20.20300925925926,0.7283333333333334,6.5708125,1019.73,14.434991666666667,2015,8,Summer
2015-08-27,23.113194444444446,13.88888888888889,32.0611111111111,23.103472222222223,0.6720833333333333,5.2345125,1018.32125,15.465391666666669,2015,8,Summer
2015-08-28,24.9087962962963,16.95555555555556,33.75,24.746527777777775,0.6025,7.205420833333334,1018.3666666666667,15.097775,2015,8,Summer
2015-08-29,25.878009259259258,17.17777777777778,34.90555555555555,25.886342592592595,0.6404166666666667,3.782829166666667,1021.3483333333334,12.569404166666667,2015,8,Summer
2015-08-30,26.129166666666666,17.733333333333334,35.0,26.130787037037038,0.6233333333333334,5.453204166666667,1020.8158333333334,14.456458333333336,2015,8,Summer
2015-08-31,26.26111111111111,18.35555555555556,35.06666666666667,26.33634259259259,0.5962500000000001,8.279425,1016.38375,13.91845,2015,8,Summer
2015-09-01,25.89097222222222,17.77777777777778,34.977777777777774,25.740972222222222,0.5879166666666666,6.274975,1011.7170833333333,13.6024875,2015,9,Fall
2015-09-02,24.59189814814815,17.27777777777778,32.03888888888889,24.669675925925926,0.6004166666666667,8.8288375,1011.1758333333333,15.290975000000001,2015,9,Fall
2015-09-03,23.714583333333334,16.91111111111111,30.038888888888884,23.746064814814815,0.6429166666666667,6.582887500000001,1010.1862500000001,14.046579166666668,2015,9,Fall
2015-09-04,22.114120370370372,18.827777777777776,26.06666666666667,22.114120370370372,0.7333333333333334,8.531658333333334,1012.9458333333333,14.182087500000002,2015,9,Fall
2015-09-05,18.18263888888889,16.6,19.855555555555554,18.18263888888889,0.9129166666666667,7.337575,1011.6183333333333,9.4346,2015,9,Fall
2015-09-06,16.775000000000002,10.605555555555558,22.066666666666663,16.775000000000002,0.6579166666666667,17.025079166666668,1016.4575,12.396329166666668,2015,9,Fall
2015-09-07,14.15787037037037,7.85,20.97222222222222,13.706018518518519,0.6124999999999999,13.398554166666669,1020.9975,14.911954166666668,2015,9,Fall
2015-09-08,13.276388888888889,6.188888888888889,20.877777777777776,13.069675925925926,0.6641666666666667,8.83085,1021.4229166666668,14.6449625,2015,9,Fall
2015-09-09,13.58287037037037,4.4722222222222205,22.011111111111116,13.58287037037037,0.6004166666666667,4.980266666666667,1020.195,15.413066666666667,2015,9,Fall
2015-09-10,13.193981481481481,12.011111111111113,14.905555555555551,13.193981481481481,0.8670833333333333,12.025358333333335,1018.8874999999999,9.1427875,2015,9,Fall
2015-09-11,14.85,13.355555555555554,16.27777777777778,14.85,0.9225,7.369775000000001,1021.0479166666668,7.7763,2015,9,Fall
2015-09-12,15.741203703703704,11.06111111111111,22.677777777777774,15.741203703703704,0.82,3.521204166666667,1013.1616666666665,5.867108333333333,2015,9,Fall
2015-09-13,17.030787037037037,7.777777777777778,24.95,17.030787037037037,0.7420833333333333,7.1846250000000005,997.8454166666666,7.8346625,2015,9,Fall
2015-09-14,21.330324074074074,13.505555555555556,27.77777777777778,21.293287037037036,0.64625,19.72182916666667,994.4870833333333,6.947820833333334,2015,9,Fall
2015-09-15,23.38449074074074,17.155555555555555,29.95,23.34837962962963,0.5895833333333333,16.0335875,1011.1620833333333,14.4678625,2015,9,Fall
2015-09-16,23.816203703703703,17.616666666666667,31.016666666666666,23.850231481481483,0.6133333333333334,15.638466666666668,1011.67625,15.915520833333334,2015,9,Fall
2015-09-17,26.493981481481484,18.88888888888889,35.95,26.521990740740744,0.5579166666666667,14.589283333333334,1010.4320833333333,15.910154166666667,2015,9,Fall
2015-09-18,25.24722222222222,15.133333333333336,35.833333333333336,25.28611111111111,0.6254166666666666,4.913854166666667,1013.9108333333334,14.538970833333336,2015,9,Fall
2015-09-19,23.57476851851852,17.244444444444444,31.55555555555556,23.741435185185185,0.6495833333333333,12.621058333333336,1014.5683333333333,15.217854166666667,2015,9,Fall
2015-09-20,18.78865740740741,15.511111111111113,22.15555555555555,18.78865740740741,0.8083333333333332,15.3654375,1013.82875,10.8192,2015,9,Fall
2015-09-21,15.277777777777779,8.794444444444444,21.13333333333334,15.277777777777779,0.69875,11.937479166666668,1015.3691666666667,13.9607125,2015,9,Fall
2015-09-22,15.909027777777778,7.138888888888889,22.661111111111115,15.761111111111111,0.6804166666666666,7.501929166666667,1011.815,15.350008333333335,2015,9,Fall
2015-09-23,19.967361111111114,12.694444444444445,27.61666666666666,19.947453703703705,0.6829166666666667,9.085095833333334,1008.6941666666667,13.929854166666667,2015,9,Fall
2015-09-24,20.47060185185185,12.733333333333334,27.11111111111111,20.478703703703705,0.7029166666666667,10.6239875,1010.8220833333334,11.789895833333333,2015,9,Fall
2015-09-25,16.087500000000002,14.033333333333331,17.76111111111111,16.087500000000002,0.8850000000000001,10.010175,1012.7995833333333,8.585325,2015,9,Fall
2015-09-26,15.033101851851852,13.916666666666664,17.33888888888889,15.033101851851852,0.9141666666666667,7.269820833333334,1016.1491666666667,9.150166666666667,2015,9,Fall
2015-09-27,15.149537037037037,13.311111111111112,17.711111111111112,15.149537037037037,0.7050000000000001,19.747991666666667,1022.2029166666666,11.971020833333334,2015,9,Fall
2015-09-28,12.315972222222223,11.183333333333334,13.294444444444444,12.315972222222223,0.7716666666666666,21.822208333333336,1025.2179166666667,12.570745833333334,2015,9,Fall
2015-09-29,11.778935185185185,10.094444444444443,13.93888888888889,11.778935185185185,0.8416666666666667,17.577175,1027.0295833333332,10.710524999999999,2015,9,Fall
2015-09-30,12.472916666666668,8.311111111111112,17.15,12.190972222222221,0.6495833333333333,18.747779166666668,1028.8441666666665,12.836395833333334,2015,9,Fall
2015-10-01,11.009027777777776,5.555555555555555,18.79444444444444,10.254861111111111,0.69375,8.31565,1030.1683333333333,14.394741666666668,2015,10,Fall
2015-10-02,11.690277777777778,2.82777777777778,19.994444444444444,11.525231481481482,0.7270833333333333,4.603258333333334,1028.54125,14.440358333333334,2015,10,Fall
2015-10-03,14.440972222222221,7.061111111111112,22.194444444444443,14.291898148148148,0.7487499999999999,7.89705,1023.99625,14.477925,2015,10,Fall
2015-10-04,17.07662037037037,10.027777777777777,25.92777777777778,17.07662037037037,0.7158333333333333,8.918729166666667,1019.9841666666666,13.507229166666667,2015,10,Fall
2015-10-05,15.536342592592591,10.56111111111111,20.95,15.536342592592591,0.8754166666666667,7.420758333333333,1015.6691666666667,10.1812375,2015,10,Fall
2015-10-06,12.850231481481481,9.044444444444444,16.43333333333333,12.850231481481481,0.9375,4.426158333333333,1013.2104166666667,4.753525000000001,2015,10,Fall
2015-10-07,13.92314814814815,9.561111111111112,18.850000000000005,13.89837962962963,0.8933333333333334,6.928366666666666,1012.1333333333333,5.408929166666667,2015,10,Fall
2015-10-08,12.978935185185186,9.494444444444447,14.927777777777775,12.978935185185186,0.7679166666666667,12.780716666666669,1017.4320833333333,10.441520833333334,2015,10,Fall
2015-10-09,11.84537037037037,8.988888888888889,16.083333333333332,11.742592592592592,0.8079166666666667,7.058508333333333,1020.24625,12.2702125,2015,10,Fall
2015-10-10,12.604166666666666,10.005555555555553,14.883333333333333,12.604166666666666,0.9095833333333333,9.4003875,1016.2979166666668,8.433045833333333,2015,10,Fall
2015-10-11,10.606481481481481,7.083333333333333,12.088888888888889,9.62800925925926,0.96125,20.201475,1006.6645833333333,4.760904166666667,2015,10,Fall
2015-10-12,7.344907407407407,5.116666666666667,9.005555555555556,5.501620370370371,0.8766666666666666,11.314275,1016.5025,8.410908333333333,2015,10,Fall
2015-10-13,9.592824074074073,5.283333333333332,12.316666666666668,9.300462962962962,0.8158333333333334,10.552879166666667,1020.1904166666667,8.934829166666667,2015,10,Fall
2015-10-14,11.14189814814815,9.522222222222222,12.711111111111112,10.62037037037037,0.85875,17.269933333333334,1016.19125,10.55355,2015,10,Fall
2015-10-15,13.168055555555554,11.08888888888889,16.944444444444443,13.168055555555554,0.8333333333333334,24.721550000000004,1015.2608333333333,10.053779166666667,2015,10,Fall
2015-10-16,13.066203703703705,11.11111111111111,16.16111111111111,13.066203703703705,0.8420833333333334,21.923504166666664,1017.00375,10.083966666666667,2015,10,Fall
2015-10-17,11.450694444444444,7.688888888888891,14.927777777777775,11.380324074074073,0.9504166666666666,7.519370833333333,1018.7766666666666,4.6529,2015,10,Fall
2015-10-18,11.223611111111111,7.266666666666666,14.011111111111113,11.223611111111111,0.96625,4.008229166666667,1018.8533333333334,2.8731791666666666,2015,10,Fall
2015-10-19,12.124074074074075,11.044444444444444,12.77777777777778,12.124074074074075,0.9470833333333334,7.899733333333334,1014.0716666666667,5.6692125,2015,10,Fall
2015-10-20,9.143749999999999,4.400000000000001,11.905555555555557,7.102546296296296,0.8849999999999999,16.664841666666668,1014.3104166666667,7.308058333333332,2015,10,Fall
2015-10-21,6.745601851851852,2.344444444444444,11.183333333333334,5.657407407407407,0.8758333333333334,9.541933333333334,1018.2933333333334,7.677016666666667,2015,10,Fall
2015-10-22,5.337268518518518,1.0833333333333348,11.122222222222224,3.735416666666666,0.9233333333333333,9.759283333333334,1016.5883333333333,3.7573375,2015,10,Fall
2015-10-23,7.477777777777778,-0.0222222222222217,13.77222222222222,7.077314814814815,0.88,6.668754166666667,1021.03125,5.6115208333333335,2015,10,Fall
2015-10-24,7.481481481481481,2.638888888888889,15.02222222222222,7.295833333333333,0.8525,4.607954166666667,1024.6341666666667,4.905804166666667,2015,10,Fall
2015-10-25,8.127546296296297,1.4111111111111103,16.06111111111111,7.827083333333333,0.8375,3.8445458333333336,1023.8537500000001,7.117541666666668,2015,10,Fall
2015-10-26,9.762962962962963,3.888888888888889,16.038888888888888,9.415046296296296,0.8158333333333333,5.257991666666666,1024.8925000000002,6.419204166666667,2015,10,Fall
2015-10-27,8.718981481481482,3.955555555555554,16.038888888888888,8.023148148148147,0.7820833333333334,6.018045833333333,1024.4758333333334,10.065854166666666,2015,10,Fall
2015-10-28,9.186111111111112,4.322222222222223,16.038888888888888,8.30949074074074,0.7883333333333334,10.373766666666667,1022.0170833333333,7.684395833333333,2015,10,Fall
2015-10-29,9.375462962962963,5.3666666666666645,14.97222222222222,8.335879629629629,0.6741666666666667,10.717904166666669,1020.7245833333333,10.8514,2015,10,Fall
2015-10-30,7.634953703703704,2.1499999999999986,16.083333333333332,7.494212962962963,0.7716666666666666,3.2273791666666667,1028.91375,9.0139875,2015,10,Fall
2015-10-31,6.329861111111111,0.038888888888889,13.955555555555556,6.237268518518518,0.8412499999999999,4.9406875,1037.3041666666666,4.540870833333334,2015,10,Fall
2015-11-01,4.221064814814815,-2.2222222222222223,12.77777777777778,3.994444444444445,0.7541666666666668,3.939133333333334,1040.6204166666666,8.757058333333333,2015,11,Fall
2015-11-02,3.7122685185185187,-3.1555555555555554,13.816666666666666,3.7122685185185187,0.80125,1.1109,1035.9229166666667,4.151116666666667,2015,11,Fall
2015-11-03,2.4442129629629625,-3.355555555555555,12.672222222222224,2.4442129629629625,0.8758333333333334,1.9635291666666668,1029.8016666666665,2.84165,2015,11,Fall
2015-11-04,1.2412037037037038,-3.111111111111112,10.077777777777778,0.8719907407407407,0.9308333333333333,3.787525,1023.6437500000001,1.4188124999999998,2015,11,Fall
2015-11-05,2.2754629629629632,-3.077777777777777,11.144444444444446,2.115740740740741,0.9195833333333333,2.354625,1022.4133333333333,1.1437708333333334,2015,11,Fall
2015-11-06,1.5416666666666663,-1.2055555555555566,4.066666666666666,1.119675925925926,0.9841666666666667,3.2374416666666668,1025.8500000000001,0.061045833333333334,2015,11,Fall
2015-11-07,4.003703703703704,0.905555555555557,6.644444444444445,2.179861111111111,0.9725,8.400174999999999,1028.5091666666667,0.4756208333333334,2015,11,Fall
2015-11-08,11.190740740740742,6.533333333333332,20.016666666666666,10.813657407407407,0.8679166666666666,8.311625000000001,1028.2208333333333,6.244116666666667,2015,11,Fall
2015-11-09,10.484722222222222,3.0333333333333337,16.58888888888889,10.31550925925926,0.8466666666666667,8.234479166666667,1023.6625,5.4518625,2015,11,Fall
2015-11-10,14.67060185185185,11.694444444444445,19.90555555555555,14.67060185185185,0.7295833333333333,11.32635,1021.0970833333332,13.1959625,2015,11,Fall
2015-11-11,15.589814814814815,10.055555555555555,21.105555555555554,15.589814814814815,0.7120833333333333,14.088841666666667,1022.0745833333334,14.164645833333333,2015,11,Fall
2015-11-12,12.333564814814814,7.138888888888889,20.016666666666666,12.069444444444443,0.8054166666666666,6.387675000000001,1025.98,12.578795833333333,2015,11,Fall
2015-11-13,8.614814814814814,2.244444444444444,15.988888888888887,8.377083333333333,0.8516666666666667,3.7969166666666667,1027.2316666666668,8.626916666666668,2015,11,Fall
2015-11-14,7.840509259259259,3.2166666666666663,14.905555555555551,7.165509259259259,0.6858333333333334,10.510616666666667,1025.42125,8.819445833333335,2015,11,Fall
2015-11-15,9.934722222222222,5.0,13.816666666666666,9.626388888888888,0.6308333333333334,9.977975,1018.0470833333334,14.092866666666668,2015,11,Fall
2015-11-16,13.11064814814815,4.905555555555555,17.800000000000004,12.875,0.7120833333333333,19.425320833333334,1015.5595833333333,11.557116666666666,2015,11,Fall
2015-11-17,9.452546296296296,3.838888888888887,17.41111111111111,8.869675925925927,0.78125,6.285708333333333,1016.0754166666666,8.809383333333335,2015,11,Fall
2015-11-18,10.995833333333335,7.066666666666666,17.800000000000004,10.436805555555557,0.7225,9.620420833333334,1016.7829166666667,13.193950000000001,2015,11,Fall
2015-11-19,9.614814814814816,2.92777777777778,17.849999999999998,8.997685185185185,0.7775,6.2783291666666665,1019.2866666666667,10.877562500000002,2015,11,Fall
2015-11-20,11.385648148148148,7.472222222222224,15.88888888888889,10.555092592592592,0.7354166666666666,15.686095833333335,1008.80375,10.238929166666667,2015,11,Fall
2015-11-21,7.715277777777778,3.333333333333333,12.82777777777778,5.185185185185185,0.8604166666666666,17.996445833333336,994.5591666666666,8.343154166666666,2015,11,Fall
2015-11-22,3.263888888888889,1.6222222222222231,3.9000000000000017,0.8053240740740736,0.9245833333333334,9.840454166666667,1002.4475000000001,8.090250000000001,2015,11,Fall
2015-11-23,2.6784722222222226,-0.0444444444444434,7.172222222222221,1.464351851851852,0.7791666666666667,5.823504166666667,1022.06,12.808220833333335,2015,11,Fall
2015-11-24,2.3488425925925918,0.994444444444444,3.877777777777776,-0.6078703703703705,0.7466666666666667,10.6561875,1025.4229166666667,11.198220833333332,2015,11,Fall
2015-11-25,2.1780092592592593,0.4611111111111101,3.816666666666665,0.7462962962962963,0.8320833333333333,6.7009541666666665,1014.21625,9.768675,2015,11,Fall
2015-11-26,2.066898148148149,0.0500000000000019,3.938888888888891,-1.5467592592592592,0.86,13.450208333333334,1008.8641666666667,7.768249999999999,2015,11,Fall
2015-11-27,2.771296296296297,1.4611111111111126,3.822222222222224,-0.6018518518518516,0.90625,13.0591125,1014.6541666666667,7.97755,2015,11,Fall
2015-11-28,1.7381944444444442,0.6722222222222227,2.7777777777777777,-1.448611111111111,0.9229166666666667,11.946870833333334,1011.8575000000001,3.4796125,2015,11,Fall
2015-11-29,4.909027777777777,2.755555555555556,7.777777777777778,1.5689814814814813,0.7591666666666667,15.911495833333333,1020.4562500000001,12.756566666666666,2015,11,Fall
2015-11-30,6.334722222222222,4.027777777777778,8.95,4.225694444444444,0.8220833333333334,10.544158333333334,1020.3595833333334,10.4750625,2015,11,Fall
2015-12-01,9.196527777777778,5.772222222222222,13.444444444444446,7.413194444444444,0.7508333333333334,17.8005625,1020.1995833333334,11.843562499999999,2015,12,Winter
2015-12-02,6.898842592592593,3.3611111111111094,9.02777777777778,4.5509259259259265,0.8170833333333333,13.045025,1028.0283333333334,13.261704166666666,2015,12,Winter
2015-12-03,6.063425925925927,1.5277777777777777,11.038888888888888,5.759490740740741,0.92125,4.262475,1032.1458333333333,6.768037499999999,2015,12,Winter
2015-12-04,5.625231481481482,3.916666666666665,7.227777777777776,4.789583333333334,0.9645833333333332,5.5155916666666664,1034.2958333333333,1.7951500000000002,2015,12,Winter
2015-12-05,5.360648148148148,4.927777777777776,6.0888888888888895,4.379166666666667,0.9095833333333333,5.869120833333334,1037.05375,4.742791666666667,2015,12,Winter
2015-12-06,4.541203703703704,3.866666666666667,4.9833333333333325,1.8085648148148152,0.9554166666666667,11.743608333333334,1035.9737499999999,2.7678583333333333,2015,12,Winter
2015-12-07,3.545833333333334,2.805555555555554,3.872222222222222,2.799074074074074,0.9654166666666667,4.438904166666666,1038.1779166666668,2.2164333333333333,2015,12,Winter
2015-12-08,4.125462962962962,3.816666666666665,4.955555555555557,3.2972222222222225,0.9141666666666667,5.1741375000000005,1038.095,5.869120833333334,2015,12,Winter
2015-12-09,4.22337962962963,3.311111111111112,5.0,3.373148148148148,0.9225,5.345870833333334,1035.0741666666665,4.1390416666666665,2015,12,Winter
2015-12-10,4.537731481481482,3.838888888888887,6.133333333333333,3.0444444444444443,0.91,7.167854166666667,1035.6995833333333,5.83625,2015,12,Winter
2015-12-11,3.092592592592593,-1.5888888888888886,7.222222222222222,2.0259259259259257,0.9295833333333333,5.382766666666668,1032.5975,6.286379166666666,2015,12,Winter
2015-12-12,-0.3768518518518515,-1.5888888888888886,1.3222222222222235,-3.6636574074074075,0.9733333333333333,10.044387500000001,1027.92125,0.5131875,2015,12,Winter
2015-12-13,-0.180324074074074,-2.2222222222222223,1.0666666666666675,-3.753935185185185,0.9733333333333333,11.083508333333334,1023.6333333333333,0.7023625,2015,12,Winter
2015-12-14,0.7039351851851855,-1.7333333333333338,2.2222222222222223,-0.8250000000000001,0.945,6.5822166666666675,1027.8508333333332,3.535291666666667,2015,12,Winter
2015-12-15,-0.009490740740740482,-1.0888888888888897,1.0666666666666675,-1.2476851851851851,0.96125,5.2425625,1029.82375,2.7068125000000003,2015,12,Winter
2015-12-16,1.4749999999999994,0.5944444444444446,2.2666666666666657,0.5372685185185181,0.9241666666666667,5.449179166666667,1033.2445833333334,3.6446375,2015,12,Winter
2015-12-17,1.205555555555555,0.0666666666666652,2.194444444444446,-1.4006944444444445,0.8991666666666668,9.405754166666666,1034.8554166666665,5.501504166666667,2015,12,Winter
2015-12-18,2.204861111111111,1.0777777777777766,3.844444444444445,0.09236111111111127,0.90625,8.1526375,1029.1754166666667,6.3293125,2015,12,Winter
2015-12-19,3.594907407407407,2.188888888888888,4.955555555555557,2.8555555555555556,0.9275000000000001,4.858175,1029.6754166666667,3.0831500000000003,2015,12,Winter
2015-12-20,3.451157407407407,1.71111111111111,4.905555555555555,1.8009259259259254,0.9558333333333334,7.602554166666668,1032.70875,2.025916666666667,2015,12,Winter
2015-12-21,2.7222222222222214,1.1555555555555546,3.888888888888889,0.32430555555555574,0.975,9.320558333333333,1031.57125,0.7258416666666667,2015,12,Winter
2015-12-22,2.888425925925926,0.5999999999999991,6.455555555555554,0.8233796296296294,0.9720833333333333,8.18685,1033.125,0.7761541666666667,2015,12,Winter
2015-12-23,4.205555555555556,-0.6222222222222228,12.194444444444446,2.6601851851851848,0.9199999999999999,7.1262625,1030.9675,2.1963083333333335,2015,12,Winter
2015-12-24,1.1270833333333332,-1.033333333333333,2.411111111111113,0.20462962962962983,0.9824999999999999,4.6508875000000005,1032.3775,0.9566083333333334,2015,12,Winter
2015-12-25,2.7006944444444447,1.8833333333333335,3.888888888888889,1.2208333333333334,0.9820833333333333,6.798895833333334,1034.2829166666668,0.6621125,2015,12,Winter
2015-12-26,2.253935185185185,1.0444444444444458,3.888888888888889,-0.7958333333333334,0.9866666666666667,11.263291666666667,1034.7645833333333,0.3166333333333334,2015,12,Winter
2015-12-27,0.7293981481481485,-1.2000000000000002,3.099999999999999,-0.5365740740740738,0.975,5.487416666666667,1033.15875,0.2549166666666667,2015,12,Winter
2015-12-28,-0.37013888888888885,-2.1722222222222225,1.1333333333333329,-1.4504629629629633,0.9716666666666667,5.267383333333334,1032.50125,0.12477500000000001,2015,12,Winter
2015-12-29,1.945138888888889,0.0277777777777761,2.922222222222221,-1.1648148148148147,0.9529166666666667,11.517537500000001,1032.07875,6.002616666666667,2015,12,Winter
2015-12-30,-1.1375,-4.53888888888889,1.1777777777777765,-5.2756944444444445,0.7670833333333333,13.629320833333333,1036.3500000000001,12.943058333333333,2015,12,Winter
2015-12-31,-4.304861111111111,-7.361111111111111,-0.0944444444444453,-7.95787037037037,0.7758333333333334,9.042833333333334,1035.3445833333333,15.773304166666668,2015,12,Winter
2016-01-01,-4.883101851851852,-10.11111111111111,-1.1111111111111112,-6.558333333333334,0.7912500000000001,5.719525,1029.2716666666668,12.5237875,2016,1,Winter
2016-01-02,-4.509027777777778,-7.7444444444444445,-2.2222222222222223,-8.782638888888888,0.7695833333333333,12.146779166666667,1025.9954166666666,9.655304166666667,2016,1,Winter
2016-01-03,-5.978472222222223,-8.983333333333334,-3.9833333333333343,-10.752314814814815,0.7304166666666667,12.389620833333334,1018.75625,13.9607125,2016,1,Winter
2016-01-04,-7.556018518518518,-10.02222222222222,-5.650000000000001,-12.461574074074074,0.8020833333333334,11.844904166666668,1007.22375,9.888754166666667,2016,1,Winter
2016-01-05,-3.4250000000000003,-5.672222222222223,-1.183333333333333,-5.578703703703703,0.93125,6.8874458333333335,1005.3004166666666,3.7103791666666672,2016,1,Winter
2016-01-06,-0.6157407407407408,-2.177777777777779,0.0333333333333345,-4.819907407407407,0.9341666666666667,13.487104166666668,1003.1033333333334,3.4004541666666666,2016,1,Winter
2016-01-07,-0.9770833333333333,-6.727777777777778,0.0888888888888869,-5.1053240740740735,0.9891666666666666,14.039870833333334,1000.5258333333333,3.351483333333334,2016,1,Winter
2016-01-08,-2.1717592592592596,-5.644444444444444,-0.0055555555555564,-4.641898148148148,0.9733333333333333,7.420758333333333,1010.7758333333333,1.5422458333333333,2016,1,Winter
2016-01-09,1.7893518518518519,0.0222222222222217,3.150000000000001,-0.9252314814814815,0.8629166666666667,9.70025,1009.5500000000001,3.876745833333333,2016,1,Winter
2016-01-10,3.61875,0.0222222222222217,7.327777777777777,1.8337962962962964,0.9733333333333333,9.4325875,1004.7199999999999,4.057870833333333,2016,1,Winter
2016-01-11,9.049074074074074,3.383333333333335,13.744444444444447,7.888425925925926,0.84625,20.294050000000002,1000.11,11.599379166666667,2016,1,Winter
2016-01-12,6.403240740740741,2.183333333333333,11.06111111111111,3.9671296296296297,0.8745833333333334,13.555529166666666,1000.0904166666666,13.367695833333334,2016,1,Winter
2016-01-13,3.6307870370370368,0.0055555555555544,7.683333333333333,0.8745370370370371,0.8645833333333334,11.530283333333335,1010.7666666666668,11.516866666666667,2016,1,Winter
2016-01-14,3.915046296296296,1.8944444444444424,7.88888888888889,0.754166666666667,0.78375,13.467649999999999,1016.6133333333333,15.584129166666669,2016,1,Winter
2016-01-15,2.280555555555555,-0.6944444444444444,3.877777777777776,-0.2891203703703704,0.9254166666666667,10.331504166666667,1008.7945833333333,10.984895833333333,2016,1,Winter
2016-01-16,-0.021296296296296355,-2.311111111111112,2.822222222222221,-3.9738425925925926,0.8445833333333334,14.043225,1013.5170833333333,14.657037500000001,2016,1,Winter
2016-01-17,-2.6643518518518516,-3.822222222222221,-1.6388888888888884,-9.328703703703704,0.7095833333333333,25.319262499999997,1014.0283333333333,15.3272,2016,1,Winter
2016-01-18,-2.8365740740740737,-5.133333333333332,-0.0222222222222217,-8.270138888888889,0.7091666666666666,18.524391666666666,1019.2804166666666,13.830570833333333,2016,1,Winter
2016-01-19,-3.449074074074074,-7.5166666666666675,-0.1222222222222216,-5.5509259259259265,0.7479166666666667,6.256191666666667,1021.0233333333334,12.965195833333334,2016,1,Winter
2016-01-20,-3.776157407407407,-7.222222222222222,1.0611111111111091,-6.595138888888889,0.7987500000000001,8.237833333333333,1019.72125,11.779833333333334,2016,1,Winter
2016-01-21,-2.3141203703703703,-6.894444444444444,1.1555555555555546,-5.4467592592592595,0.8016666666666666,10.8091375,1024.6608333333334,9.487595833333334,2016,1,Winter
2016-01-22,-5.0055555555555555,-10.133333333333336,0.9722222222222222,-6.143518518518519,0.8004166666666667,4.173925,1035.7841666666666,10.295279166666667,2016,1,Winter
2016-01-23,-4.854166666666667,-9.67777777777778,-0.0277777777777781,-8.18449074074074,0.8575,8.868416666666667,1036.0570833333334,5.265370833333334,2016,1,Winter
2016-01-24,-2.716435185185185,-3.866666666666667,-1.6444444444444448,-3.858333333333333,0.9416666666666668,4.927270833333334,1035.1945833333332,3.9008958333333337,2016,1,Winter
2016-01-25,0.21504629629629665,-2.322222222222222,2.7333333333333343,-3.1437499999999994,0.9387500000000001,10.852070833333334,1031.2845833333333,3.1428541666666665,2016,1,Winter
2016-01-26,2.561574074074074,1.2388888888888872,4.061111111111113,1.150925925925926,0.9804166666666667,6.2085625,1028.9112499999999,1.2859875,2016,1,Winter
2016-01-27,2.2699074074074077,-0.5999999999999991,6.65,-0.10439814814814839,0.9874999999999999,8.659116666666668,1027.11125,0.16435416666666666,2016,1,Winter
2016-01-28,5.532407407407407,-0.5333333333333338,13.883333333333336,3.9307870370370375,0.9158333333333334,10.734004166666667,1025.4516666666666,6.9451375,2016,1,Winter
2016-01-29,2.6511574074074074,-1.6444444444444448,7.627777777777775,1.7187500000000002,0.97375,4.7555375,1029.4341666666667,2.402254166666667,2016,1,Winter
2016-01-30,3.2916666666666665,-1.183333333333333,7.96111111111111,0.23958333333333368,0.9670833333333334,12.706254166666668,1026.3720833333334,3.629879166666667,2016,1,Winter
2016-01-31,7.145601851851851,3.2833333333333314,10.02222222222222,4.705092592592592,0.8241666666666667,15.9611375,1015.8770833333333,10.325466666666665,2016,1,Winter
2016-02-01,7.033101851851852,3.311111111111112,11.994444444444447,5.306712962962963,0.9504166666666666,13.758791666666667,1019.4666666666667,6.401091666666666,2016,2,Winter
2016-02-02,8.770601851851852,4.01111111111111,14.927777777777775,7.624305555555556,0.9220833333333333,9.234691666666667,1021.6725,8.582641666666667,2016,2,Winter
2016-02-03,8.249537037037037,3.866666666666667,11.044444444444444,6.434490740740741,0.9366666666666666,12.256125000000003,1015.35875,10.025604166666666,2016,2,Winter
2016-02-04,3.8833333333333333,0.4222222222222211,7.200000000000001,-0.14953703703703705,0.7912499999999999,19.8935625,1019.36125,11.9522375,2016,2,Winter
2016-02-05,2.031712962962963,-1.2722222222222217,6.144444444444446,-0.6280092592592593,0.8320833333333333,10.888295833333332,1025.44,12.438591666666667,2016,2,Winter
2016-02-06,2.7405092592592593,-2.244444444444444,9.005555555555556,-0.3506944444444444,0.7825000000000001,13.920462500000001,1028.6083333333333,14.614775000000002,2016,2,Winter
2016-02-07,4.16087962962963,-0.1166666666666671,9.86111111111111,0.3645833333333335,0.7570833333333334,17.752933333333335,1021.0354166666666,15.839716666666668,2016,2,Winter
2016-02-08,7.177083333333333,2.105555555555555,12.31111111111111,4.6745370370370365,0.735,17.4101375,1017.3016666666666,15.167541666666667,2016,2,Winter
2016-02-09,10.314583333333333,6.300000000000002,16.06111111111111,8.981712962962963,0.7316666666666666,16.17781666666667,1011.5408333333334,13.462954166666668,2016,2,Winter
2016-02-10,7.301851851851851,3.866666666666667,10.97222222222222,3.592592592592592,0.8112499999999999,27.066112500000003,995.8391666666666,11.551079166666668,2016,2,Winter
2016-02-11,4.648148148148148,-0.6722222222222227,11.016666666666666,2.620601851851852,0.7270833333333333,11.516195833333335,1007.85125,12.700216666666668,2016,2,Winter
2016-02-12,4.604398148148149,-2.205555555555555,9.905555555555557,1.756712962962963,0.7908333333333334,16.688991666666666,1008.2179166666666,12.908175,2016,2,Winter
2016-02-13,6.369212962962963,3.1944444444444446,9.744444444444444,3.225925925925926,0.8575,17.187420833333334,996.6820833333333,11.502108333333334,2016,2,Winter
2016-02-14,9.63912037037037,2.183333333333333,15.994444444444444,8.303935185185184,0.8141666666666666,17.834104166666666,997.7216666666667,12.026029166666667,2016,2,Winter
2016-02-15,9.034722222222223,5.488888888888891,11.11111111111111,7.836111111111111,0.9433333333333334,10.999654166666666,1003.86,8.459879166666667,2016,2,Winter
2016-02-16,5.986805555555556,3.383333333333335,7.805555555555554,4.176851851851851,0.9562499999999999,10.52135,1026.3954166666665,4.8239625,2016,2,Winter
2016-02-17,7.771064814814815,3.816666666666665,13.672222222222222,5.7414351851851855,0.8754166666666667,14.702654166666667,1024.2991666666667,11.113695833333333,2016,2,Winter
2016-02-18,8.428935185185185,6.666666666666667,9.927777777777775,6.335416666666666,0.8683333333333333,14.315583333333334,1016.045,10.689729166666666,2016,2,Winter
2016-02-19,5.6997685185185185,2.7999999999999994,7.594444444444445,2.277314814814815,0.8858333333333334,18.356683333333333,1016.0120833333334,10.063170833333333,2016,2,Winter
2016-02-20,3.7594907407407407,0.0944444444444453,9.35,1.0439814814814816,0.795,12.234658333333334,1023.5445833333333,11.820754166666667,2016,2,Winter
2016-02-21,6.577777777777778,2.472222222222224,11.066666666666668,4.346759259259259,0.7958333333333334,12.529825,1017.8495833333333,12.183675000000001,2016,2,Winter
2016-02-22,10.203472222222222,4.21111111111111,17.200000000000003,9.025925925925925,0.7616666666666667,15.607608333333333,1013.8820833333334,14.807304166666668,2016,2,Winter
2016-02-23,10.031481481481482,7.433333333333334,12.238888888888887,9.331944444444444,0.9008333333333334,11.261279166666668,1009.9475000000001,9.270916666666666,2016,2,Winter
2016-02-24,5.2071759259259265,-0.1111111111111107,9.727777777777776,2.288657407407407,0.7512500000000001,16.42334166666667,1014.9858333333333,10.755470833333334,2016,2,Winter
2016-02-25,3.203009259259259,-2.311111111111112,6.994444444444446,0.8222222222222223,0.8758333333333334,10.209412500000001,1014.2362499999999,8.5631875,2016,2,Winter
2016-02-26,3.110648148148148,-1.1277777777777784,6.177777777777776,1.1298611111111108,0.9204166666666667,9.160229166666667,1013.06,5.612862499999999,2016,2,Winter
2016-02-27,3.213194444444445,-2.2888888888888896,7.777777777777778,0.866666666666667,0.8491666666666666,9.3601375,1015.9616666666667,6.4433541666666665,2016,2,Winter
2016-02-28,6.979166666666667,2.7777777777777777,11.038888888888888,4.471064814814815,0.83875,19.58900416666667,1017.0137500000001,12.110554166666667,2016,2,Winter
2016-02-29,9.91851851851852,7.122222222222222,12.855555555555556,8.920601851851853,0.8112499999999999,16.091279166666666,1011.8545833333333,11.375991666666666,2016,2,Winter
2016-03-01,5.910185185185186,2.2222222222222223,8.527777777777779,2.5375,0.8820833333333334,18.8531,1011.4604166666667,8.34785,2016,3,Spring
2016-03-02,4.523148148148148,1.072222222222222,10.066666666666666,1.6909722222222217,0.76625,12.607641666666666,1011.485,13.901679166666668,2016,3,Spring
2016-03-03,6.383333333333333,-0.5111111111111121,12.061111111111112,4.428009259259259,0.7941666666666666,13.872162500000002,999.52625,13.479054166666666,2016,3,Spring
2016-03-04,6.471527777777777,3.872222222222222,8.872222222222222,4.400231481481481,0.9249999999999999,10.502566666666668,1000.7554166666667,8.507508333333334,2016,3,Spring
2016-03-05,6.853240740740741,1.849999999999999,12.2,4.688888888888889,0.8070833333333334,14.224350000000001,1007.1045833333333,11.0586875,2016,3,Spring
2016-03-06,8.68912037037037,6.627777777777777,10.166666666666664,6.6127314814814815,0.8291666666666666,14.903904166666669,1003.2666666666668,12.919579166666667,2016,3,Spring
2016-03-07,9.354861111111111,6.672222222222221,12.594444444444443,8.222916666666666,0.8804166666666666,9.861920833333334,1001.9870833333333,9.6821375,2016,3,Spring
2016-03-08,6.518055555555556,2.1722222222222203,10.0,4.941203703703704,0.8479166666666668,8.7604125,1010.93,7.9634624999999994,2016,3,Spring
2016-03-09,6.3062499999999995,-0.0277777777777781,12.66111111111111,4.5182870370370365,0.8554166666666667,10.850729166666667,1012.3675,6.833779166666666,2016,3,Spring
2016-03-10,8.741435185185185,3.822222222222224,12.77777777777778,7.296527777777778,0.8616666666666667,15.853804166666668,1009.0104166666666,9.164254166666666,2016,3,Spring
2016-03-11,8.828935185185186,4.05,12.383333333333333,7.840972222222223,0.89,8.125133333333334,1015.1266666666667,10.3341875,2016,3,Spring
2016-03-12,7.490972222222222,4.033333333333332,10.066666666666666,5.90625,0.8624999999999999,9.847162500000001,1020.8762499999999,10.428104166666667,2016,3,Spring
2016-03-13,8.331712962962962,4.7,12.66111111111111,5.922222222222222,0.7487499999999999,22.6587375,1022.4237499999999,11.416241666666666,2016,3,Spring
2016-03-14,5.469907407407407,1.3666666666666671,10.02222222222222,1.5849537037037036,0.64125,23.983633333333334,1023.9820833333333,15.612975,2016,3,Spring
2016-03-15,2.345601851851852,-0.6388888888888881,4.788888888888888,1.0224537037037038,0.8858333333333333,5.9663916666666665,1018.9250000000001,10.660883333333333,2016,3,Spring
2016-03-16,6.163194444444444,2.244444444444444,11.016666666666666,5.147222222222222,0.7791666666666667,7.057837500000001,1028.0208333333333,9.169620833333333,2016,3,Spring
2016-03-17,6.536574074074075,0.9666666666666678,12.17777777777778,5.929861111111111,0.6708333333333334,5.699400000000001,1027.5479166666667,11.816729166666667,2016,3,Spring
2016-03-18,6.932407407407407,-0.1333333333333324,12.894444444444446,6.189583333333334,0.6775000000000001,9.474179166666667,1016.7345833333334,10.468354166666668,2016,3,Spring
2016-03-19,6.547916666666667,1.2333333333333327,11.083333333333336,5.025925925925926,0.6908333333333333,9.620420833333334,1015.9250000000001,12.8538375,2016,3,Spring
2016-03-20,7.210416666666667,0.6111111111111119,13.894444444444442,6.926157407407408,0.6229166666666667,5.73965,1016.5470833333334,13.434108333333334,2016,3,Spring
2016-03-21,7.684490740740741,2.2666666666666657,12.711111111111112,6.808564814814815,0.6666666666666666,12.033408333333334,1014.6420833333333,10.574345833333334,2016,3,Spring
2016-03-22,7.626851851851852,2.1611111111111114,12.22222222222222,7.184953703703704,0.68,8.295525,1010.5866666666667,11.2840875,2016,3,Spring
2016-03-23,4.664814814814815,2.2222222222222223,6.044444444444446,2.302546296296297,0.8858333333333334,11.985779166666667,998.5949999999999,7.200054166666667,2016,3,Spring
2016-03-24,5.988657407407408,0.4111111111111122,11.066666666666668,2.908333333333333,0.5833333333333334,17.95955,1006.3979166666667,14.325645833333335,2016,3,Spring
2016-03-25,4.991435185185185,-2.45,11.11111111111111,2.950694444444444,0.5945833333333334,9.971266666666667,1016.3075,15.1118625,2016,3,Spring
2016-03-26,7.850462962962962,3.844444444444445,11.11111111111111,6.788194444444444,0.7174999999999999,9.926320833333333,1017.3391666666666,13.0993625,2016,3,Spring
2016-03-27,6.971990740740741,3.2722222222222226,11.11111111111111,5.421296296296297,0.82625,9.676770833333334,1017.1308333333333,9.0461875,2016,3,Spring
2016-03-28,8.054166666666667,-1.1111111111111112,13.844444444444443,7.751851851851852,0.75625,5.321720833333333,1014.3833333333333,8.818775,2016,3,Spring
2016-03-29,11.96851851851852,7.527777777777776,18.68333333333333,11.488425925925926,0.7483333333333334,9.0502125,1013.84625,11.9240625,2016,3,Spring
2016-03-30,13.203472222222222,5.78888888888889,19.90555555555555,12.730092592592593,0.7191666666666667,12.661979166666669,1017.99625,12.258137500000002,2016,3,Spring
2016-03-31,15.931481481481482,8.666666666666666,22.82222222222222,15.775694444444445,0.6083333333333333,15.248712500000002,1015.5716666666667,15.259445833333332,2016,3,Spring
2016-04-01,15.762268518518518,8.377777777777776,23.7,15.480324074074074,0.59,20.257825,1013.6387500000001,15.810200000000002,2016,4,Spring
2016-04-02,10.253009259259258,5.505555555555554,16.06111111111111,8.651157407407407,0.48666666666666664,16.409254166666667,1022.9899999999999,13.689695833333333,2016,4,Spring
2016-04-03,13.041898148148148,3.7944444444444434,22.127777777777776,12.824074074074074,0.5845833333333333,10.338212500000001,1019.7233333333334,15.829654166666666,2016,4,Spring
2016-04-04,16.211111111111112,7.666666666666665,25.09444444444445,15.932407407407409,0.5841666666666666,11.66445,1012.255,15.886675000000002,2016,4,Spring
2016-04-05,18.536342592592593,11.266666666666667,26.11111111111111,18.536342592592593,0.5337500000000001,14.402791666666667,1009.5266666666666,15.631087500000001,2016,4,Spring
2016-04-06,17.961805555555557,10.92222222222222,24.88333333333334,17.961805555555557,0.5775,11.2317625,1009.42875,14.210933333333335,2016,4,Spring
2016-04-07,18.211805555555554,10.072222222222225,24.97222222222222,18.211805555555554,0.605,9.841125,1009.05125,13.638041666666666,2016,4,Spring
2016-04-08,15.801851851851852,12.68888888888889,18.8,15.801851851851852,0.8125,11.812033333333334,1002.80375,12.3547375,2016,4,Spring
2016-04-09,12.019675925925926,9.4,14.772222222222224,11.83425925925926,0.8554166666666667,14.597333333333333,1002.7808333333334,7.7373916666666664,2016,4,Spring
2016-04-10,10.637037037037038,7.733333333333334,12.77777777777778,9.801157407407407,0.7879166666666667,15.075637500000001,1007.7475,11.208283333333334,2016,4,Spring
2016-04-11,12.028472222222222,8.083333333333332,17.266666666666666,11.376851851851852,0.7487499999999999,9.584866666666667,1011.8520833333333,11.947541666666666,2016,4,Spring
2016-04-12,14.365277777777777,3.911111111111111,22.87777777777778,14.365277777777777,0.66375,9.588891666666667,1011.5979166666666,11.239141666666669,2016,4,Spring
2016-04-13,16.271527777777777,7.183333333333334,23.83888888888889,16.137037037037036,0.6475,10.4831125,1008.0333333333333,14.270637500000001,2016,4,Spring
2016-04-14,15.184953703703703,10.772222222222222,19.827777777777776,15.184953703703703,0.6416666666666667,21.773237500000004,1005.3575,14.289420833333333,2016,4,Spring
2016-04-15,14.109722222222222,7.133333333333336,20.022222222222226,13.70949074074074,0.5854166666666667,16.88822916666667,1012.8958333333334,15.8202625,2016,4,Spring
2016-04-16,17.44675925925926,7.155555555555556,26.06111111111111,16.989583333333332,0.5095833333333334,18.467370833333334,1011.6095833333334,15.894054166666669,2016,4,Spring
2016-04-17,18.265509259259257,10.050000000000002,26.788888888888888,18.240046296296295,0.5504166666666667,11.737570833333335,1011.8775,14.624166666666667,2016,4,Spring
2016-04-18,18.105324074074073,10.977777777777776,24.74444444444445,18.105324074074073,0.6216666666666667,9.560716666666666,1014.5458333333332,12.866583333333333,2016,4,Spring
2016-04-19,12.04050925925926,9.305555555555555,13.93888888888889,11.657407407407407,0.7358333333333333,17.528875000000003,1017.59375,14.4960375,2016,4,Spring
2016-04-20,10.830555555555556,5.216666666666667,16.183333333333334,9.568287037037036,0.5333333333333333,18.13597916666667,1023.5949999999999,15.138695833333335,2016,4,Spring
2016-04-21,10.999537037037037,1.977777777777779,17.89444444444444,10.607175925925924,0.5458333333333333,6.674120833333333,1025.3604166666667,15.869233333333334,2016,4,Spring
2016-04-22,13.988194444444444,3.75,22.800000000000004,13.535416666666668,0.5170833333333333,7.928579166666666,1014.4308333333333,15.902104166666668,2016,4,Spring
2016-04-23,15.398379629629629,5.933333333333334,23.72777777777777,15.35462962962963,0.5833333333333334,6.957212500000001,1005.6779166666666,14.474570833333333,2016,4,Spring
2016-04-24,9.169907407407408,5.5777777777777775,12.333333333333336,6.780092592592593,0.9191666666666666,20.317529166666667,1001.6391666666667,9.176329166666667,2016,4,Spring
2016-04-25,5.759027777777778,2.061111111111112,7.822222222222221,2.8636574074074073,0.8566666666666666,15.751166666666668,1006.0583333333334,8.751020833333333,2016,4,Spring
2016-04-26,7.914583333333333,0.8833333333333352,13.91111111111111,6.32337962962963,0.63125,11.918025,1009.7829166666667,13.804408333333335,2016,4,Spring
2016-04-27,9.631712962962963,4.927777777777776,19.83333333333333,7.338657407407408,0.7116666666666666,20.30142916666667,1010.3729166666667,13.128208333333333,2016,4,Spring
2016-04-28,9.32800925925926,4.3277777777777775,13.794444444444444,8.473842592592593,0.74125,6.894154166666667,1018.1525,12.524458333333333,2016,4,Spring
2016-04-29,9.73425925925926,6.394444444444443,12.95,9.077314814814814,0.8604166666666666,10.709183333333334,1019.2512499999999,9.617737499999999,2016,4,Spring
2016-04-30,11.342824074074073,3.638888888888888,17.244444444444444,11.219212962962963,0.7770833333333332,3.35685,1019.7441666666667,9.66805,2016,4,Spring
2016-05-01,14.05300925925926,7.305555555555555,19.855555555555554,14.0375,0.7945833333333333,12.118604166666666,1015.6791666666667,10.312050000000001,2016,5,Spring
2016-05-02,13.97662037037037,12.105555555555554,17.577777777777776,13.97662037037037,0.8395833333333332,10.968795833333333,1014.1758333333333,11.658412499999999,2016,5,Spring
2016-05-03,13.729398148148148,9.466666666666663,18.8,13.698842592592593,0.7870833333333334,11.086191666666666,1010.3558333333334,12.355408333333335,2016,5,Spring
2016-05-04,14.436574074074073,9.972222222222223,20.80555555555556,14.378472222222221,0.745,18.326495833333336,1013.69125,11.170716666666666,2016,5,Spring
2016-05-05,15.939583333333333,9.57222222222222,22.59444444444445,15.859722222222222,0.6283333333333333,15.738420833333334,1018.3433333333334,15.073625000000002,2016,5,Spring
2016-05-06,15.745833333333335,8.311111111111112,22.68888888888889,15.478703703703703,0.615,11.501437500000002,1017.1737499999999,14.4578,2016,5,Spring
2016-05-07,15.668518518518518,9.05,22.127777777777776,15.519907407407407,0.5366666666666667,11.343791666666668,1014.8583333333332,14.90055,2016,5,Spring
2016-05-08,14.058564814814815,7.288888888888888,20.022222222222226,13.885416666666666,0.6133333333333334,7.467716666666667,1016.86875,12.849141666666668,2016,5,Spring
2016-05-09,15.580787037037036,8.333333333333334,22.194444444444443,15.511805555555554,0.6079166666666667,5.0554,1018.8266666666667,14.683870833333335,2016,5,Spring
2016-05-10,14.41851851851852,8.761111111111113,21.83888888888889,14.221064814814815,0.81625,9.527845833333334,1017.08625,10.789683333333334,2016,5,Spring
2016-05-11,16.330324074074074,12.2,20.944444444444443,16.330324074074074,0.8066666666666666,7.326170833333333,1011.2475,9.782091666666666,2016,5,Spring
2016-05-12,16.814583333333335,13.844444444444443,20.011111111111106,16.814583333333335,0.8770833333333333,12.166904166666669,1001.6170833333334,10.079270833333334,2016,5,Spring
2016-05-13,16.28078703703704,11.327777777777778,22.0,16.28078703703704,0.7520833333333333,19.879475000000003,998.5716666666667,12.425845833333334,2016,5,Spring
2016-05-14,14.771296296296297,12.244444444444444,16.966666666666665,14.771296296296297,0.8508333333333334,18.869870833333334,1001.5366666666667,11.971691666666667,2016,5,Spring
2016-05-15,10.480324074074074,6.500000000000002,12.805555555555554,9.711342592592592,0.8458333333333333,17.221633333333333,1011.6879166666666,12.8739625,2016,5,Spring
2016-05-16,10.25162037037037,4.972222222222224,15.994444444444444,9.259953703703703,0.6895833333333333,13.547479166666667,1017.4162499999999,14.086158333333335,2016,5,Spring
2016-05-17,10.385185185185184,4.333333333333332,14.97222222222222,10.04537037037037,0.6870833333333334,10.527387500000001,1017.9283333333333,13.149004166666666,2016,5,Spring
2016-05-18,12.417361111111111,7.205555555555555,16.422222222222224,12.092824074074073,0.6666666666666666,8.331079166666667,1015.8754166666666,13.248287500000002,2016,5,Spring
2016-05-19,14.258564814814813,8.42222222222222,20.06666666666667,14.20046296296296,0.7254166666666667,10.0363375,1012.5516666666667,12.996725,2016,5,Spring
2016-05-20,15.807870370370368,8.06666666666667,22.261111111111106,15.66712962962963,0.6558333333333334,12.153487499999999,1015.2933333333334,14.678504166666668,2016,5,Spring
2016-05-21,17.340972222222224,9.033333333333331,23.95555555555556,17.239814814814817,0.5820833333333334,11.758366666666667,1018.0320833333334,15.6954875,2016,5,Spring
2016-05-22,19.109490740740743,9.877777777777778,26.13333333333334,19.05462962962963,0.5675,6.9894125,1017.0345833333334,15.831666666666669,2016,5,Spring
2016-05-23,21.42523148148148,12.538888888888888,27.77777777777778,21.319675925925925,0.58625,9.237375,1010.2637500000001,15.867891666666667,2016,5,Spring
2016-05-24,16.31087962962963,13.238888888888887,18.86666666666666,16.31087962962963,0.8141666666666666,11.840879166666667,1004.9570833333333,11.535649999999999,2016,5,Spring
2016-05-25,17.46851851851852,13.794444444444444,23.75,17.46851851851852,0.76625,17.58052916666667,1007.3095833333333,10.82725,2016,5,Spring
2016-05-26,19.287962962962965,12.43888888888889,24.97222222222222,19.287962962962965,0.6958333333333333,8.231125,1013.5095833333334,12.744491666666667,2016,5,Spring
2016-05-27,21.365046296296295,12.816666666666666,27.77777777777778,21.30648148148148,0.6479166666666667,3.8525958333333334,1016.3266666666667,14.3934,2016,5,Spring
2016-05-28,22.446527777777778,14.094444444444443,28.90555555555555,22.334953703703704,0.61875,7.477108333333334,1014.1354166666666,15.543879166666668,2016,5,Spring
2016-05-29,22.891666666666666,14.97777777777778,28.938888888888894,23.06990740740741,0.67125,10.089333333333334,1008.805,14.709362500000003,2016,5,Spring
2016-05-30,22.00532407407407,17.68888888888889,26.977777777777774,22.027777777777775,0.6833333333333332,6.861283333333334,1008.84375,14.883108333333334,2016,5,Spring
2016-05-31,21.012962962962963,15.077777777777776,26.15555555555555,21.012962962962963,0.5929166666666666,12.412429166666668,1011.8716666666668,15.859841666666668,2016,5,Spring
2016-06-01,19.15671296296296,14.683333333333334,25.038888888888884,19.15671296296296,0.7183333333333333,8.455183333333332,1013.4716666666667,12.148791666666668,2016,6,Summer
2016-06-02,17.44097222222222,14.422222222222224,22.10555555555556,17.44097222222222,0.8283333333333333,8.247895833333333,1010.8179166666667,10.541475,2016,6,Summer
2016-06-03,18.09490740740741,12.322222222222225,22.82222222222222,18.09490740740741,0.8316666666666667,4.520745833333334,1009.5783333333334,9.964558333333335,2016,6,Summer
2016-06-04,18.431250000000002,15.02222222222222,24.67222222222222,18.431250000000002,0.88125,6.495008333333334,1010.4733333333334,11.264633333333334,2016,6,Summer
2016-06-05,19.1125,15.22222222222222,22.800000000000004,19.1125,0.8595833333333333,7.656891666666667,1013.1266666666667,10.030970833333333,2016,6,Summer
2016-06-06,20.50324074074074,16.038888888888888,25.06666666666667,20.50324074074074,0.65,14.133116666666668,1016.0841666666666,13.053745833333332,2016,6,Summer
2016-06-07,17.61759259259259,11.022222222222224,22.31111111111111,17.61759259259259,0.5370833333333334,12.5640375,1021.0116666666667,15.399650000000001,2016,6,Summer
2016-06-08,18.211574074074075,8.499999999999998,24.944444444444446,18.211574074074075,0.61125,4.04915,1018.6570833333334,15.917533333333333,2016,6,Summer
2016-06-09,19.64027777777778,11.011111111111113,26.11111111111111,19.64027777777778,0.62375,4.948066666666667,1012.7920833333333,15.277558333333333,2016,6,Summer
2016-06-10,18.943749999999998,12.249999999999998,24.77777777777777,18.943749999999998,0.77875,7.006854166666667,1010.8083333333334,13.049720833333334,2016,6,Summer
2016-06-11,20.425231481481482,13.42777777777778,26.18333333333333,20.425231481481482,0.7404166666666666,10.087991666666667,1010.5454166666667,13.192608333333332,2016,6,Summer
2016-06-12,18.599537037037035,15.044444444444444,22.43333333333333,18.599537037037035,0.9016666666666667,6.741875,1008.5254166666667,11.204929166666666,2016,6,Summer
2016-06-13,17.70208333333333,15.933333333333334,19.90555555555555,17.70208333333333,0.9333333333333332,7.3275125,1001.87,10.516654166666667,2016,6,Summer
2016-06-14,20.069444444444446,14.344444444444443,25.04444444444444,20.069444444444446,0.7504166666666667,12.5237875,1000.0291666666667,13.238225,2016,6,Summer
2016-06-15,18.70277777777778,14.377777777777778,22.744444444444444,18.70277777777778,0.8354166666666667,8.540379166666666,1004.03625,11.535649999999999,2016,6,Summer
2016-06-16,23.321527777777778,13.838888888888889,27.87777777777778,23.36967592592593,0.6520833333333333,17.3779375,1008.9133333333333,13.945283333333334,2016,6,Summer
2016-06-17,26.24675925925926,19.83333333333333,31.061111111111103,26.88101851851852,0.5508333333333334,18.0420625,1009.1179166666667,13.974800000000002,2016,6,Summer
2016-06-18,21.916666666666668,16.06666666666667,28.772222222222226,21.913888888888888,0.6758333333333333,4.9889875,1016.0391666666666,14.939458333333334,2016,6,Summer
2016-06-19,20.706944444444446,14.644444444444446,27.15,20.727546296296296,0.785,9.307141666666666,1014.59375,12.591541666666666,2016,6,Summer
2016-06-20,21.825462962962963,16.13888888888889,27.68333333333333,21.986574074074074,0.80625,6.2488125000000005,1016.7287499999999,9.988708333333333,2016,6,Summer
2016-06-21,21.751388888888886,17.59444444444445,25.294444444444444,21.751388888888886,0.8304166666666667,7.0417375,1021.3745833333334,11.350499999999998,2016,6,Summer
2016-06-22,25.037731481481483,19.061111111111117,30.188888888888894,25.67962962962963,0.7245833333333334,8.902629166666667,1022.2945833333333,15.440570833333334,2016,6,Summer
2016-06-23,26.543287037037036,19.116666666666664,32.800000000000004,27.61550925925926,0.69375,7.2919583333333335,1021.3954166666666,14.689237499999999,2016,6,Summer
2016-06-24,27.464120370370367,20.46666666666667,34.59444444444444,28.71342592592593,0.6699999999999999,10.182579166666669,1017.7716666666666,13.54144166666667,2016,6,Summer
2016-06-25,26.83912037037037,18.93888888888889,32.82222222222222,27.292129629629628,0.6216666666666667,10.729979166666666,1013.86875,15.881308333333335,2016,6,Summer
2016-06-26,25.99837962962963,19.516666666666666,32.644444444444446,26.266203703703706,0.6525,10.412004166666668,1013.3054166666667,14.313570833333335,2016,6,Summer
2016-06-27,22.83263888888889,18.88888888888889,27.10555555555556,23.07060185185185,0.7575,12.656612500000001,1013.3166666666666,11.591999999999999,2016,6,Summer
2016-06-28,20.174537037037037,16.022222222222226,24.92777777777778,20.174537037037037,0.7825000000000001,12.666675,1014.0191666666666,12.293020833333335,2016,6,Summer
2016-06-29,21.9375,14.2,27.9,21.902314814814815,0.6675,6.490312500000001,1015.4033333333333,14.694604166666666,2016,6,Summer
2016-06-30,24.045601851851853,14.422222222222224,31.016666666666666,23.905324074074073,0.6520833333333333,3.8338125,1015.37,15.822945833333335,2016,6,Summer
2016-07-01,25.269212962962964,17.17777777777778,32.19444444444444,25.15648148148148,0.63375,3.6117666666666666,1015.7754166666667,15.591508333333335,2016,7,Summer
2016-07-02,26.05972222222222,17.733333333333334,32.7,26.283564814814813,0.6479166666666667,5.965050000000001,1013.89125,13.164433333333333,2016,7,Summer
2016-07-03,23.34861111111111,18.67777777777778,27.744444444444444,23.516203703703706,0.6529166666666667,16.434075,1015.015,11.9602875,2016,7,Summer
2016-07-04,21.196527777777778,14.444444444444445,27.75555555555555,21.082175925925927,0.56375,10.2657625,1020.0566666666667,15.631758333333336,2016,7,Summer
2016-07-05,22.35601851851852,12.088888888888889,28.88888888888889,22.054861111111112,0.55125,5.188225,1016.9408333333332,15.87191666666667,2016,7,Summer
2016-07-06,21.457175925925924,15.605555555555558,27.17222222222222,21.484953703703706,0.6329166666666667,11.164008333333333,1014.6883333333334,14.349125,2016,7,Summer
2016-07-07,19.191203703703703,11.02777777777778,25.077777777777776,19.191203703703703,0.52125,14.099575000000002,1019.6529166666668,15.886675000000002,2016,7,Summer
2016-07-08,21.12037037037037,9.83888888888889,27.77777777777778,20.86226851851852,0.5158333333333333,5.807404166666667,1019.6262499999999,15.833008333333334,2016,7,Summer
2016-07-09,22.19537037037037,15.25,28.850000000000005,22.102546296296296,0.5891666666666667,12.403037500000002,1016.2079166666667,15.633770833333335,2016,7,Summer
2016-07-10,23.07800925925926,13.11111111111111,30.011111111111106,22.735185185185188,0.5541666666666667,6.204537500000001,1017.5425,15.917533333333333,2016,7,Summer
2016-07-11,25.00162037037037,15.577777777777776,32.56666666666667,24.54652777777778,0.5320833333333334,9.031429166666667,1015.7670833333333,15.886675000000002,2016,7,Summer
2016-07-12,27.325,17.555555555555557,33.977777777777774,27.20277777777778,0.5125000000000001,12.257466666666666,1011.9016666666666,15.886675000000002,2016,7,Summer
2016-07-13,28.371296296296293,21.011111111111106,34.8111111111111,28.88888888888889,0.5320833333333334,10.192641666666667,1008.6,15.109850000000002,2016,7,Summer
2016-07-14,19.369675925925925,14.416666666666666,22.58888888888889,19.369675925925925,0.7845833333333333,16.951958333333334,1009.6920833333334,11.901254166666668,2016,7,Summer
2016-07-15,18.13310185185185,14.416666666666666,22.25555555555556,18.13310185185185,0.6775000000000001,20.122316666666666,1015.7304166666667,13.204683333333334,2016,7,Summer
2016-07-16,16.40810185185185,12.5,20.766666666666666,16.40810185185185,0.8845833333333334,15.950404166666667,1011.5450000000001,9.89345,2016,7,Summer
2016-07-17,15.972916666666665,11.988888888888887,17.794444444444444,15.972916666666665,0.935,11.446429166666668,1014.2425,9.091133333333334,2016,7,Summer
2016-07-18,21.25601851851852,14.8,27.73333333333333,21.308333333333334,0.7125,12.818283333333333,1016.9195833333333,13.1758375,2016,7,Summer
2016-07-19,20.713194444444444,17.105555555555554,25.622222222222224,20.713194444444444,0.6945833333333334,8.451158333333334,1018.5779166666666,13.703112500000001,2016,7,Summer
2016-07-20,20.956712962962964,15.494444444444444,26.12777777777778,20.956712962962964,0.7233333333333333,7.320133333333334,1017.0500000000001,13.495154166666667,2016,7,Summer
2016-07-21,22.416666666666668,14.7,28.90555555555555,22.37986111111111,0.6725,6.155566666666666,1015.6737499999999,14.726804166666668,2016,7,Summer
2016-07-22,23.891203703703706,16.688888888888886,30.966666666666665,24.094907407407405,0.7129166666666666,4.901108333333333,1015.0041666666666,13.941258333333332,2016,7,Summer
2016-07-23,26.431018518518517,17.849999999999998,32.49444444444444,26.805555555555557,0.6495833333333333,4.861529166666667,1015.2929166666667,15.447279166666668,2016,7,Summer
2016-07-24,26.555324074074075,21.105555555555554,32.483333333333334,26.65925925925926,0.6320833333333333,8.703391666666667,1015.7441666666667,15.783366666666668,2016,7,Summer
2016-07-25,24.83888888888889,18.927777777777774,30.78888888888889,25.040046296296296,0.6741666666666667,10.966783333333334,1015.0058333333333,14.902562500000002,2016,7,Summer
2016-07-26,21.590740740740742,18.35,27.28888888888889,21.75,0.8791666666666668,4.823291666666667,1015.7670833333333,9.215908333333333,2016,7,Summer
2016-07-27,24.1375,16.733333333333334,30.877777777777776,24.529398148148147,0.7620833333333333,1.9132166666666668,1015.2870833333333,8.294183333333333,2016,7,Summer
2016-07-28,23.5837962962963,19.372222222222224,28.177777777777777,23.8724537037037,0.77,8.135195833333334,1014.4958333333334,12.201116666666666,2016,7,Summer
2016-07-29,22.99467592592593,17.77777777777778,27.82222222222222,23.167592592592595,0.8104166666666667,4.3537083333333335,1014.3850000000001,9.706958333333334,2016,7,Summer
2016-07-30,25.07638888888889,17.96111111111111,31.08333333333333,25.374768518518522,0.6929166666666666,3.2917791666666667,1014.9354166666667,13.446183333333336,2016,7,Summer
2016-07-31,26.07638888888889,18.75,32.75555555555555,26.40347222222222,0.6416666666666667,9.270245833333334,1012.9025,13.983520833333335,2016,7,Summer
2016-08-01,23.081712962962968,18.84444444444445,27.24444444444445,23.225231481481483,0.7270833333333333,14.216970833333335,1013.42875,11.949554166666667,2016,8,Summer
2016-08-02,21.11550925925926,16.48888888888889,26.06111111111111,21.11550925925926,0.7845833333333333,10.8614625,1015.8975,11.921379166666666,2016,8,Summer
2016-08-03,21.582175925925924,14.644444444444446,27.194444444444443,21.63888888888889,0.68375,9.409108333333334,1016.53375,15.123266666666668,2016,8,Summer
2016-08-04,23.806481481481484,15.511111111111113,29.92777777777778,23.879166666666666,0.6595833333333333,4.452320833333334,1015.9791666666666,13.720554166666666,2016,8,Summer
2016-08-05,26.583564814814817,20.061111111111117,32.19444444444444,26.743287037037035,0.57625,15.9852875,1012.0345833333334,15.871245833333335,2016,8,Summer
2016-08-06,22.112962962962964,18.84444444444445,26.094444444444445,22.112962962962964,0.7395833333333334,16.14025,1016.9754166666667,13.669570833333333,2016,8,Summer
2016-08-07,22.49791666666667,16.0,27.71111111111111,22.422453703703706,0.58375,15.167541666666667,1022.2616666666667,15.601570833333334,2016,8,Summer
2016-08-08,21.132175925925925,13.905555555555557,27.75555555555555,20.982175925925926,0.5441666666666667,7.259758333333334,1021.0137500000001,15.902104166666668,2016,8,Summer
2016-08-09,22.653935185185187,13.933333333333332,29.90555555555555,22.40416666666667,0.5733333333333334,4.146420833333333,1016.0320833333334,15.851791666666669,2016,8,Summer
2016-08-10,21.575462962962963,14.305555555555555,30.78888888888889,21.704398148148147,0.7050000000000001,12.753883333333334,1012.4029166666666,14.057983333333334,2016,8,Summer
2016-08-11,14.824074074074074,12.8,17.22222222222222,14.824074074074074,0.8725,11.138516666666668,1019.2316666666667,12.1856875,2016,8,Summer
2016-08-12,15.918287037037038,9.816666666666668,22.24444444444445,15.895601851851852,0.7095833333333333,8.302233333333334,1023.7520833333333,12.722354166666667,2016,8,Summer
2016-08-13,17.408333333333335,8.988888888888889,23.83888888888889,17.408333333333335,0.6970833333333334,3.6748250000000002,1025.18625,14.381995833333335,2016,8,Summer
2016-08-14,20.666898148148146,12.666666666666664,27.77777777777778,20.660416666666666,0.6916666666666668,5.916079166666667,1022.9375,13.382454166666667,2016,8,Summer
2016-08-15,22.9875,14.344444444444443,29.86111111111111,22.89837962962963,0.645,6.597645833333334,1019.4404166666667,14.634229166666666,2016,8,Summer
2016-08-16,22.762037037037036,17.59444444444445,28.838888888888885,22.56273148148148,0.5933333333333334,8.190204166666666,1015.4795833333333,15.3614125,2016,8,Summer
2016-08-17,18.49050925925926,14.516666666666667,22.11111111111111,18.49050925925926,0.8208333333333333,8.31565,1011.7720833333333,11.2378,2016,8,Summer
2016-08-18,19.469675925925923,12.888888888888893,25.95,19.469675925925923,0.775,3.819725,1012.6433333333333,10.279850000000001,2016,8,Summer
2016-08-19,21.755787037037038,13.861111111111112,29.838888888888885,21.64513888888889,0.6675,4.234970833333334,1012.9420833333334,14.137141666666666,2016,8,Summer
2016-08-20,22.834953703703704,14.933333333333334,29.92777777777778,23.05300925925926,0.71875,4.096779166666667,1016.3504166666667,12.014625,2016,8,Summer
2016-08-21,24.44050925925926,16.822222222222223,31.988888888888887,24.63611111111111,0.6687500000000001,11.689270833333333,1015.1395833333332,13.4656375,2016,8,Summer
2016-08-22,17.078240740740743,16.044444444444444,19.53333333333333,17.078240740740743,0.9275000000000001,10.434812500000001,1018.5545833333334,8.594045833333334,2016,8,Summer
2016-08-23,19.990972222222222,16.11111111111111,25.0,19.990972222222222,0.7479166666666667,15.138025,1022.3533333333334,12.107870833333335,2016,8,Summer
2016-08-24,21.73657407407407,15.97222222222222,27.75555555555555,21.73402777777778,0.63875,15.17425,1021.6191666666667,15.6331,2016,8,Summer
2016-08-25,22.049999999999997,16.733333333333334,27.75555555555555,22.003703703703703,0.595,14.071399999999999,1020.7654166666666,15.833008333333334,2016,8,Summer
2016-08-26,22.475925925925925,13.844444444444443,30.922222222222217,22.37175925925926,0.6179166666666667,6.5748375,1021.4066666666666,14.797241666666666,2016,8,Summer
2016-08-27,22.599768518518516,13.816666666666666,30.99444444444445,22.342824074074073,0.6158333333333333,3.043570833333334,1021.5991666666667,15.871245833333335,2016,8,Summer
2016-08-28,22.96342592592592,14.349999999999998,31.088888888888885,22.650694444444444,0.6158333333333333,3.0482666666666667,1018.93375,15.06691666666667,2016,8,Summer
2016-08-29,23.556712962962962,13.75,32.12777777777777,23.13726851851852,0.5775,4.674366666666667,1015.8033333333333,15.8081875,2016,8,Summer
2016-08-30,23.02013888888889,17.31111111111111,28.81666666666667,23.044212962962963,0.6283333333333333,13.065150000000001,1018.4345833333333,15.321833333333336,2016,8,Summer
2016-08-31,20.856944444444444,15.13888888888889,27.194444444444443,20.75,0.49374999999999997,12.099150000000002,1021.91375,15.886675000000002,2016,8,Summer
2016-09-01,20.047685185185184,11.994444444444447,28.79444444444444,19.81712962962963,0.54625,4.7481583333333335,1020.8620833333333,15.865879166666668,2016,9,Fall
2016-09-02,20.688194444444445,11.138888888888888,28.911111111111115,20.391666666666666,0.5637500000000001,4.4818375,1018.7475,15.648529166666668,2016,9,Fall
2016-09-03,21.46412037037037,12.733333333333334,28.93333333333333,21.166435185185186,0.5833333333333334,5.272079166666667,1018.3241666666667,15.843741666666668,2016,9,Fall
2016-09-04,22.31851851851852,12.783333333333331,29.95,21.991203703703704,0.5920833333333334,5.612862500000001,1016.1737499999999,15.041425000000002,2016,9,Fall
2016-09-05,16.446296296296296,13.333333333333334,19.74444444444445,16.446296296296296,0.8891666666666667,9.841795833333334,1012.9283333333333,12.223925,2016,9,Fall
2016-09-06,17.572222222222223,11.949999999999998,22.2,17.572222222222223,0.8095833333333333,9.498329166666666,1017.6954166666666,12.3104625,2016,9,Fall
2016-09-07,21.37337962962963,16.116666666666664,28.79444444444444,21.353935185185183,0.7316666666666666,7.6293875,1020.4370833333334,15.173579166666668,2016,9,Fall
2016-09-08,22.49953703703704,15.488888888888887,30.60555555555556,22.159953703703703,0.6158333333333333,6.576179166666667,1016.1333333333333,15.714270833333336,2016,9,Fall
2016-09-09,22.730092592592595,13.872222222222222,31.08333333333333,22.373842592592595,0.5908333333333333,8.722175,1015.0204166666667,15.7800125,2016,9,Fall
2016-09-10,22.942592592592593,16.044444444444444,31.03888888888889,22.733333333333334,0.6070833333333333,7.310741666666668,1015.8887500000001,15.761229166666668,2016,9,Fall
2016-09-11,23.816898148148145,17.15,32.0,23.63773148148148,0.5975,6.415179166666667,1016.9241666666667,14.368579166666668,2016,9,Fall
2016-09-12,23.327314814814812,15.144444444444442,31.76666666666667,23.12986111111111,0.61125,5.3914875,1018.2558333333333,13.522658333333334,2016,9,Fall
2016-09-13,19.936805555555555,14.488888888888887,29.90555555555555,19.891435185185184,0.7791666666666667,6.211245833333334,1016.9033333333333,12.175624999999998,2016,9,Fall
2016-09-14,20.00810185185185,13.144444444444442,27.15,20.024768518518517,0.7566666666666667,3.361545833333334,1015.2358333333333,9.842466666666667,2016,9,Fall
2016-09-15,20.989351851851854,13.822222222222225,28.86111111111111,20.94490740740741,0.7133333333333334,4.394629166666667,1016.2575,12.391633333333333,2016,9,Fall
2016-09-16,22.242824074074075,14.905555555555551,29.92777777777778,22.121064814814815,0.6745833333333334,7.864179166666666,1014.7775,9.486925000000001,2016,9,Fall
2016-09-17,21.18611111111111,15.505555555555553,28.47222222222222,21.16574074074074,0.6983333333333334,9.07235,1010.3858333333333,12.949766666666667,2016,9,Fall
2016-09-18,20.363425925925927,13.705555555555556,25.9,20.363425925925927,0.6529166666666667,7.245,1010.90375,14.532262500000002,2016,9,Fall
2016-09-19,17.120833333333334,16.016666666666666,18.8,17.120833333333334,0.9241666666666667,10.0625,1006.2491666666666,10.222829166666667,2016,9,Fall
2016-09-20,16.01712962962963,12.550000000000002,18.98888888888889,16.01712962962963,0.7145833333333332,16.844625,1010.6854166666667,11.598708333333335,2016,9,Fall
2016-09-21,10.511342592592593,8.994444444444444,12.405555555555557,10.511342592592593,0.7770833333333332,4.2644875,1017.3833333333333,15.677375,2016,9,Fall
2016-09-22,12.81087962962963,8.177777777777777,17.805555555555557,12.620833333333332,0.7358333333333333,6.970629166666668,1021.00875,13.511925,2016,9,Fall
2016-09-23,12.94699074074074,5.955555555555555,20.04444444444444,12.94699074074074,0.7079166666666667,4.802495833333333,1025.3495833333334,12.855179166666666,2016,9,Fall
2016-09-24,14.568055555555555,6.600000000000001,22.2,14.568055555555555,0.71625,3.4796125,1025.91,13.151687500000001,2016,9,Fall
2016-09-25,14.02175925925926,7.777777777777778,20.08888888888889,13.963888888888889,0.7433333333333333,7.4643625,1021.72625,12.712962500000001,2016,9,Fall
2016-09-26,14.090740740740742,7.805555555555554,21.06111111111111,13.85300925925926,0.6695833333333333,7.020270833333334,1021.8166666666666,15.342629166666669,2016,9,Fall
2016-09-27,13.082407407407407,6.177777777777776,22.127777777777776,13.039583333333333,0.6933333333333334,2.8282333333333334,1025.6008333333332,14.064020833333336,2016,9,Fall
2016-09-28,15.069907407407406,6.022222222222224,22.800000000000004,15.069907407407406,0.6179166666666667,6.100558333333333,1028.23875,14.913295833333335,2016,9,Fall
2016-09-29,16.849999999999998,8.944444444444445,25.04444444444444,16.790046296296296,0.6625,8.314308333333335,1024.08125,15.167541666666667,2016,9,Fall
2016-09-30,16.994212962962965,9.883333333333333,25.09444444444445,16.888425925925926,0.6891666666666666,7.6696375,1019.1875,13.846670833333334,2016,9,Fall
2016-10-01,16.968287037037037,10.488888888888887,25.04444444444444,16.968287037037037,0.6629166666666667,10.361691666666667,1015.9633333333333,12.981295833333334,2016,10,Fall
2016-10-02,17.524305555555557,9.97777777777778,24.88333333333334,17.474305555555556,0.7158333333333333,9.2112125,1014.8325,11.613466666666667,2016,10,Fall
2016-10-03,14.774074074074074,12.066666666666666,18.72777777777777,14.774074074074074,0.8433333333333333,13.715858333333335,1018.05125,9.708970833333334,2016,10,Fall
2016-10-04,11.304398148148147,9.972222222222223,12.31111111111111,11.083101851851852,0.8808333333333334,18.284904166666667,1017.38,12.280945833333334,2016,10,Fall
2016-10-05,8.571990740740741,5.533333333333334,12.155555555555557,6.474768518518519,0.7087499999999999,17.471183333333332,1018.9241666666667,13.62865,2016,10,Fall
2016-10-06,7.568981481481482,5.727777777777779,9.47777777777778,5.209722222222222,0.85125,13.852708333333334,1015.71,12.466766666666667,2016,10,Fall
2016-10-07,7.942592592592593,5.794444444444444,10.372222222222224,6.784259259259259,0.9025,8.506166666666667,1016.7970833333334,10.693083333333334,2016,10,Fall
2016-10-08,7.16574074074074,1.988888888888888,12.266666666666666,6.814351851851851,0.7795833333333334,6.089825,1019.0170833333333,10.9500125,2016,10,Fall
2016-10-09,7.317592592592592,1.25,13.977777777777776,7.2407407407407405,0.7845833333333333,3.7674000000000003,1022.4716666666667,9.702933333333334,2016,10,Fall
2016-10-10,8.929166666666665,0.994444444444444,14.949999999999998,8.752546296296297,0.7395833333333334,9.295066666666667,1019.7970833333334,9.939737500000001,2016,10,Fall
2016-10-11,8.207175925925926,7.222222222222222,8.95,6.8819444444444455,0.9483333333333334,8.473295833333333,1012.6783333333333,3.794904166666667,2016,10,Fall
2016-10-12,8.603935185185184,7.416666666666667,9.7,5.996990740740741,0.9104166666666668,17.089479166666667,1010.40625,5.275433333333333,2016,10,Fall
2016-10-13,8.550925925925926,4.811111111111109,12.244444444444444,7.264583333333333,0.82,10.059145833333334,1019.6941666666667,9.811608333333334,2016,10,Fall
2016-10-14,9.16087962962963,4.122222222222224,14.22777777777778,8.15787037037037,0.7691666666666667,10.808466666666668,1021.9183333333334,10.012187500000001,2016,10,Fall
2016-10-15,11.853472222222223,7.938888888888887,16.288888888888888,11.262500000000001,0.7512500000000001,11.508816666666666,1018.5470833333334,12.03475,2016,10,Fall
2016-10-16,12.311574074074073,10.816666666666666,14.81111111111111,12.311574074074073,0.8979166666666667,5.454545833333333,1021.4604166666667,4.5724,2016,10,Fall
2016-10-17,10.777777777777779,8.127777777777778,12.444444444444445,10.194444444444445,0.7916666666666666,16.1945875,1028.3820833333332,10.393891666666667,2016,10,Fall
2016-10-18,9.438194444444443,7.083333333333333,12.677777777777775,8.066203703703705,0.6929166666666666,13.9405875,1025.3308333333332,12.398341666666667,2016,10,Fall
2016-10-19,9.096990740740742,6.922222222222223,11.86111111111111,8.198148148148148,0.7425,9.837770833333334,1021.96625,13.408616666666667,2016,10,Fall
2016-10-20,10.107175925925926,5.238888888888889,15.738888888888887,8.885648148148148,0.7441666666666666,17.344395833333333,1016.6091666666666,14.347112500000001,2016,10,Fall
2016-10-21,10.103703703703705,8.038888888888888,12.0,9.328472222222222,0.9020833333333332,11.341779166666667,1014.1966666666667,8.125133333333334,2016,10,Fall
2016-10-22,8.97777777777778,4.783333333333333,14.194444444444445,7.938425925925927,0.7866666666666666,8.6457,1017.4420833333334,10.419383333333334,2016,10,Fall
2016-10-23,8.365046296296295,3.4722222222222223,13.533333333333331,7.427777777777777,0.8616666666666667,7.2671375000000005,1020.9812499999999,4.289979166666667,2016,10,Fall
2016-10-24,11.640972222222222,6.111111111111111,17.25,10.92800925925926,0.83625,14.361870833333334,1023.165,6.781454166666667,2016,10,Fall
2016-10-25,13.985879629629629,9.794444444444444,19.844444444444445,13.456249999999999,0.7958333333333334,16.020841666666666,1022.3479166666666,9.164925000000002,2016,10,Fall
2016-10-26,11.189351851851853,6.083333333333335,15.194444444444445,10.581712962962962,0.8654166666666666,11.612125,1022.4795833333333,0.0,2016,10,Fall
2016-10-27,6.933796296296297,2.7888888888888905,13.033333333333337,5.044444444444445,0.7608333333333334,11.709395833333334,1029.8145833333333,0.0,2016,10,Fall
2016-10-28,6.5398148148148145,1.2555555555555544,12.96111111111111,5.286111111111111,0.7333333333333334,6.791516666666666,1032.8470833333333,0.0,2016,10,Fall
2016-10-29,9.07824074074074,5.438888888888888,14.366666666666667,7.215277777777778,0.755,17.29072916666667,1027.6266666666668,0.0,2016,10,Fall
2016-10-30,6.790740740740741,3.5999999999999983,11.83888888888889,4.79837962962963,0.7404166666666666,13.498508333333334,1026.0733333333335,0.0,2016,10,Fall
2016-10-31,6.909953703703703,1.8944444444444424,13.02222222222222,5.841435185185184,0.8220833333333334,8.765779166666666,1023.24625,0.0,2016,10,Fall
2016-11-01,7.785185185185185,4.21111111111111,12.633333333333336,7.188657407407407,0.8395833333333332,4.452320833333334,1021.2704166666667,0.0,2016,11,Fall
2016-11-02,7.995601851851852,5.550000000000001,11.11111111111111,7.099537037037037,0.8112499999999999,6.9733125,1019.6191666666667,0.5178833333333334,2016,11,Fall
2016-11-03,7.433796296296296,4.43888888888889,11.172222222222222,5.935416666666668,0.8183333333333334,10.073904166666667,1019.5570833333333,9.910220833333334,2016,11,Fall
2016-11-04,7.247685185185186,4.27777777777778,10.955555555555556,5.713657407407407,0.8220833333333334,10.123545833333333,1019.5033333333334,9.824354166666668,2016,11,Fall
2016-11-05,7.062962962962963,4.1166666666666645,10.738888888888887,5.42962962962963,0.8250000000000001,10.186604166666667,1019.4495833333334,9.7384875,2016,11,Fall
2016-11-06,6.879398148148148,3.9611111111111126,10.52777777777778,5.132638888888889,0.8266666666666667,10.239600000000001,1019.3962499999999,9.657316666666667,2016,11,Fall
2016-11-07,6.6967592592592595,3.800000000000002,10.316666666666666,4.915972222222223,0.82875,10.283204166666666,1019.3449999999999,9.576145833333333,2016,11,Fall
2016-11-08,6.515046296296297,3.6444444444444457,10.105555555555554,4.617361111111111,0.8312499999999999,10.373095833333334,1019.2975,9.495645833333333,2016,11,Fall
2016-11-09,6.335648148148148,3.4888888888888894,9.894444444444446,4.225231481481481,0.8345833333333333,10.477075000000001,1019.2529166666667,9.415145833333334,2016,11,Fall
2016-11-10,6.156712962962963,3.333333333333333,9.688888888888888,3.993981481481482,0.8366666666666668,10.558245833333334,1019.21125,9.335316666666667,2016,11,Fall
2016-11-11,5.97986111111111,3.177777777777777,9.483333333333333,3.7729166666666667,0.83875,10.595141666666668,1019.1737499999999,9.256829166666668,2016,11,Fall
2016-11-12,5.804166666666667,3.0277777777777795,9.27777777777778,3.5620370370370367,0.8416666666666667,10.593129166666667,1019.14,9.181695833333334,2016,11,Fall
2016-11-13,5.631018518518519,2.8777777777777778,9.07777777777778,3.3625000000000003,0.8441666666666667,10.5455,1019.1145833333334,9.107233333333333,2016,11,Fall
2016-11-14,5.458796296296296,2.727777777777776,8.877777777777775,3.1837962962962965,0.8454166666666666,10.417370833333333,1019.09125,9.0300875,2016,11,Fall
2016-11-15,5.28888888888889,2.577777777777778,8.677777777777777,2.9907407407407405,0.84875,10.363704166666666,1019.07375,8.958308333333333,2016,11,Fall
2016-11-16,5.1194444444444445,2.433333333333335,8.483333333333336,2.7671296296296295,0.8504166666666667,10.459633333333334,1019.0629166666666,8.882504166666667,2016,11,Fall
2016-11-17,4.952546296296297,2.2888888888888874,8.28888888888889,2.5414351851851853,0.8520833333333333,10.5756875,1019.0575,8.809383333333335,2016,11,Fall
2016-11-18,4.788657407407407,2.144444444444444,8.1,2.3256944444444443,0.8545833333333334,10.662225000000001,1019.0558333333333,8.737604166666667,2016,11,Fall
2016-11-19,4.625231481481482,2.000000000000001,7.911111111111113,2.113888888888889,0.8574999999999999,10.738700000000001,1019.0608333333333,8.668508333333333,2016,11,Fall
2016-11-20,4.464351851851852,1.861111111111112,7.722222222222222,1.9076388888888889,0.8583333333333334,10.805783333333332,1019.0716666666667,8.596729166666668,2016,11,Fall
2016-11-21,4.3055555555555545,1.722222222222223,7.538888888888888,1.7094907407407407,0.8604166666666666,10.847375,1019.0845833333333,8.528304166666667,2016,11,Fall
2016-11-22,4.148842592592593,1.583333333333334,7.361111111111111,1.5175925925925926,0.8629166666666667,10.869512499999999,1019.1045833333333,8.46055,2016,11,Fall
2016-11-23,3.9944444444444436,1.4499999999999995,7.183333333333334,1.3250000000000002,0.8645833333333334,10.904395833333334,1019.1266666666667,8.393466666666667,2016,11,Fall
2016-11-24,3.8409722222222222,1.311111111111111,7.005555555555556,1.1305555555555558,0.86625,10.9500125,1019.1550000000001,8.3257125,2016,11,Fall
2016-11-25,3.690972222222222,1.1722222222222218,6.833333333333332,0.9402777777777781,0.86875,10.985566666666665,1019.185,8.2613125,2016,11,Fall
2016-11-26,3.5428240740740744,1.0388888888888874,6.661111111111112,0.7576388888888888,0.87,11.000324999999998,1019.2183333333334,8.197583333333334,2016,11,Fall
2016-11-27,3.3965277777777776,0.905555555555557,6.494444444444444,0.5803240740740742,0.8708333333333332,11.0063625,1019.2541666666666,8.136537500000001,2016,11,Fall
2016-11-28,3.2530092592592594,0.777777777777777,6.327777777777778,0.407175925925926,0.8725,11.009716666666668,1019.2916666666666,8.073479166666667,2016,11,Fall
2016-11-29,3.112037037037037,0.6500000000000009,6.166666666666668,0.23819444444444418,0.875,11.007033333333332,1019.3295833333333,8.013775,2016,11,Fall
2016-11-30,2.9729166666666664,0.5222222222222209,6.005555555555556,0.0726851851851855,0.8770833333333333,11.007704166666668,1019.3704166666666,7.9594375,2016,11,Fall
2016-12-01,2.837037037037037,0.3999999999999993,5.8500000000000005,-0.0958333333333334,0.8783333333333333,11.023804166666666,1019.41125,7.903758333333333,2016,12,Winter
2016-12-02,2.703240740740741,0.2777777777777778,5.694444444444445,-0.26342592592592584,0.87875,11.0586875,1019.4529166666666,7.849420833333333,2016,12,Winter
2016-12-03,2.5722222222222224,0.1555555555555562,5.5444444444444425,-0.4270833333333334,0.8804166666666666,11.082166666666666,1019.4933333333333,7.8004500000000005,2016,12,Winter
2016-12-04,2.443981481481481,0.038888888888889,5.4,-0.5833333333333334,0.8808333333333334,11.091558333333333,1019.5345833333334,7.751479166666667,2016,12,Winter
2016-12-05,2.3173611111111114,-0.0777777777777781,5.255555555555556,-0.7344907407407409,0.8825,11.091558333333333,1019.5749999999999,7.7078750000000005,2016,12,Winter
2016-12-06,2.194212962962963,-0.1888888888888888,5.1111111111111125,-0.8831018518518517,0.8841666666666667,11.088204166666666,1019.6145833333334,7.666283333333333,2016,12,Winter
2016-12-07,2.073148148148148,-0.2999999999999995,4.972222222222224,-1.024768518518519,0.8849999999999999,11.072104166666668,1019.6541666666667,7.624020833333334,2016,12,Winter
2016-12-08,1.9557870370370372,-0.4055555555555558,4.8388888888888895,-1.1611111111111112,0.8866666666666667,11.0466125,1019.6916666666666,7.587795833333334,2016,12,Winter
2016-12-09,1.840972222222222,-0.5111111111111121,4.7111111111111095,-1.2976851851851852,0.8866666666666667,11.033195833333332,1019.7287500000001,7.553583333333333,2016,12,Winter
2016-12-10,1.729398148148148,-0.6166666666666664,4.583333333333333,-1.4356481481481482,0.8870833333333333,11.039233333333334,1019.765,7.5213833333333335,2016,12,Winter
2016-12-11,1.6192129629629628,-0.7166666666666662,4.4555555555555575,-1.5703703703703702,0.8879166666666666,11.05265,1019.79875,7.491866666666667,2016,12,Winter
2016-12-12,1.5122685185185185,-0.816666666666666,4.333333333333332,-1.702546296296296,0.8887499999999999,11.076129166666666,1019.8333333333334,7.4643625,2016,12,Winter
2016-12-13,1.4092592592592597,-0.9111111111111114,4.216666666666669,-1.8307870370370372,0.89,11.089545833333334,1019.8658333333333,7.441554166666667,2016,12,Winter
2016-12-14,1.3076388888888888,-1.0055555555555549,4.105555555555556,-1.9520833333333332,0.8904166666666667,11.0949125,1019.8983333333334,7.418075000000001,2016,12,Winter
2016-12-15,1.2115740740740744,-1.094444444444444,3.994444444444443,-2.0664351851851848,0.8904166666666667,11.085520833333334,1019.9304166666667,7.399291666666667,2016,12,Winter
2016-12-16,1.1159722222222221,-1.183333333333333,3.883333333333335,-2.178703703703704,0.8908333333333333,11.083508333333334,1019.9620833333333,7.38185,2016,12,Winter
2016-12-17,1.0243055555555556,-1.2722222222222217,3.783333333333335,-2.293287037037037,0.89125,11.093570833333333,1019.9933333333333,7.365750000000001,2016,12,Winter
2016-12-18,0.9354166666666668,-1.3555555555555563,3.683333333333335,-2.404166666666667,0.8916666666666666,11.109,1020.0241666666666,7.3530041666666675,2016,12,Winter
2016-12-19,0.8500000000000004,-1.4333333333333325,3.588888888888889,-2.508796296296296,0.8916666666666666,11.113695833333333,1020.0541666666667,7.342270833333334,2016,12,Winter
2016-12-20,0.7668981481481483,-1.5111111111111104,3.494444444444444,-2.6057870370370373,0.8916666666666666,11.0989375,1020.0858333333334,7.3315375,2016,12,Winter
2016-12-21,0.6879629629629628,-1.583333333333334,3.405555555555557,-2.69375,0.8920833333333333,11.065395833333334,1020.1158333333333,7.3234875,2016,12,Winter
2016-12-22,0.6115740740740739,-1.655555555555556,3.3222222222222206,-2.767361111111111,0.8916666666666666,10.993616666666666,1020.1475,7.316108333333333,2016,12,Winter
2016-12-23,0.5386574074074072,-1.7277777777777774,3.238888888888888,-2.8249999999999997,0.8916666666666666,10.883600000000001,1020.17875,7.312754166666667,2016,12,Winter
2016-12-24,0.46898148148148167,-1.7944444444444447,3.1611111111111097,-2.910648148148148,0.89125,10.8936625,1020.2108333333334,7.305375000000001,2016,12,Winter
2016-12-25,0.4023148148148153,-1.8555555555555556,3.0888888888888903,-3.0053240740740743,0.8904166666666667,10.955379166666667,1020.2433333333333,7.304033333333334,2016,12,Winter
2016-12-26,0.3384259259259261,-1.9166666666666663,3.0166666666666666,-3.0863425925925925,0.89,10.974833333333335,1020.2741666666666,7.3033624999999995,2016,12,Winter
2016-12-27,0.2780092592592592,-1.977777777777777,2.950000000000001,-3.160416666666667,0.89,10.979529166666666,1020.3058333333333,7.3033624999999995,2016,12,Winter
2016-12-28,0.22222222222222235,-2.033333333333333,2.8888888888888906,-3.225925925925926,0.89,10.968125,1020.3358333333334,7.304704166666667,2016,12,Winter
2016-12-29,0.16782407407407404,-2.083333333333333,2.82777777777778,-3.265509259259259,0.8895833333333334,10.876891666666667,1020.3670833333334,7.3100708333333335,2016,12,Winter
2016-12-30,0.11759259259259253,-2.1333333333333333,2.7777777777777777,-3.309259259259259,0.8891666666666667,10.810479166666667,1020.3962499999999,7.316779166666667,2016,12,Winter
2016-12-31,0.11352657004830922,-2.177777777777779,2.722222222222221,-3.3207729468599028,0.8865217391304349,10.8367,1020.4130434782609,7.213500000000001,2016,12,Winter
